"EFF_DATE","SITE_NO","SITE_TYPE_CODE","STATE_CODE","ARPT_ID","CITY","COUNTRY_CODE","RWY_ID","RWY_LEN","RWY_WIDTH","SURFACE_TYPE_CODE","COND","TREATMENT_CODE","PCN","PAVEMENT_TYPE_CODE","SUBGRADE_STRENGTH_CODE","TIRE_PRES_CODE","DTRM_METHOD_CODE","RWY_LGT_CODE","RWY_LEN_SOURCE","LENGTH_SOURCE_DATE","GROSS_WT_SW","GROSS_WT_DW","GROSS_WT_DTW","GROSS_WT_DDTW","File","Action","Mods"
"2024/12/26","00682.3","A","AZ","5AZ9","FORT THOMAS","US","17/35","3000","50","DIRT","","NONE","","","","","","","","","","","","","2","Deleted",""
"2024/12/26","00907.5","A","AR","12XS","BUTLERVILLE","US","18/36","2450","40","TURF","","NONE","","","","","","","","","","","","","2","Deleted",""
"2024/12/26","01353.","A","CA","BUR","BURBANK","US","08/26","5802","150","ASPH-CONC","EXCELLENT","GRVD","58","R","B","W","T","HIGH","3RD PARTY SURVEY","2017/08/06","120","201","352","839","1","Modified","PCN PAVEMENT_TYPE_CODE SUBGRADE_STRENGTH_CODE TIRE_PRES_CODE DTRM_METHOD_CODE"
"2025/01/23","01353.","A","CA","BUR","BURBANK","US","08/26","5802","150","ASPH-CONC","EXCELLENT","GRVD","","","","","","HIGH","3RD PARTY SURVEY","2017/08/06","120","201","352","839","2","Modified","PCN PAVEMENT_TYPE_CODE SUBGRADE_STRENGTH_CODE TIRE_PRES_CODE DTRM_METHOD_CODE"
"2024/12/26","01353.","A","CA","BUR","BURBANK","US","15/33","6886","150","ASPH-CONC","EXCELLENT","GRVD","58","R","B","W","T","MED","3RD PARTY SURVEY","2017/08/06","120","201","352","839","1","Modified","PCN PAVEMENT_TYPE_CODE SUBGRADE_STRENGTH_CODE TIRE_PRES_CODE DTRM_METHOD_CODE"
"2025/01/23","01353.","A","CA","BUR","BURBANK","US","15/33","6886","150","ASPH-CONC","EXCELLENT","GRVD","","","","","","MED","3RD PARTY SURVEY","2017/08/06","120","201","352","839","2","Modified","PCN PAVEMENT_TYPE_CODE SUBGRADE_STRENGTH_CODE TIRE_PRES_CODE DTRM_METHOD_CODE"
"2024/12/26","01363.01","H","CA","CN70","CALIPATRIA","US","H1","57","57","CONC","","NONE","","","","","","PERI","OWNER","2023/11/06","","","","","1","Modified","COND"
"2025/01/23","01363.01","H","CA","CN70","CALIPATRIA","US","H1","57","57","CONC","EXCELLENT","NONE","","","","","","PERI","OWNER","2023/11/06","","","","","2","Modified","COND"
"2024/12/26","01437.","A","CA","CCR","CONCORD","US","01L/19R","5001","150","ASPH-CONC","GOOD","GRVD","124","F","C","W","T","HIGH","3RD PARTY SURVEY","2018/05/31","60","90","140","","1","Modified","PCN PAVEMENT_TYPE_CODE SUBGRADE_STRENGTH_CODE TIRE_PRES_CODE DTRM_METHOD_CODE GROSS_WT_SW GROSS_WT_DW GROSS_WT_DTW"
"2025/01/23","01437.","A","CA","CCR","CONCORD","US","01L/19R","5001","150","ASPH-CONC","GOOD","GRVD","","","","","","HIGH","3RD PARTY SURVEY","2018/05/31","83","121","189","","2","Modified","PCN PAVEMENT_TYPE_CODE SUBGRADE_STRENGTH_CODE TIRE_PRES_CODE DTRM_METHOD_CODE GROSS_WT_SW GROSS_WT_DW GROSS_WT_DTW"
"2024/12/26","01497.012","H","CA","5CA6","DELANO","US","H1","215","146","CONC","","NONE","","","","","","","","","","","","","2","Deleted",""
"2024/12/26","01626.","A","CA","GOO","GRASS VALLEY","US","07/25","4657","75","ASPH","GOOD","NONE","","","","","","MED","3RD PARTY SURVEY","2016/07/25","30","","","","1","Modified","LENGTH_SOURCE_DATE"
"2025/01/23","01626.","A","CA","GOO","GRASS VALLEY","US","07/25","4657","75","ASPH","GOOD","NONE","","","","","","MED","3RD PARTY SURVEY","2024/04/16","30","","","","2","Modified","LENGTH_SOURCE_DATE"
"2024/12/26","01794.","A","CA","LGB","LONG BEACH","US","08L/26R","6192","150","ASPH","EXCELLENT","GRVD","54","F","B","W","T","MED","3RD PARTY SURVEY","2016/01/13","30","70","110","","1","Modified","PCN PAVEMENT_TYPE_CODE SUBGRADE_STRENGTH_CODE TIRE_PRES_CODE DTRM_METHOD_CODE GROSS_WT_SW GROSS_WT_DW GROSS_WT_DTW GROSS_WT_DDTW"
"2025/01/23","01794.","A","CA","LGB","LONG BEACH","US","08L/26R","6192","150","ASPH","EXCELLENT","GRVD","","","","","","MED","3RD PARTY SURVEY","2016/01/13","120","239","411","946","2","Modified","PCN PAVEMENT_TYPE_CODE SUBGRADE_STRENGTH_CODE TIRE_PRES_CODE DTRM_METHOD_CODE GROSS_WT_SW GROSS_WT_DW GROSS_WT_DTW GROSS_WT_DDTW"
"2024/12/26","01794.","A","CA","LGB","LONG BEACH","US","08R/26L","3918","100","ASPH","GOOD","NONE","61","F","C","X","U","HIGH","STATE","2017/01/20","30","75","","","1","Modified","PCN PAVEMENT_TYPE_CODE SUBGRADE_STRENGTH_CODE TIRE_PRES_CODE DTRM_METHOD_CODE GROSS_WT_SW GROSS_WT_DW GROSS_WT_DTW"
"2025/01/23","01794.","A","CA","LGB","LONG BEACH","US","08R/26L","3918","100","ASPH","GOOD","NONE","","","","","","HIGH","STATE","2017/01/20","75","109","176","","2","Modified","PCN PAVEMENT_TYPE_CODE SUBGRADE_STRENGTH_CODE TIRE_PRES_CODE DTRM_METHOD_CODE GROSS_WT_SW GROSS_WT_DW GROSS_WT_DTW"
"2024/12/26","01794.","A","CA","LGB","LONG BEACH","US","12/30","10000","200","ASPH","GOOD","GRVD","62","F","A","X","T","HIGH","3RD PARTY SURVEY","2016/01/13","30","200","300","","1","Modified","PCN PAVEMENT_TYPE_CODE SUBGRADE_STRENGTH_CODE TIRE_PRES_CODE DTRM_METHOD_CODE GROSS_WT_SW GROSS_WT_DW GROSS_WT_DTW GROSS_WT_DDTW"
"2025/01/23","01794.","A","CA","LGB","LONG BEACH","US","12/30","10000","200","ASPH","GOOD","GRVD","","","","","","HIGH","3RD PARTY SURVEY","2016/01/13","120","250","550","1120","2","Modified","PCN PAVEMENT_TYPE_CODE SUBGRADE_STRENGTH_CODE TIRE_PRES_CODE DTRM_METHOD_CODE GROSS_WT_SW GROSS_WT_DW GROSS_WT_DTW GROSS_WT_DDTW"
"2024/12/26","01817.47","H","CA","CL71","LOS ANGELES","US","H1","120","60","CONC","","NONE","","","","","","PERI","","","","","","","2","Deleted",""
"2024/12/26","02089.","A","CA","RDD","REDDING","US","12/30","5067","150","ASPH","FAIR","NONE","60","F","C","X","T","MED","3RD PARTY SURVEY","2022/08/27","60","72","110","","1","Modified","PCN PAVEMENT_TYPE_CODE SUBGRADE_STRENGTH_CODE TIRE_PRES_CODE DTRM_METHOD_CODE"
"2025/01/23","02089.","A","CA","RDD","REDDING","US","12/30","5067","150","ASPH","FAIR","NONE","","","","","","MED","3RD PARTY SURVEY","2022/08/27","60","72","110","","2","Modified","PCN PAVEMENT_TYPE_CODE SUBGRADE_STRENGTH_CODE TIRE_PRES_CODE DTRM_METHOD_CODE"
"2024/12/26","02089.","A","CA","RDD","REDDING","US","16/34","7003","150","ASPH","FAIR","GRVD","60","F","C","X","T","HIGH","3RD PARTY SURVEY","2022/08/27","98","128","195","","1","Modified","PCN PAVEMENT_TYPE_CODE SUBGRADE_STRENGTH_CODE TIRE_PRES_CODE DTRM_METHOD_CODE"
"2025/01/23","02089.","A","CA","RDD","REDDING","US","16/34","7003","150","ASPH","FAIR","GRVD","","","","","","HIGH","3RD PARTY SURVEY","2022/08/27","98","128","195","","2","Modified","PCN PAVEMENT_TYPE_CODE SUBGRADE_STRENGTH_CODE TIRE_PRES_CODE DTRM_METHOD_CODE"
"2024/12/26","02126.","A","CA","MHR","SACRAMENTO","US","04L/22R","6081","150","ASPH","GOOD","NONE","","","","","","MED","3RD PARTY SURVEY","2017/12/22","90","105","190","","1","Modified","RWY_LGT_CODE"
"2025/01/23","02126.","A","CA","MHR","SACRAMENTO","US","04L/22R","6081","150","ASPH","GOOD","NONE","","","","","","","3RD PARTY SURVEY","2017/12/22","90","105","190","","2","Modified","RWY_LGT_CODE"
"2024/12/26","02692.","A","CO","MTJ","MONTROSE","US","13/31","7510","100","ASPH","GOOD","GRVD","13","F","D","X","T","HIGH","3RD PARTY SURVEY","2016/05/17","65","90","150","","1","Modified","PCN PAVEMENT_TYPE_CODE SUBGRADE_STRENGTH_CODE TIRE_PRES_CODE DTRM_METHOD_CODE"
"2025/01/23","02692.","A","CO","MTJ","MONTROSE","US","13/31","7510","100","ASPH","GOOD","GRVD","","","","","","HIGH","3RD PARTY SURVEY","2016/05/17","65","90","150","","2","Modified","PCN PAVEMENT_TYPE_CODE SUBGRADE_STRENGTH_CODE TIRE_PRES_CODE DTRM_METHOD_CODE"
"2024/12/26","02692.","A","CO","MTJ","MONTROSE","US","17/35","10000","150","ASPH","GOOD","GRVD","61","F","C","X","T","HIGH","3RD PARTY SURVEY","2016/05/17","75","190","265","","1","Modified","PCN PAVEMENT_TYPE_CODE SUBGRADE_STRENGTH_CODE TIRE_PRES_CODE DTRM_METHOD_CODE"
"2025/01/23","02692.","A","CO","MTJ","MONTROSE","US","17/35","10000","150","ASPH","GOOD","GRVD","","","","","","HIGH","3RD PARTY SURVEY","2016/05/17","75","190","265","","2","Modified","PCN PAVEMENT_TYPE_CODE SUBGRADE_STRENGTH_CODE TIRE_PRES_CODE DTRM_METHOD_CODE"
"2024/12/26","02742.81","H","CO","CD22","THORNTON","US","H1","40","40","CONC","","NONE","","","","","","","","","","","","","1","Modified","COND RWY_LGT_CODE RWY_LEN_SOURCE LENGTH_SOURCE_DATE"
"2025/01/23","02742.81","H","CO","CD22","THORNTON","US","H1","40","40","CONC","FAIR","NONE","","","","","","PERI","ADO","2024/12/02","","","","","2","Modified","COND RWY_LGT_CODE RWY_LEN_SOURCE LENGTH_SOURCE_DATE"
"2024/12/26","02858.","A","CT","HVN","NEW HAVEN","US","02/20","5600","150","ASPH","EXCELLENT","GRVD","57","F","C","X","T","HIGH","3RD PARTY SURVEY","2017/01/09","110","160","","","1","Modified","PCN PAVEMENT_TYPE_CODE SUBGRADE_STRENGTH_CODE TIRE_PRES_CODE DTRM_METHOD_CODE"
"2025/01/23","02858.","A","CT","HVN","NEW HAVEN","US","02/20","5600","150","ASPH","EXCELLENT","GRVD","","","","","","HIGH","3RD PARTY SURVEY","2017/01/09","110","160","","","2","Modified","PCN PAVEMENT_TYPE_CODE SUBGRADE_STRENGTH_CODE TIRE_PRES_CODE DTRM_METHOD_CODE"
"2024/12/26","03006.4","H","DC","JPN","WASHINGTON","US","H1","82","82","ASPH","","NONE","","","","","","PERI","MILITARY","2003/05/28","","","","","1","Modified","RWY_LEN RWY_WIDTH SURFACE_TYPE_CODE LENGTH_SOURCE_DATE"
"2025/01/23","03006.4","H","DC","JPN","WASHINGTON","US","H1","100","100","CONC","","NONE","","","","","","PERI","MILITARY","2024/11/14","","","","","2","Modified","RWY_LEN RWY_WIDTH SURFACE_TYPE_CODE LENGTH_SOURCE_DATE"
"2024/12/26","03033.2","A","FL","0J8","ARCHER","US","18/36","3200","170","TURF","FAIR","NONE","","","","","","NSTD","","","","","","","1","Modified","RWY_LEN RWY_WIDTH RWY_LEN_SOURCE LENGTH_SOURCE_DATE"
"2025/01/23","03033.2","A","FL","0J8","ARCHER","US","18/36","3917","175","TURF","FAIR","NONE","","","","","","NSTD","OWNER","2024/12/11","","","","","2","Modified","RWY_LEN RWY_WIDTH RWY_LEN_SOURCE LENGTH_SOURCE_DATE"
"2024/12/26","03083.","A","FL","BKV","BROOKSVILLE","US","03/21","4200","150","CONC","GOOD","NONE","26","R","C","W","T","MED","3RD PARTY SURVEY","2023/12/21","50","75","135","","1","Modified","COND"
"2025/01/23","03083.","A","FL","BKV","BROOKSVILLE","US","03/21","4200","150","CONC","FAIR","NONE","26","R","C","W","T","MED","3RD PARTY SURVEY","2023/12/21","50","75","135","","2","Modified","COND"
"2024/12/26","03093.19","H","FL","3FA6","BUSHNELL","US","H1","40","40","CONC","","NONE","","","","","","","","","","","","","1","Modified","RWY_LEN_SOURCE LENGTH_SOURCE_DATE"
"2025/01/23","03093.19","H","FL","3FA6","BUSHNELL","US","H1","40","40","CONC","","NONE","","","","","","","OWNER","2024/11/26","","","","","2","Modified","RWY_LEN_SOURCE LENGTH_SOURCE_DATE"
"2024/12/26","03319.02","H","FL","FL53","MARIANNA","US","H1","24","24","CONC","","NONE","","","","","","FLD","","","","","","","1","Modified","RWY_LEN_SOURCE LENGTH_SOURCE_DATE"
"2025/01/23","03319.02","H","FL","FL53","MARIANNA","US","H1","24","24","CONC","","NONE","","","","","","FLD","OWNER","2024/11/26","","","","","2","Modified","RWY_LEN_SOURCE LENGTH_SOURCE_DATE"
"2024/12/26","03319.2","H","FL","69FL","MARIANNA","US","H1","450","400","TURF","","NONE","","","","","","","OWNER","2014/07/16","","","","","2","Deleted",""
"2024/12/26","03396.002","H","FL","60FA","OKEECHOBEE","US","H1","20","20","CONC","","NONE","","","","","","","","","","","","","1","Modified","RWY_LEN RWY_WIDTH"
"2025/01/23","03396.002","H","FL","60FA","OKEECHOBEE","US","H1","35","35","CONC","","NONE","","","","","","","","","","","","","2","Modified","RWY_LEN RWY_WIDTH"
"2024/12/26","03421.","A","FL","28J","PALATKA","US","09/27","6000","100","ASPH","GOOD","NONE","28","F","A","X","T","MED","3RD PARTY SURVEY","2008/07/24","21","60","","","1","Modified","GROSS_WT_SW GROSS_WT_DW"
"2025/01/23","03421.","A","FL","28J","PALATKA","US","09/27","6000","100","ASPH","GOOD","NONE","28","F","A","X","T","MED","3RD PARTY SURVEY","2008/07/24","79","116","","","2","Modified","GROSS_WT_SW GROSS_WT_DW"
"2024/12/26","03421.","A","FL","28J","PALATKA","US","17/35","3510","75","ASPH","GOOD","NONE","22","F","B","X","T","MED","3RD PARTY SURVEY","2008/07/24","31","60","","","1","Modified","GROSS_WT_SW GROSS_WT_DW"
"2025/01/23","03421.","A","FL","28J","PALATKA","US","17/35","3510","75","ASPH","GOOD","NONE","22","F","B","X","T","MED","3RD PARTY SURVEY","2008/07/24","61","87","","","2","Modified","GROSS_WT_SW GROSS_WT_DW"
"2024/12/26","03474.","A","FL","SPG","ST PETERSBURG","US","07/25","3676","75","ASPH","EXCELLENT","NONE","9","F","B","X","T","MED","3RD PARTY SURVEY","0022/04/22","60","105","190","","1","Modified","COND"
"2025/01/23","03474.","A","FL","SPG","ST PETERSBURG","US","07/25","3676","75","ASPH","GOOD","NONE","9","F","B","X","T","MED","3RD PARTY SURVEY","0022/04/22","60","105","190","","2","Modified","COND"
"2024/12/26","03509.1","A","FL","TLH","TALLAHASSEE","US","18/36","7000","150","ASPH","POOR","GRVD","47","F","A","X","T","HIGH","3RD PARTY SURVEY","2017/02/22","115","170","330","","1","Modified","COND"
"2025/01/23","03509.1","A","FL","TLH","TALLAHASSEE","US","18/36","7000","150","ASPH","EXCELLENT","GRVD","47","F","A","X","T","HIGH","3RD PARTY SURVEY","2017/02/22","115","170","330","","2","Modified","COND"
"2024/12/26","03513.03","H","FL","FL70","TAMPA","US","H1","36","36","CONC","","NONE","","","","","","","","","","","","","1","Modified","RWY_LEN_SOURCE LENGTH_SOURCE_DATE"
"2025/01/23","03513.03","H","FL","FL70","TAMPA","US","H1","36","36","CONC","","NONE","","","","","","","OWNER","2024/11/26","","","","","2","Modified","RWY_LEN_SOURCE LENGTH_SOURCE_DATE"
"2024/12/26","03519.","A","FL","TPF","TAMPA","US","04/22","3583","100","ASPH","GOOD","NONE","26","F","A","X","T","MED","3RD PARTY SURVEY","2016/04/18","75","108","","","1","Modified","COND"
"2025/01/23","03519.","A","FL","TPF","TAMPA","US","04/22","3583","100","ASPH","EXCELLENT","NONE","26","F","A","X","T","MED","3RD PARTY SURVEY","2016/04/18","75","108","","","2","Modified","COND"
"2024/12/26","03555.14","H","FL","FL39","WEST PALM BEACH","US","H1","100","100","CONC","GOOD","NONE","","","","","","","","","","","","","1","Modified","RWY_LEN_SOURCE LENGTH_SOURCE_DATE"
"2025/01/23","03555.14","H","FL","FL39","WEST PALM BEACH","US","H1","100","100","CONC","GOOD","NONE","","","","","","","OWNER","2024/11/26","","","","","2","Modified","RWY_LEN_SOURCE LENGTH_SOURCE_DATE"
"2024/12/26","03799.8","A","GA","LSF","FORT MOORE (COLUMBUS)","US","15/33","10002","150","ASPH","","NONE","81","R","B","W","T","HIGH","MILITARY","2019/11/11","","","","","1","Modified","PCN"
"2025/01/23","03799.8","A","GA","LSF","FORT MOORE (COLUMBUS)","US","15/33","10002","150","ASPH","","NONE","51","R","B","W","T","HIGH","MILITARY","2019/11/11","","","","","2","Modified","PCN"
"2024/12/26","04177.","A","ID","COE","COEUR D'ALENE","US","02/20","5400","75","ASPH","GOOD","GRVD","21","F","B","X","T","MED","3RD PARTY SURVEY","2012/04/12","50","83","150","","1","Modified","PCN PAVEMENT_TYPE_CODE SUBGRADE_STRENGTH_CODE TIRE_PRES_CODE DTRM_METHOD_CODE"
"2025/01/23","04177.","A","ID","COE","COEUR D'ALENE","US","02/20","5400","75","ASPH","GOOD","GRVD","","","","","","MED","3RD PARTY SURVEY","2012/04/12","50","83","150","","2","Modified","PCN PAVEMENT_TYPE_CODE SUBGRADE_STRENGTH_CODE TIRE_PRES_CODE DTRM_METHOD_CODE"
"2024/12/26","04177.","A","ID","COE","COEUR D'ALENE","US","06/24","7400","100","ASPH","GOOD","GRVD","30","F","B","X","T","HIGH","3RD PARTY SURVEY","2012/04/12","57","95","165","","1","Modified","PCN PAVEMENT_TYPE_CODE SUBGRADE_STRENGTH_CODE TIRE_PRES_CODE DTRM_METHOD_CODE"
"2025/01/23","04177.","A","ID","COE","COEUR D'ALENE","US","06/24","7400","100","ASPH","GOOD","GRVD","","","","","","HIGH","3RD PARTY SURVEY","2012/04/12","57","95","165","","2","Modified","PCN PAVEMENT_TYPE_CODE SUBGRADE_STRENGTH_CODE TIRE_PRES_CODE DTRM_METHOD_CODE"
"2024/12/26","04209.","A","ID","IDA","IDAHO FALLS","US","17/35","3964","75","ASPH","GOOD","NONE","160","F","D","X","T","MED","ADO","2021/07/06","43","58","","","1","Modified","PCN PAVEMENT_TYPE_CODE SUBGRADE_STRENGTH_CODE TIRE_PRES_CODE DTRM_METHOD_CODE"
"2025/01/23","04209.","A","ID","IDA","IDAHO FALLS","US","17/35","3964","75","ASPH","GOOD","NONE","","","","","","MED","ADO","2021/07/06","43","58","","","2","Modified","PCN PAVEMENT_TYPE_CODE SUBGRADE_STRENGTH_CODE TIRE_PRES_CODE DTRM_METHOD_CODE"
"2024/12/26","04555.12","H","IL","28IL","CRYSTAL LAKE","US","H1","52","52","CONC","","NONE","","","","","","","FAA","2024/04/18","","","","","1","Modified","RWY_LEN RWY_WIDTH LENGTH_SOURCE_DATE"
"2025/01/23","04555.12","H","IL","28IL","CRYSTAL LAKE","US","H1","50","50","CONC","","NONE","","","","","","","FAA","2024/12/17","","","","","2","Modified","RWY_LEN RWY_WIDTH LENGTH_SOURCE_DATE"
"2024/12/26","04640.","A","IL","70IL","FARMERSVILLE","US","17/35","1205","70","TURF","","NONE","","","","","","","","","","","","","2","Deleted",""
"2024/12/26","04798.1","A","IL","1IS4","LANARK","US","09/27","2000","70","TURF","","NONE","","","","","","","","","","","","","2","Deleted",""
"2024/12/26","04837.02","C","IL","8IL7","MC HENRY","US","02W/20W","3500","300","WATER","","NONE","","","","","","","","","","","","","2","Deleted",""
"2024/12/26","04837.02","C","IL","8IL7","MC HENRY","US","05W/23W","4000","400","WATER","","NONE","","","","","","","","","","","","","2","Deleted",""
"2024/12/26","04837.02","C","IL","8IL7","MC HENRY","US","09W/27W","2500","200","WATER","","NONE","","","","","","","","","","","","","2","Deleted",""
"2024/12/26","04846.51","A","IL","LL24","MANTENO","US","E/W","2640","70","TURF","","NONE","","","","","","","","","","","","","2","Deleted",""
"2024/12/26","04871.97","H","IL","IS74","MONTGOMERY","US","H1","10","10","CONC","","NONE","","","","","","","","","","","","","2","Deleted",""
"2024/12/26","04893.1","A","IL","LL09","MUNDELEIN","US","N/S","2000","150","TURF","","NONE","","","","","","","","","","","","","2","Deleted",""
"2024/12/26","04938.01","A","IL","6IL0","PEORIA","US","09/27","1000","100","TURF","","NONE","","","","","","","FAA OE/AAA","2022/02/07","","","","","2","Deleted",""
"2024/12/26","04940.","A","IL","89IL","PESOTUM","US","18/36","1975","102","TURF","","NONE","","","","","","","STATE","2012/12/02","","","","","2","Deleted",""
"2024/12/26","04972.7","H","IL","1IS7","ROCKFORD","US","H1","36","36","CONC","","NONE","","","","","","","","","","","","","2","Deleted",""
"2024/12/26","05000.9","A","IL","2LL9","SOMONAUK","US","N/S","2200","80","TURF","","NONE","","","","","","","","","","","","","2","Deleted",""
"2024/12/26","05039.3","A","IL","IS02","WATSEKA","US","09/27","2600","100","TURF","","NONE","","","","","","","","","","","","","2","Deleted",""
"2024/12/26","06902.","A","KS","K82","SMITH CENTER","US","18/36","3601","50","ASPH","FAIR","NONE","5","F","C","Y","U","","3RD PARTY SURVEY","2010/06/02","4","","","","2","Deleted",""
"2024/12/26","07055.05","A","KY","2KY3","BOWLING GREEN","US","03/21","2000","80","TURF","","NONE","","","","","","","","","","","","","2","Deleted",""
"2024/12/26","07233.","A","KY","LEX","LEXINGTON","US","04/22","7004","150","ASPH","GOOD","GRVD","59","F","B","W","T","HIGH","3RD PARTY SURVEY","2022/04/20","140","169","275","","1","Modified","PCN PAVEMENT_TYPE_CODE SUBGRADE_STRENGTH_CODE TIRE_PRES_CODE DTRM_METHOD_CODE"
"2025/01/23","07233.","A","KY","LEX","LEXINGTON","US","04/22","7004","150","ASPH","GOOD","GRVD","","","","","","HIGH","3RD PARTY SURVEY","2022/04/20","140","169","275","","2","Modified","PCN PAVEMENT_TYPE_CODE SUBGRADE_STRENGTH_CODE TIRE_PRES_CODE DTRM_METHOD_CODE"
"2024/12/26","07233.","A","KY","LEX","LEXINGTON","US","09/27","4000","75","CONC","GOOD","NONE","15","R","B","W","T","MED","3RD PARTY SURVEY","2022/04/20","30","","","","1","Modified","PCN PAVEMENT_TYPE_CODE SUBGRADE_STRENGTH_CODE TIRE_PRES_CODE DTRM_METHOD_CODE"
"2025/01/23","07233.","A","KY","LEX","LEXINGTON","US","09/27","4000","75","CONC","GOOD","NONE","","","","","","MED","3RD PARTY SURVEY","2022/04/20","30","","","","2","Modified","PCN PAVEMENT_TYPE_CODE SUBGRADE_STRENGTH_CODE TIRE_PRES_CODE DTRM_METHOD_CODE"
"2024/12/26","08215.13","H","ME","68ME","PORTLAND","US","H1","80","80","ROOF-TOP","GOOD","NONE","","","","","","PERI","OWNER","2017/10/20","","","","","1","Modified","RWY_LEN RWY_WIDTH COND LENGTH_SOURCE_DATE"
"2025/01/23","08215.13","H","ME","68ME","PORTLAND","US","H1","54","54","ROOF-TOP","FAIR","NONE","","","","","","PERI","OWNER","2024/11/18","","","","","2","Modified","RWY_LEN RWY_WIDTH COND LENGTH_SOURCE_DATE"
"2024/12/26","08610.","A","MD","OXB","OCEAN CITY","US","14/32","4074","75","ASPH","GOOD","NONE","","","","","","MED","3RD PARTY SURVEY","2023/01/19","20","","","","1","Modified","TREATMENT_CODE GROSS_WT_SW GROSS_WT_DW"
"2025/01/23","08610.","A","MD","OXB","OCEAN CITY","US","14/32","4074","75","ASPH","GOOD","GRVD","","","","","","MED","3RD PARTY SURVEY","2023/01/19","45","75","","","2","Modified","TREATMENT_CODE GROSS_WT_SW GROSS_WT_DW"
"2024/12/26","09187.","A","MA","ORE","ORANGE","US","01/19","5001","75","ASPH","EXCELLENT","NONE","","","","","","MED","3RD PARTY SURVEY","2019/01/17","83","144","258","","1","Modified","RWY_LEN LENGTH_SOURCE_DATE"
"2025/01/23","09187.","A","MA","ORE","ORANGE","US","01/19","5002","75","ASPH","EXCELLENT","NONE","","","","","","MED","3RD PARTY SURVEY","2024/06/18","83","144","258","","2","Modified","RWY_LEN LENGTH_SOURCE_DATE"
"2024/12/26","09187.","A","MA","ORE","ORANGE","US","14/32","4800","75","ASPH","GOOD","NONE","","","","","","MED","3RD PARTY SURVEY","2019/01/17","77","123","208","","1","Modified","LENGTH_SOURCE_DATE"
"2025/01/23","09187.","A","MA","ORE","ORANGE","US","14/32","4800","75","ASPH","GOOD","NONE","","","","","","MED","3RD PARTY SURVEY","2024/06/18","77","123","208","","2","Modified","LENGTH_SOURCE_DATE"
"2024/12/26","09462.","A","MA","ORH","WORCESTER","US","11/29","7001","150","ASPH","EXCELLENT","GRVD","89","F","C","W","T","HIGH","3RD PARTY SURVEY","2010/05/18","120","250","550","","1","Modified","PCN PAVEMENT_TYPE_CODE SUBGRADE_STRENGTH_CODE TIRE_PRES_CODE DTRM_METHOD_CODE"
"2025/01/23","09462.","A","MA","ORH","WORCESTER","US","11/29","7001","150","ASPH","EXCELLENT","GRVD","","","","","","HIGH","3RD PARTY SURVEY","2010/05/18","120","250","550","","2","Modified","PCN PAVEMENT_TYPE_CODE SUBGRADE_STRENGTH_CODE TIRE_PRES_CODE DTRM_METHOD_CODE"
"2024/12/26","09462.","A","MA","ORH","WORCESTER","US","15/33","5000","100","ASPH","GOOD","GRVD","35","F","C","W","T","MED","3RD PARTY SURVEY","2010/05/18","85","120","210","","1","Modified","PCN PAVEMENT_TYPE_CODE SUBGRADE_STRENGTH_CODE TIRE_PRES_CODE DTRM_METHOD_CODE"
"2025/01/23","09462.","A","MA","ORH","WORCESTER","US","15/33","5000","100","ASPH","GOOD","GRVD","","","","","","MED","3RD PARTY SURVEY","2010/05/18","85","120","210","","2","Modified","PCN PAVEMENT_TYPE_CODE SUBGRADE_STRENGTH_CODE TIRE_PRES_CODE DTRM_METHOD_CODE"
"2024/12/26","09986.","A","MI","AZO","KALAMAZOO","US","05/23","3438","100","ASPH","FAIR","GRVD","6","F","C","X","T","MED","3RD PARTY SURVEY","2016/06/30","30","45","60","","1","Modified","PCN PAVEMENT_TYPE_CODE SUBGRADE_STRENGTH_CODE TIRE_PRES_CODE DTRM_METHOD_CODE"
"2025/01/23","09986.","A","MI","AZO","KALAMAZOO","US","05/23","3438","100","ASPH","FAIR","GRVD","","","","","","MED","3RD PARTY SURVEY","2016/06/30","30","45","60","","2","Modified","PCN PAVEMENT_TYPE_CODE SUBGRADE_STRENGTH_CODE TIRE_PRES_CODE DTRM_METHOD_CODE"
"2024/12/26","09986.","A","MI","AZO","KALAMAZOO","US","09/27","2800","60","ASPH","GOOD","NONE","5","F","C","X","T","MED","3RD PARTY SURVEY","2016/06/30","30","60","","","1","Modified","PCN PAVEMENT_TYPE_CODE SUBGRADE_STRENGTH_CODE TIRE_PRES_CODE DTRM_METHOD_CODE"
"2025/01/23","09986.","A","MI","AZO","KALAMAZOO","US","09/27","2800","60","ASPH","GOOD","NONE","","","","","","MED","3RD PARTY SURVEY","2016/06/30","30","60","","","2","Modified","PCN PAVEMENT_TYPE_CODE SUBGRADE_STRENGTH_CODE TIRE_PRES_CODE DTRM_METHOD_CODE"
"2024/12/26","09986.","A","MI","AZO","KALAMAZOO","US","17/35","6502","150","ASPH","GOOD","GRVD","52","F","C","X","T","HIGH","3RD PARTY SURVEY","2016/06/30","85","121","240","","1","Modified","PCN PAVEMENT_TYPE_CODE SUBGRADE_STRENGTH_CODE TIRE_PRES_CODE DTRM_METHOD_CODE"
"2025/01/23","09986.","A","MI","AZO","KALAMAZOO","US","17/35","6502","150","ASPH","GOOD","GRVD","","","","","","HIGH","3RD PARTY SURVEY","2016/06/30","85","121","240","","2","Modified","PCN PAVEMENT_TYPE_CODE SUBGRADE_STRENGTH_CODE TIRE_PRES_CODE DTRM_METHOD_CODE"
"2024/12/26","10033.","A","MI","24C","LOWELL","US","12/30","2394","48","ASPH","POOR","NONE","","","","","","LOW","","","","","","","1","Modified","COND"
"2025/01/23","10033.","A","MI","24C","LOWELL","US","12/30","2394","48","ASPH","EXCELLENT","NONE","","","","","","LOW","","","","","","","2","Modified","COND"
"2024/12/26","10083.","A","MI","MNM","MENOMINEE","US","03/21","5999","100","ASPH","GOOD","PFC","","","","","","HIGH","3RD PARTY SURVEY","2018/09/18","80","100","175","","1","Modified","COND"
"2025/01/23","10083.","A","MI","MNM","MENOMINEE","US","03/21","5999","100","ASPH","EXCELLENT","PFC","","","","","","HIGH","3RD PARTY SURVEY","2018/09/18","80","100","175","","2","Modified","COND"
"2024/12/26","10912.2","H","MN","96MN","PIPESTONE","US","H1","46","46","ROOF-TOP","","NONE","","","","","","","STATE","2016/01/15","","","","","1","Modified","RWY_LEN_SOURCE LENGTH_SOURCE_DATE"
"2025/01/23","10912.2","H","MN","96MN","PIPESTONE","US","H1","46","46","ROOF-TOP","","NONE","","","","","","","OWNER","2024/11/22","","","","","2","Modified","RWY_LEN_SOURCE LENGTH_SOURCE_DATE"
"2024/12/26","10950.13","H","MN","MN56","ROCHESTER","US","H1","50","22","ALUMINUM","FAIR","NONE","","","","","","","","","","","","","1","Modified","RWY_LEN RWY_WIDTH RWY_LGT_CODE RWY_LEN_SOURCE LENGTH_SOURCE_DATE"
"2025/01/23","10950.13","H","MN","MN56","ROCHESTER","US","H1","44","44","ALUMINUM","FAIR","NONE","","","","","","PERI","OWNER","2024/12/04","","","","","2","Modified","RWY_LEN RWY_WIDTH RWY_LGT_CODE RWY_LEN_SOURCE LENGTH_SOURCE_DATE"
"2024/12/26","11194.51","A","MS","GTR","COLUMBUS/W POINT/STARKVILLE","US","18/36","8003","150","ASPH","GOOD","GRVD","63","F","C","X","T","HIGH","3RD PARTY SURVEY","2011/11/28","120","239","385","669","1","Modified","PCN PAVEMENT_TYPE_CODE SUBGRADE_STRENGTH_CODE TIRE_PRES_CODE DTRM_METHOD_CODE GROSS_WT_SW GROSS_WT_DW GROSS_WT_DTW GROSS_WT_DDTW"
"2025/01/23","11194.51","A","MS","GTR","COLUMBUS/W POINT/STARKVILLE","US","18/36","8003","150","ASPH","GOOD","GRVD","","","","","","HIGH","3RD PARTY SURVEY","2011/11/28","82","104","161","","2","Modified","PCN PAVEMENT_TYPE_CODE SUBGRADE_STRENGTH_CODE TIRE_PRES_CODE DTRM_METHOD_CODE GROSS_WT_SW GROSS_WT_DW GROSS_WT_DTW GROSS_WT_DDTW"
"2024/12/26","11255.1","A","MS","PIB","HATTIESBURG-LAUREL","US","18/36","6503","150","ASPH","GOOD","GRVD","72","F","B","X","T","HIGH","3RD PARTY SURVEY","2023/09/08","125","225","275","","1","Modified","PCN PAVEMENT_TYPE_CODE SUBGRADE_STRENGTH_CODE TIRE_PRES_CODE DTRM_METHOD_CODE"
"2025/01/23","11255.1","A","MS","PIB","HATTIESBURG-LAUREL","US","18/36","6503","150","ASPH","GOOD","GRVD","","","","","","HIGH","3RD PARTY SURVEY","2023/09/08","125","225","275","","2","Modified","PCN PAVEMENT_TYPE_CODE SUBGRADE_STRENGTH_CODE TIRE_PRES_CODE DTRM_METHOD_CODE"
"2024/12/26","11816.","A","MO","MKC","KANSAS CITY","US","01/19","6827","150","CONC","EXCELLENT","GRVD","67","R","B","W","T","HIGH","3RD PARTY SURVEY","2011/11/08","86","171","342","","1","Modified","PCN PAVEMENT_TYPE_CODE SUBGRADE_STRENGTH_CODE TIRE_PRES_CODE DTRM_METHOD_CODE"
"2025/01/23","11816.","A","MO","MKC","KANSAS CITY","US","01/19","6827","150","CONC","EXCELLENT","GRVD","","","","","","HIGH","3RD PARTY SURVEY","2011/11/08","86","171","342","","2","Modified","PCN PAVEMENT_TYPE_CODE SUBGRADE_STRENGTH_CODE TIRE_PRES_CODE DTRM_METHOD_CODE"
"2024/12/26","11816.","A","MO","MKC","KANSAS CITY","US","04/22","5050","100","ASPH","EXCELLENT","NONE","74","F","C","W","T","HIGH","3RD PARTY SURVEY","2022/12/08","120","204","303","805","1","Modified","PCN PAVEMENT_TYPE_CODE SUBGRADE_STRENGTH_CODE TIRE_PRES_CODE DTRM_METHOD_CODE"
"2025/01/23","11816.","A","MO","MKC","KANSAS CITY","US","04/22","5050","100","ASPH","EXCELLENT","NONE","","","","","","HIGH","3RD PARTY SURVEY","2022/12/08","120","204","303","805","2","Modified","PCN PAVEMENT_TYPE_CODE SUBGRADE_STRENGTH_CODE TIRE_PRES_CODE DTRM_METHOD_CODE"
"2024/12/26","12418.","A","MT","GPI","KALISPELL","US","02/20","9007","150","ASPH","GOOD","GRVD","56","F","C","X","T","HIGH","3RD PARTY SURVEY","2017/02/17","115","198","321","","1","Modified","PCN PAVEMENT_TYPE_CODE SUBGRADE_STRENGTH_CODE TIRE_PRES_CODE DTRM_METHOD_CODE"
"2025/01/23","12418.","A","MT","GPI","KALISPELL","US","02/20","9007","150","ASPH","GOOD","GRVD","","","","","","HIGH","3RD PARTY SURVEY","2017/02/17","115","198","321","","2","Modified","PCN PAVEMENT_TYPE_CODE SUBGRADE_STRENGTH_CODE TIRE_PRES_CODE DTRM_METHOD_CODE"
"2024/12/26","12418.","A","MT","GPI","KALISPELL","US","12/30","3510","75","ASPH","GOOD","GRVD","9","F","C","X","T","MED","3RD PARTY SURVEY","2017/02/17","25","40","","","1","Modified","PCN PAVEMENT_TYPE_CODE SUBGRADE_STRENGTH_CODE TIRE_PRES_CODE DTRM_METHOD_CODE"
"2025/01/23","12418.","A","MT","GPI","KALISPELL","US","12/30","3510","75","ASPH","GOOD","GRVD","","","","","","MED","3RD PARTY SURVEY","2017/02/17","25","40","","","2","Modified","PCN PAVEMENT_TYPE_CODE SUBGRADE_STRENGTH_CODE TIRE_PRES_CODE DTRM_METHOD_CODE"
"2024/12/26","12439.02","A","MT","97MT","MARION","US","03/21","3400","50","ASPH","","NONE","","","","","","LOW","","","","","","","1","Modified","RWY_LEN_SOURCE LENGTH_SOURCE_DATE"
"2025/01/23","12439.02","A","MT","97MT","MARION","US","03/21","3400","50","ASPH","","NONE","","","","","","LOW","ADO","2024/11/20","","","","","2","Modified","RWY_LEN_SOURCE LENGTH_SOURCE_DATE"
"2024/12/26","12503.","A","MT","SDY","SIDNEY","US","01/19","5705","100","ASPH","GOOD","GRVD","18","F","D","X","T","MED","3RD PARTY SURVEY","2014/11/21","46.5","61","109","","1","Modified","GROSS_WT_SW GROSS_WT_DW GROSS_WT_DTW"
"2025/01/23","12503.","A","MT","SDY","SIDNEY","US","01/19","5705","100","ASPH","GOOD","GRVD","18","F","D","X","T","MED","3RD PARTY SURVEY","2014/11/21","46","62","108","","2","Modified","GROSS_WT_SW GROSS_WT_DW GROSS_WT_DTW"
"2024/12/26","12503.","A","MT","SDY","SIDNEY","US","11/29","4024","100","ASPH","GOOD","GRVD","18","F","D","X","T","MED","3RD PARTY SURVEY","2014/11/21","12","18","","","1","Modified","GROSS_WT_SW GROSS_WT_DW GROSS_WT_DTW"
"2025/01/23","12503.","A","MT","SDY","SIDNEY","US","11/29","4024","100","ASPH","GOOD","GRVD","18","F","D","X","T","MED","3RD PARTY SURVEY","2014/11/21","54","70","119","","2","Modified","GROSS_WT_SW GROSS_WT_DW GROSS_WT_DTW"
"2024/12/26","13034.5","A","NV","1L4","CAL NEV ARI","US","15/33","4140","65","SAND","FAIR","NONE","","","","","","NSTD","","","","","","","2","Deleted",""
"2024/12/26","13104.1","A","NV","0L9","OVERTON","US","06/24","3400","50","ASPH","FAIR","NONE","","","","","","","","","12.5","","","","2","Deleted",""
"2024/12/26","13106.81","A","NV","NV00","PAHRUMP","US","18/36","2520","50","GRAVEL","","NONE","","","","","","","OWNER","","","","","","2","Deleted",""
"2024/12/26","13332.","A","NH","MHT","MANCHESTER","US","17/35","9250","150","ASPH","FAIR","GRVD","90","F","C","W","T","HIGH","3RD PARTY SURVEY","2012/10/25","200","300","350","","1","Modified","PCN PAVEMENT_TYPE_CODE SUBGRADE_STRENGTH_CODE TIRE_PRES_CODE DTRM_METHOD_CODE"
"2025/01/23","13332.","A","NH","MHT","MANCHESTER","US","17/35","9250","150","ASPH","FAIR","GRVD","","","","","","HIGH","3RD PARTY SURVEY","2012/10/25","200","300","350","","2","Modified","PCN PAVEMENT_TYPE_CODE SUBGRADE_STRENGTH_CODE TIRE_PRES_CODE DTRM_METHOD_CODE"
"2024/12/26","13359.","A","NH","NH43","NOTTINGHAM","US","12/30","1750","75","TURF","","NONE","","","","","","","","","","","","","2","Deleted",""
"2024/12/26","14797.","H","NY","2NY8","ALLIGERVILLE","US","H1","800","200","TURF","","NONE","","","","","","","","","","","","","1","Modified","RWY_LEN_SOURCE LENGTH_SOURCE_DATE"
"2025/01/23","14797.","H","NY","2NY8","ALLIGERVILLE","US","H1","800","200","TURF","","NONE","","","","","","","OWNER","2024/11/18","","","","","2","Modified","RWY_LEN_SOURCE LENGTH_SOURCE_DATE"
"2024/12/26","15684.04","H","NY","70NY","MIDDLETOWN","US","H1","150","150","ASPH","","NONE","","","","","","FLD","OWNER","2008/12/05","","","","","1","Modified","SURFACE_TYPE_CODE LENGTH_SOURCE_DATE"
"2025/01/23","15684.04","H","NY","70NY","MIDDLETOWN","US","H1","150","150","CONC","","NONE","","","","","","FLD","OWNER","2024/12/10","","","","","2","Modified","SURFACE_TYPE_CODE LENGTH_SOURCE_DATE"
"2024/12/26","16191.2","H","NY","9NY0","SLATE HILL","US","H1","150","150","TURF","FAIR","NONE","","","","","","","ADO","2016/04/27","","","","","1","Modified","RWY_LEN RWY_WIDTH SURFACE_TYPE_CODE RWY_LEN_SOURCE LENGTH_SOURCE_DATE"
"2025/01/23","16191.2","H","NY","9NY0","SLATE HILL","US","H1","25","16","ASPH","FAIR","NONE","","","","","","","OWNER","2024/12/10","","","","","2","Modified","RWY_LEN RWY_WIDTH SURFACE_TYPE_CODE RWY_LEN_SOURCE LENGTH_SOURCE_DATE"
"2024/12/26","16269.","A","NY","SYR","SYRACUSE","US","10/28","9014","150","ASPH","EXCELLENT","GRVD","121","F","B","W","T","HIGH","3RD PARTY SURVEY","2021/05/19","115","156","257","","1","Modified","PCN PAVEMENT_TYPE_CODE SUBGRADE_STRENGTH_CODE TIRE_PRES_CODE DTRM_METHOD_CODE"
"2025/01/23","16269.","A","NY","SYR","SYRACUSE","US","10/28","9014","150","ASPH","EXCELLENT","GRVD","","","","","","HIGH","3RD PARTY SURVEY","2021/05/19","115","156","257","","2","Modified","PCN PAVEMENT_TYPE_CODE SUBGRADE_STRENGTH_CODE TIRE_PRES_CODE DTRM_METHOD_CODE"
"2024/12/26","16269.","A","NY","SYR","SYRACUSE","US","15/33","7500","150","ASPH","GOOD","GRVD","143","F","B","W","T","HIGH","3RD PARTY SURVEY","2021/05/19","115","156","257","","1","Modified","PCN PAVEMENT_TYPE_CODE SUBGRADE_STRENGTH_CODE TIRE_PRES_CODE DTRM_METHOD_CODE"
"2025/01/23","16269.","A","NY","SYR","SYRACUSE","US","15/33","7500","150","ASPH","GOOD","GRVD","","","","","","HIGH","3RD PARTY SURVEY","2021/05/19","115","156","257","","2","Modified","PCN PAVEMENT_TYPE_CODE SUBGRADE_STRENGTH_CODE TIRE_PRES_CODE DTRM_METHOD_CODE"
"2024/12/26","16517.53","A","NC","53NR","ASHEVILLE","US","16/34","750","75","TURF","FAIR","NONE","","","","","","","ADO","2024/06/03","","","","","2","Deleted",""
"2024/12/26","16761.","A","NC","PGV","GREENVILLE","US","02/20","7175","150","ASPH","GOOD","GRVD","30","F","B","X","T","HIGH","3RD PARTY SURVEY","2016/12/02","87","140","","","1","Modified","PCN PAVEMENT_TYPE_CODE SUBGRADE_STRENGTH_CODE TIRE_PRES_CODE DTRM_METHOD_CODE GROSS_WT_SW"
"2025/01/23","16761.","A","NC","PGV","GREENVILLE","US","02/20","7175","150","ASPH","GOOD","GRVD","","","","","","HIGH","3RD PARTY SURVEY","2016/12/02","85","140","","","2","Modified","PCN PAVEMENT_TYPE_CODE SUBGRADE_STRENGTH_CODE TIRE_PRES_CODE DTRM_METHOD_CODE GROSS_WT_SW"
"2024/12/26","16761.","A","NC","PGV","GREENVILLE","US","08/26","4997","150","ASPH","POOR","NONE","17","F","B","X","T","MED","3RD PARTY SURVEY","2016/12/02","50","73","","","1","Modified","PCN PAVEMENT_TYPE_CODE SUBGRADE_STRENGTH_CODE TIRE_PRES_CODE DTRM_METHOD_CODE GROSS_WT_SW"
"2025/01/23","16761.","A","NC","PGV","GREENVILLE","US","08/26","4997","150","ASPH","POOR","NONE","","","","","","MED","3RD PARTY SURVEY","2016/12/02","45","73","","","2","Modified","PCN PAVEMENT_TYPE_CODE SUBGRADE_STRENGTH_CODE TIRE_PRES_CODE DTRM_METHOD_CODE GROSS_WT_SW"
"2024/12/26","17016.9","A","NC","NR10","PINK HILL","US","01/19","2800","85","TURF","GOOD","NONE","","","","","","","","","","","","","2","Deleted",""
"2024/12/26","19481.","A","OR","LMT","KLAMATH FALLS","US","08/26","5258","100","ASPH","GOOD","GRVD","19","F","B","Y","U","MED","3RD PARTY SURVEY","2018/12/14","53","77","","","1","Modified","PCN PAVEMENT_TYPE_CODE SUBGRADE_STRENGTH_CODE TIRE_PRES_CODE DTRM_METHOD_CODE GROSS_WT_SW GROSS_WT_DW GROSS_WT_DTW"
"2025/01/23","19481.","A","OR","LMT","KLAMATH FALLS","US","08/26","5258","100","ASPH","GOOD","GRVD","","","","","","MED","3RD PARTY SURVEY","2018/12/14","41","68","116","","2","Modified","PCN PAVEMENT_TYPE_CODE SUBGRADE_STRENGTH_CODE TIRE_PRES_CODE DTRM_METHOD_CODE GROSS_WT_SW GROSS_WT_DW GROSS_WT_DTW"
"2024/12/26","19481.","A","OR","LMT","KLAMATH FALLS","US","14/32","10302","150","ASPH-CONC","GOOD","GRVD","41","F","A","X","T","HIGH","3RD PARTY SURVEY","2018/12/14","107","175","315","","1","Modified","PCN PAVEMENT_TYPE_CODE SUBGRADE_STRENGTH_CODE TIRE_PRES_CODE DTRM_METHOD_CODE GROSS_WT_SW GROSS_WT_DW GROSS_WT_DTW GROSS_WT_DDTW"
"2025/01/23","19481.","A","OR","LMT","KLAMATH FALLS","US","14/32","10302","150","ASPH-CONC","GOOD","GRVD","","","","","","HIGH","3RD PARTY SURVEY","2018/12/14","120","243","474","970","2","Modified","PCN PAVEMENT_TYPE_CODE SUBGRADE_STRENGTH_CODE TIRE_PRES_CODE DTRM_METHOD_CODE GROSS_WT_SW GROSS_WT_DW GROSS_WT_DTW GROSS_WT_DDTW"
"2024/12/26","19541.","A","OR","OTH","NORTH BEND","US","05/23","5980","150","ASPH","GOOD","GRVD","62","F","B","W","T","HIGH","3RD PARTY SURVEY","2008/05/22","120","215","340","800","1","Modified","PCN PAVEMENT_TYPE_CODE SUBGRADE_STRENGTH_CODE TIRE_PRES_CODE DTRM_METHOD_CODE"
"2025/01/23","19541.","A","OR","OTH","NORTH BEND","US","05/23","5980","150","ASPH","GOOD","GRVD","","","","","","HIGH","3RD PARTY SURVEY","2008/05/22","120","215","340","800","2","Modified","PCN PAVEMENT_TYPE_CODE SUBGRADE_STRENGTH_CODE TIRE_PRES_CODE DTRM_METHOD_CODE"
"2024/12/26","19541.","A","OR","OTH","NORTH BEND","US","13/31","4470","150","ASPH","GOOD","GRVD","55","F","C","W","T","MED","3RD PARTY SURVEY","2008/05/22","120","190","305","735","1","Modified","PCN PAVEMENT_TYPE_CODE SUBGRADE_STRENGTH_CODE TIRE_PRES_CODE DTRM_METHOD_CODE"
"2025/01/23","19541.","A","OR","OTH","NORTH BEND","US","13/31","4470","150","ASPH","GOOD","GRVD","","","","","","MED","3RD PARTY SURVEY","2008/05/22","120","190","305","735","2","Modified","PCN PAVEMENT_TYPE_CODE SUBGRADE_STRENGTH_CODE TIRE_PRES_CODE DTRM_METHOD_CODE"
"2024/12/26","19595.","A","OR","SLE","SALEM","US","13/31","5811","150","ASPH","GOOD","GRVD","41","F","C","X","T","HIGH","3RD PARTY SURVEY","2016/10/19","105","147","","","1","Modified","PCN PAVEMENT_TYPE_CODE SUBGRADE_STRENGTH_CODE TIRE_PRES_CODE DTRM_METHOD_CODE GROSS_WT_SW GROSS_WT_DW GROSS_WT_DTW GROSS_WT_DDTW"
"2025/01/23","19595.","A","OR","SLE","SALEM","US","13/31","5811","150","ASPH","GOOD","GRVD","","","","","","HIGH","3RD PARTY SURVEY","2016/10/19","120","189","280","759","2","Modified","PCN PAVEMENT_TYPE_CODE SUBGRADE_STRENGTH_CODE TIRE_PRES_CODE DTRM_METHOD_CODE GROSS_WT_SW GROSS_WT_DW GROSS_WT_DTW GROSS_WT_DDTW"
"2024/12/26","20243.1","A","PA","DUJ","DUBOIS","US","07/25","5503","100","ASPH","GOOD","GRVD","18","F","C","X","U","HIGH","3RD PARTY SURVEY","2016/06/17","45","60","93","","1","Modified","PCN PAVEMENT_TYPE_CODE SUBGRADE_STRENGTH_CODE TIRE_PRES_CODE DTRM_METHOD_CODE"
"2025/01/23","20243.1","A","PA","DUJ","DUBOIS","US","07/25","5503","100","ASPH","GOOD","GRVD","","","","","","HIGH","3RD PARTY SURVEY","2016/06/17","45","60","93","","2","Modified","PCN PAVEMENT_TYPE_CODE SUBGRADE_STRENGTH_CODE TIRE_PRES_CODE DTRM_METHOD_CODE"
"2024/12/26","21569.01","H","PA","2PS8","SUNBURY","US","H1","45","45","MATS","GOOD","NONE","","","","","","","FAA","2017/07/19","","","","","2","Deleted",""
"2024/12/26","22024.","A","RI","PVD","PROVIDENCE","US","05/23","8700","150","ASPH","FAIR","GRVD","75","F","A","W","T","HIGH","3RD PARTY SURVEY","2016/01/15","120","250","550","1120","1","Modified","PCN PAVEMENT_TYPE_CODE SUBGRADE_STRENGTH_CODE TIRE_PRES_CODE DTRM_METHOD_CODE"
"2025/01/23","22024.","A","RI","PVD","PROVIDENCE","US","05/23","8700","150","ASPH","FAIR","GRVD","","","","","","HIGH","3RD PARTY SURVEY","2016/01/15","120","250","550","1120","2","Modified","PCN PAVEMENT_TYPE_CODE SUBGRADE_STRENGTH_CODE TIRE_PRES_CODE DTRM_METHOD_CODE"
"2024/12/26","22024.","A","RI","PVD","PROVIDENCE","US","16/34","6081","150","ASPH","GOOD","GRVD","75","F","A","W","T","HIGH","3RD PARTY SURVEY","2016/01/15","120","250","423","1093","1","Modified","PCN PAVEMENT_TYPE_CODE SUBGRADE_STRENGTH_CODE TIRE_PRES_CODE DTRM_METHOD_CODE"
"2025/01/23","22024.","A","RI","PVD","PROVIDENCE","US","16/34","6081","150","ASPH","GOOD","GRVD","","","","","","HIGH","3RD PARTY SURVEY","2016/01/15","120","250","423","1093","2","Modified","PCN PAVEMENT_TYPE_CODE SUBGRADE_STRENGTH_CODE TIRE_PRES_CODE DTRM_METHOD_CODE"
"2024/12/26","23617.","A","TX","CPT","CLEBURNE","US","15/33","5697","100","ASPH","EXCELLENT","NONE","","","","","","MED","NGS","2008/05/29","30","","","","1","Modified","COND"
"2025/01/23","23617.","A","TX","CPT","CLEBURNE","US","15/33","5697","100","ASPH","FAIR","NONE","","","","","","MED","NGS","2008/05/29","30","","","","2","Modified","COND"
"2024/12/26","23745.","A","TX","DRT","DEL RIO","US","13/31","6300","100","ASPH","GOOD","NONE","","","","","","MED","FAA","2005/09/21","35","65","110","","1","Modified","GROSS_WT_SW GROSS_WT_DW GROSS_WT_DTW"
"2025/01/23","23745.","A","TX","DRT","DEL RIO","US","13/31","6300","100","ASPH","GOOD","NONE","","","","","","MED","FAA","2005/09/21","59","75","126","","2","Modified","GROSS_WT_SW GROSS_WT_DW GROSS_WT_DTW"
"2024/12/26","23887.3","A","TX","T67","FORT WORTH","US","14/32","3740","60","ASPH","GOOD","NONE","","","","","","MED","","","","","","","1","Modified","COND"
"2025/01/23","23887.3","A","TX","T67","FORT WORTH","US","14/32","3740","60","ASPH","FAIR","NONE","","","","","","MED","","","","","","","2","Modified","COND"
"2024/12/26","24057.9","A","TX","INJ","HILLSBORO","US","16/34","3998","60","ASPH","FAIR","NONE","","","","","","MED","3RD PARTY SURVEY","2007/06/15","12.5","","","","1","Modified","COND"
"2025/01/23","24057.9","A","TX","INJ","HILLSBORO","US","16/34","3998","60","ASPH","EXCELLENT","NONE","","","","","","MED","3RD PARTY SURVEY","2007/06/15","12.5","","","","2","Modified","COND"
"2024/12/26","24166.","A","TX","NQI","KINGSVILLE","US","13L/31R","8000","198","PEM","FAIR","NONE","49","R","C","W","T","HIGH","MILITARY","2017/04/22","","","","","1","Modified","LENGTH_SOURCE_DATE"
"2025/01/23","24166.","A","TX","NQI","KINGSVILLE","US","13L/31R","8000","198","PEM","FAIR","NONE","49","R","C","W","T","HIGH","MILITARY","2022/03/27","","","","","2","Modified","LENGTH_SOURCE_DATE"
"2024/12/26","24166.","A","TX","NQI","KINGSVILLE","US","13R/31L","8000","198","PEM","FAIR","NONE","48","R","C","W","T","HIGH","MILITARY","2017/04/22","","","","","1","Modified","LENGTH_SOURCE_DATE"
"2025/01/23","24166.","A","TX","NQI","KINGSVILLE","US","13R/31L","8000","198","PEM","FAIR","NONE","48","R","C","W","T","HIGH","MILITARY","2022/03/27","","","","","2","Modified","LENGTH_SOURCE_DATE"
"2024/12/26","24166.","A","TX","NQI","KINGSVILLE","US","17L/35R","8001","197","PEM","GOOD","NONE","60","R","C","W","T","HIGH","MILITARY","2017/04/22","","","","","1","Modified","RWY_LEN LENGTH_SOURCE_DATE"
"2025/01/23","24166.","A","TX","NQI","KINGSVILLE","US","17L/35R","8000","197","PEM","GOOD","NONE","60","R","C","W","T","HIGH","MILITARY","2022/03/27","","","","","2","Modified","RWY_LEN LENGTH_SOURCE_DATE"
"2024/12/26","24166.","A","TX","NQI","KINGSVILLE","US","17R/35L","8000","198","PEM","FAIR","NONE","56","R","C","W","T","HIGH","MILITARY","2017/04/22","","","","","1","Modified","LENGTH_SOURCE_DATE"
"2025/01/23","24166.","A","TX","NQI","KINGSVILLE","US","17R/35L","8000","198","PEM","FAIR","NONE","56","R","C","W","T","HIGH","MILITARY","2022/03/27","","","","","2","Modified","LENGTH_SOURCE_DATE"
"2024/12/26","24625.1","A","TX","52F","ROANOKE","US","17/35","3500","40","ASPH","EXCELLENT","NONE","","","","","","LOW","","","8","","","","1","Modified","COND"
"2025/01/23","24625.1","A","TX","52F","ROANOKE","US","17/35","3500","40","ASPH","POOR","NONE","","","","","","LOW","","","8","","","","2","Modified","COND"
"2024/12/26","24812.6","A","TX","T28","SLIDELL","US","18/36","1200","50","TURF","FAIR","NONE","","","","","","","OWNER","2010/01/07","","","","","1","Modified","LENGTH_SOURCE_DATE"
"2025/01/23","24812.6","A","TX","T28","SLIDELL","US","18/36","1200","50","TURF","FAIR","NONE","","","","","","","OWNER","2024/12/10","","","","","2","Modified","LENGTH_SOURCE_DATE"
"2024/12/26","25526.","A","VT","RUT","RUTLAND","US","01/19","5304","100","ASPH","GOOD","GRVD","","","","","","MED","3RD PARTY SURVEY","2019/04/17","40","68","","","1","Modified","RWY_LGT_CODE"
"2025/01/23","25526.","A","VT","RUT","RUTLAND","US","01/19","5304","100","ASPH","GOOD","GRVD","","","","","","HIGH","3RD PARTY SURVEY","2019/04/17","40","68","","","2","Modified","RWY_LGT_CODE"
"2024/12/26","25526.01","H","VT","VT16","RUTLAND","US","H1","195","125","ASPH","","NONE","","","","","","","","","","","","","2","Deleted",""
"2024/12/26","25661.212","A","VA","VG33","CAPE CHARLES","US","02/20","3000","50","TURF","","NONE","","","","","","","","","","","","","2","Deleted",""
"2024/12/26","25662.7","A","VA","VA66","CATLETT","US","04/22","1000","75","TURF","","NONE","","","","","","","","","","","","","2","Deleted",""
"2024/12/26","25713.3","A","VA","02VA","CULPEPER","US","18/36","3000","80","TURF","","NONE","","","","","","","","","","","","","2","Deleted",""
"2024/12/26","25805.","A","VA","GVE","GORDONSVILLE","US","05/23","2300","40","ASPH","EXCELLENT","NONE","","","","","","MED","FAA","2011/09/22","12.5","","","","1","Modified","RWY_WIDTH RWY_LEN_SOURCE LENGTH_SOURCE_DATE"
"2025/01/23","25805.","A","VA","GVE","GORDONSVILLE","US","05/23","2300","50","ASPH","EXCELLENT","NONE","","","","","","MED","OWNER","2024/09/10","12.5","","","","2","Modified","RWY_WIDTH RWY_LEN_SOURCE LENGTH_SOURCE_DATE"
"2024/12/26","25826.1","A","VA","2VA8","HOLLAND","US","09/27","2100","50","TURF","","NONE","","","","","","","","","","","","","2","Deleted",""
"2024/12/26","25838.5","A","VA","W31","KENBRIDGE","US","02/20","3000","50","ASPH","POOR","AFSC","","","","","","LOW","","","12.5","","","","1","Modified","COND TREATMENT_CODE"
"2025/01/23","25838.5","A","VA","W31","KENBRIDGE","US","02/20","3000","50","ASPH","EXCELLENT","NONE","","","","","","LOW","","","12.5","","","","2","Modified","COND TREATMENT_CODE"
"2024/12/26","25863.","A","VA","LYH","LYNCHBURG","US","04/22","7100","150","ASPH","GOOD","GRVD","29","F","A","X","T","HIGH","NGS","2009/07/27","90","108","170","","1","Modified","PCN PAVEMENT_TYPE_CODE SUBGRADE_STRENGTH_CODE TIRE_PRES_CODE DTRM_METHOD_CODE"
"2025/01/23","25863.","A","VA","LYH","LYNCHBURG","US","04/22","7100","150","ASPH","GOOD","GRVD","","","","","","HIGH","NGS","2009/07/27","90","108","170","","2","Modified","PCN PAVEMENT_TYPE_CODE SUBGRADE_STRENGTH_CODE TIRE_PRES_CODE DTRM_METHOD_CODE"
"2024/12/26","25884.4","A","VA","W91","MONETA","US","05/23","3058","50","ASPH","FAIR","NONE","","","","","","MED","OWNER","2020/11/05","","","","","1","Modified","PCN PAVEMENT_TYPE_CODE SUBGRADE_STRENGTH_CODE TIRE_PRES_CODE DTRM_METHOD_CODE GROSS_WT_SW GROSS_WT_DW GROSS_WT_DTW GROSS_WT_DDTW"
"2025/01/23","25884.4","A","VA","W91","MONETA","US","05/23","3058","50","ASPH","FAIR","NONE","45","F","D","Z","U","MED","OWNER","2020/11/05","3","3","3","3","2","Modified","PCN PAVEMENT_TYPE_CODE SUBGRADE_STRENGTH_CODE TIRE_PRES_CODE DTRM_METHOD_CODE GROSS_WT_SW GROSS_WT_DW GROSS_WT_DTW GROSS_WT_DDTW"
"2024/12/26","25973.31","A","VA","4VA3","RICHMOND","US","05/23","2250","50","TURF","","NONE","","","","","","","","","","","","","2","Deleted",""
"2024/12/26","25977.","A","VA","RIC","RICHMOND","US","02/20","6607","150","ASPH","EXCELLENT","GRVD","70","F","C","W","T","HIGH","3RD PARTY SURVEY","2019/01/21","125","200","340","","1","Modified","PCN PAVEMENT_TYPE_CODE SUBGRADE_STRENGTH_CODE TIRE_PRES_CODE DTRM_METHOD_CODE GROSS_WT_SW GROSS_WT_DW GROSS_WT_DTW GROSS_WT_DDTW"
"2025/01/23","25977.","A","VA","RIC","RICHMOND","US","02/20","6607","150","ASPH","EXCELLENT","GRVD","","","","","","HIGH","3RD PARTY SURVEY","2019/01/21","120","250","480","1034","2","Modified","PCN PAVEMENT_TYPE_CODE SUBGRADE_STRENGTH_CODE TIRE_PRES_CODE DTRM_METHOD_CODE GROSS_WT_SW GROSS_WT_DW GROSS_WT_DTW GROSS_WT_DDTW"
"2024/12/26","25977.","A","VA","RIC","RICHMOND","US","16/34","9003","150","ASPH","GOOD","GRVD","92","F","B","W","T","HIGH","3RD PARTY SURVEY","2019/01/21","125","200","340","","1","Modified","PCN PAVEMENT_TYPE_CODE SUBGRADE_STRENGTH_CODE TIRE_PRES_CODE DTRM_METHOD_CODE GROSS_WT_DW GROSS_WT_DTW GROSS_WT_DDTW"
"2025/01/23","25977.","A","VA","RIC","RICHMOND","US","16/34","9003","150","ASPH","GOOD","GRVD","","","","","","HIGH","3RD PARTY SURVEY","2019/01/21","125","238","409","944","2","Modified","PCN PAVEMENT_TYPE_CODE SUBGRADE_STRENGTH_CODE TIRE_PRES_CODE DTRM_METHOD_CODE GROSS_WT_DW GROSS_WT_DTW GROSS_WT_DDTW"
"2024/12/26","26028.","A","VA","SFQ","SUFFOLK","US","07/25","3750","100","ASPH","FAIR","NONE","","","","","","MED","3RD PARTY SURVEY","2011/09/14","30","50","85","","1","Modified","RWY_LGT_CODE"
"2025/01/23","26028.","A","VA","SFQ","SUFFOLK","US","07/25","3750","100","ASPH","FAIR","NONE","","","","","","","3RD PARTY SURVEY","2011/09/14","30","50","85","","2","Modified","RWY_LGT_CODE"
"2024/12/26","26372.","A","WA","PUW","PULLMAN/MOSCOW","US","05/23","7100","150","ASPH","GOOD","GRVD","68","F","C","X","T","HIGH","3RD PARTY SURVEY","2019/10/01","120","239","385","","1","Modified","PCN PAVEMENT_TYPE_CODE SUBGRADE_STRENGTH_CODE TIRE_PRES_CODE DTRM_METHOD_CODE GROSS_WT_DW GROSS_WT_DTW GROSS_WT_DDTW"
"2025/01/23","26372.","A","WA","PUW","PULLMAN/MOSCOW","US","05/23","7100","150","ASPH","GOOD","GRVD","","","","","","HIGH","3RD PARTY SURVEY","2019/10/01","120","168","227","658","2","Modified","PCN PAVEMENT_TYPE_CODE SUBGRADE_STRENGTH_CODE TIRE_PRES_CODE DTRM_METHOD_CODE GROSS_WT_DW GROSS_WT_DTW GROSS_WT_DDTW"
"2024/12/26","26416.","A","WA","GEG","SPOKANE","US","03/21","11002","150","ASPH-CONC","EXCELLENT","GRVD","88","R","B","W","T","HIGH","NGS","2012/03/01","200","200","400","","1","Modified","PCN PAVEMENT_TYPE_CODE SUBGRADE_STRENGTH_CODE TIRE_PRES_CODE DTRM_METHOD_CODE"
"2025/01/23","26416.","A","WA","GEG","SPOKANE","US","03/21","11002","150","ASPH-CONC","EXCELLENT","GRVD","","","","","","HIGH","NGS","2012/03/01","200","200","400","","2","Modified","PCN PAVEMENT_TYPE_CODE SUBGRADE_STRENGTH_CODE TIRE_PRES_CODE DTRM_METHOD_CODE"
"2024/12/26","26416.","A","WA","GEG","SPOKANE","US","08/26","8199","150","ASPH","GOOD","GRVD","40","R","B","X","T","MED","NGS","2012/03/01","150","180","280","","1","Modified","PCN PAVEMENT_TYPE_CODE SUBGRADE_STRENGTH_CODE TIRE_PRES_CODE DTRM_METHOD_CODE"
"2025/01/23","26416.","A","WA","GEG","SPOKANE","US","08/26","8199","150","ASPH","GOOD","GRVD","","","","","","MED","NGS","2012/03/01","150","180","280","","2","Modified","PCN PAVEMENT_TYPE_CODE SUBGRADE_STRENGTH_CODE TIRE_PRES_CODE DTRM_METHOD_CODE"
"2024/12/26","27450.","A","WI","OCQ","OCONTO","US","11/29","3198","75","ASPH","EXCELLENT","NONE","","","","","","MED","3RD PARTY SURVEY","2009/10/26","40","55","90","","1","Modified","RWY_LEN"
"2025/01/23","27450.","A","WI","OCQ","OCONTO","US","11/29","3199","75","ASPH","EXCELLENT","NONE","","","","","","MED","3RD PARTY SURVEY","2009/10/26","40","55","90","","2","Modified","RWY_LEN"
"2024/12/26","27534.1","A","WI","94C","RIO","US","09/27","1092","65","TURF","FAIR","NONE","","","","","","","","","","","","","1","Modified","RWY_LEN RWY_LEN_SOURCE LENGTH_SOURCE_DATE"
"2025/01/23","27534.1","A","WI","94C","RIO","US","09/27","1250","65","TURF","FAIR","NONE","","","","","","","FAA","2024/12/10","","","","","2","Modified","RWY_LEN RWY_LEN_SOURCE LENGTH_SOURCE_DATE"
"2025/01/23","00682.3","A","AZ","5AZ9","FORT THOMAS","US","18/36","2000","50","DIRT","","NONE","","","","","","","ADO","2024/11/11","","","","","2","Added",""
"2025/01/23","00716.12","A","AZ","53AZ","KINGMAN","US","01/19","230","30","CALICHE","","NONE","","","","","","","ADO","2024/11/29","","","","","2","Added",""
"2025/01/23","00763.14","H","AZ","38AZ","PRESCOTT","US","H1","40","40","CONC","","NONE","","","","","","PERI","ADO","2024/11/14","","","","","2","Added",""
"2025/01/23","00788.14","H","AZ","85AZ","SCOTTSDALE","US","H1","40","40","CONC","","NONE","","","","","","PERI","ADO","2024/12/09","","","","","2","Added",""
"2025/01/23","00913.01","A","AR","6AR5","CARLISLE","US","09/27","4584","45","ASPH-TURF","FAIR","NONE","","","","","","","OWNER","2024/11/26","","","","","2","Added",""
"2025/01/23","00937.76","H","AR","93AR","DANVILLE","US","H1","50","50","CONC-TURF","GOOD","NONE","","","","","","","OWNER","2024/12/13","","","","","2","Added",""
"2025/01/23","02615.96","A","CO","CD05","GARDNER","US","06/24","1345","40","TURF","FAIR","NONE","","","","","","","ADO","2024/12/04","","","","","2","Added",""
"2025/01/23","02697.04","A","CO","75CO","NUNN","US","15/33","1761","60","TURF","FAIR","NONE","","","","","","","ADO","2024/11/21","","","","","2","Added",""
"2025/01/23","03006.88","H","DC","8DC8","WASHINGTON","US","H1","50","50","CONC","","NONE","","","","","","PERI","OWNER","2024/12/05","","","","","2","Added",""
"2025/01/23","03083.23","A","FL","FA63","BROOKSVILLE","US","09/27","1230","50","TURF","","NONE","","","","","","","OWNER","2024/12/04","","","","","2","Added",""
"2025/01/23","03396.002","H","FL","60FA","OKEECHOBEE","US","H2","35","35","CONC","","NONE","","","","","","","","","","","","","2","Added",""
"2025/01/23","05370.25","H","IN","27IN","INDIANAPOLIS","US","H3","55","55","ROOF-TOP","","NONE","","","","","","PERI","ADO","2024/11/19","","","","","2","Added",""
"2025/01/23","05370.25","H","IN","27IN","INDIANAPOLIS","US","H4","55","55","ROOF-TOP","","NONE","","","","","","PERI","ADO","2024/12/06","","","","","2","Added",""
"2025/01/23","06760.12","A","KS","3K4","MEADE","US","09/27","2282","60","TURF","","NONE","","","","","","","FAA","2024/11/26","","","","","2","Added",""
"2025/01/23","08215.13","H","ME","68ME","PORTLAND","US","H2","40","40","ROOF-TOP","FAIR","NONE","","","","","","PERI","OWNER","2024/11/18","","","","","2","Added",""
"2025/01/23","10522.505","C","MN","7MN0","AUDUBON","US","01W/19W","5000","200","WATER","","NONE","","","","","","","OWNER","2024/11/26","","","","","2","Added",""
"2025/01/23","10689.11","A","MN","2MY5","FARIBAULT","US","18/36","2117","60","TURF","","NONE","","","","","","","OWNER","2024/12/06","","","","","2","Added",""
"2025/01/23","10695.16","C","MN","49MY","FOREST LAKE","US","18W/36W","5000","1000","WATER","","NONE","","","","","","","OWNER","2024/12/06","","","","","2","Added",""
"2025/01/23","10729.2","C","MN","64MN","HACKENSACK","US","02W/20W","6848","100","WATER","","NONE","","","","","","","OWNER","2024/12/10","","","","","2","Added",""
"2025/01/23","10812.023","H","MN","3MN6","MANKATO","US","H2","55","55","ROOF-TOP","","NONE","","","","","","PERI","OWNER","2024/10/01","","","","","2","Added",""
"2025/01/23","10959.25","A","MN","MY88","RUSHMORE","US","18/36","617","150","TURF","","NONE","","","","","","","OWNER","2024/12/06","","","","","2","Added",""
"2025/01/23","11028.45","C","MN","51MY","TOWER","US","09W/27W","5270","500","WATER","","NONE","","","","","","","OWNER","2024/12/10","","","","","2","Added",""
"2025/01/23","11274.97","A","MS","38MS","ISOLA","US","12/30","2700","100","TURF","","NONE","","","","","","","OWNER","2024/11/21","","","","","2","Added",""
"2025/01/23","12253.01","A","MT","79MT","BAKER","US","10/28","1200","30","TURF","","NONE","","","","","","","ADO","2024/11/18","","","","","2","Added",""
"2025/01/23","12697.83","H","NE","44NE","DAVEY","US","H1","20","20","TURF","","NONE","","","","","","","OWNER","2024/11/29","","","","","2","Added",""
"2025/01/23","13034.5","A","NV","1L4","CAL NEV ARI","US","16/34","4140","65","SAND","FAIR","NONE","","","","","","NSTD","ADO","2024/12/09","","","","","2","Added",""
"2025/01/23","13104.1","A","NV","0L9","OVERTON","US","07/25","3400","50","ASPH","FAIR","NONE","","","","","","","ADO","2024/12/06","12.5","","","","2","Added",""
"2025/01/23","13106.81","A","NV","NV00","PAHRUMP","US","17/35","2556","50","ASPH-GRVL","FAIR","NONE","","","","","","","ADO","2024/11/21","","","","","2","Added",""
"2025/01/23","16517.53","A","NC","53NR","ASHEVILLE","US","17/35","602","75","TURF","FAIR","NONE","","","","","","NSTD","ADO","2024/11/20","","","","","2","Added",""
"2025/01/23","16810.075","H","NC","NR85","HOLLY SPRINGS","US","H1","50","50","CONC","GOOD","NONE","","","","","","PERI","ADO","2024/12/02","","","","","2","Added",""
"2025/01/23","18189.67","H","OH","9OI2","MENTOR","US","H1","50","50","CONC","","NONE","","","","","","PERI","FAA","2024/12/16","","","","","2","Added",""
"2025/01/23","19352.11","A","OR","40OR","ASHLAND","US","13/31","1030","60","TURF","","NONE","","","","","","","ADO","2024/12/12","","","","","2","Added",""
"2025/01/23","19465.02","H","OR","21OR","HERMISTON","US","H1","100","100","ASPH","","NONE","","","","","","","ADO","2024/12/04","","","","","2","Added",""
"2025/01/23","21010.02","H","PA","58PN","MUNCY","US","H1","36","36","CONC","","NONE","","","","","","","OWNER","2024/10/02","","","","","2","Added",""
"2025/01/23","21439.5","H","PA","PN47","SELLERSVILLE","US","H1","55","55","MATS","","NONE","","","","","","","OWNER","2024/10/02","","","","","2","Added",""
"2025/01/23","21545.32","H","PA","PN85","STATE COLLEGE","US","H1","30","30","TURF","","NONE","","","","","","","OWNER","2024/10/02","","","","","2","Added",""
"2025/01/23","21984.56","H","RI","02RI","NEWPORT","US","H1","100","100","TURF","","NONE","","","","","","","OWNER","2024/11/14","","","","","2","Added",""
"2025/01/23","22574.505","A","SC","95SC","WILLISTON","US","13/31","2395","50","TURF","FAIR","NONE","","","","","","NSTD","ADO","2024/12/05","","","","","2","Added",""
"2025/01/23","23160.13","A","TN","64TN","PULASKI","US","10/28","942","100","TURF","","NONE","","","","","","NSTD","ADO","2024/12/05","","","","","2","Added",""
"2025/01/23","23366.01","H","TX","TA40","ATLANTA","US","H1","40","40","CONC","FAIR","NONE","","","","","","PERI","OWNER","2024/12/09","","","","","2","Added",""
"2025/01/23","23515.12","H","TX","XS63","BULVERDE","US","H1","50","50","TURF","FAIR","NONE","","","","","","","OWNER","2024/11/29","","","","","2","Added",""
"2025/01/23","23617.71","A","TX","39TT","CLEBURNE","US","15/33","1400","100","TURF","FAIR","NONE","","","","","","","OWNER","2024/12/03","","","","","2","Added",""
"2025/01/23","24062.12","A","TX","XA81","HONEY GROVE","US","02/20","3097","60","TURF","FAIR","NONE","","","","","","","OWNER","2024/12/10","","","","","2","Added",""
"2025/01/23","24218.01","H","TX","XA28","LINDALE","US","H1","50","50","CONC","FAIR","NONE","","","","","","PERI","OWNER","2024/12/09","","","","","2","Added",""
"2025/01/23","24904.53","H","TX","TX84","TEXARKANA","US","H1","65","65","CONC","GOOD","NONE","","","","","","PERI","OWNER","2024/12/09","","","","","2","Added",""
"2025/01/23","25009.","H","TX","XA82","WEST LAKE HILLS","US","H1","50","40","CONC","","NONE","","","","","","","OWNER","2024/12/04","","","","","2","Added",""
"2025/01/23","25661.23","C","VA","16VG","CAPE CHARLES","US","04W/22W","5191","400","WATER","","NONE","","","","","","","OWNER","2024/12/02","","","","","2","Added",""
"2025/01/23","25809.15","C","VA","7VG4","GRIMSTEAD","US","13W/31W","4602","400","WATER","","NONE","","","","","","","OWNER","2024/11/11","","","","","2","Added",""
"2025/01/23","26159.11","H","WA","WA60","CLE ELUM","US","H1","35","35","CONC-GRVL","","NONE","","","","","","","ADO","2024/11/25","","","","","2","Added",""
"2025/01/23","26333.02","C","WA","1WA","OROVILLE","US","15W/33W","10000","500","WATER","","NONE","","","","","","","ADO","2024/12/04","","","","","2","Added",""
