"EFF_DATE","SITE_NO","SITE_TYPE_CODE","STATE_CODE","ARPT_ID","CITY","COUNTRY_CODE","SKED_SEQ_NO","MONTH","DAY","HOUR","File","Action","Mods"
"2024/12/26","00907.5","A","AR","12XS","BUTLERVILLE","US","1","ALL","ALL","IREG","2","Deleted",""
"2024/12/26","01497.012","H","CA","5CA6","DELANO","US","1","UNATNDD","","","2","Deleted",""
"2024/12/26","01817.47","H","CA","CL71","LOS ANGELES","US","1","UNATNDD","","","2","Deleted",""
"2024/12/26","01886.3","A","CA","MER","ATWATER","US","1","ALL","ALL","0900-1800","1","Modified","DAY HOUR"
"2025/01/23","01886.3","A","CA","MER","ATWATER","US","1","ALL","MON-FRI","0800-1700","2","Modified","DAY HOUR"
"2024/12/26","03083.","A","FL","BKV","BROOKSVILLE","US","1","ALL","ALL","0600-2200","1","Modified","HOUR"
"2025/01/23","03083.","A","FL","BKV","BROOKSVILLE","US","1","ALL","ALL","0700-1800","2","Modified","HOUR"
"2024/12/26","03093.19","H","FL","3FA6","BUSHNELL","US","1","UNATNDD","","","1","Modified","MONTH DAY HOUR"
"2025/01/23","03093.19","H","FL","3FA6","BUSHNELL","US","1","ALL","MON-FRI","1400-2200","2","Modified","MONTH DAY HOUR"
"2024/12/26","03112.","A","FL","CLW","CLEARWATER","US","1","ALL","ALL","0700-2100","1","Modified","HOUR"
"2025/01/23","03112.","A","FL","CLW","CLEARWATER","US","1","ALL","ALL","0700-1900","2","Modified","HOUR"
"2024/12/26","03319.2","H","FL","69FL","MARIANNA","US","1","ALL","ALL","0700-1900","2","Deleted",""
"2024/12/26","03326.","A","FL","TNT","MIAMI","US","3","ALL","ALL","0830-1730","1","Modified","MONTH DAY HOUR"
"2025/01/23","03326.","A","FL","TNT","MIAMI","US","3","WED","SAT","0800-1800","2","Modified","MONTH DAY HOUR"
"2024/12/26","04268.","A","ID","MUO","MOUNTAIN HOME","US","1","ALL","","","1","Modified","DAY HOUR"
"2025/01/23","04268.","A","ID","MUO","MOUNTAIN HOME","US","1","ALL","MON-THU","1400-1700Z++","2","Modified","DAY HOUR"
"2024/12/26","04640.","A","IL","70IL","FARMERSVILLE","US","1","UNATNDD","","","2","Deleted",""
"2024/12/26","04798.1","A","IL","1IS4","LANARK","US","1","UNATNDD","","","2","Deleted",""
"2024/12/26","04837.02","C","IL","8IL7","MC HENRY","US","1","UNATNDD","","","2","Deleted",""
"2024/12/26","04846.51","A","IL","LL24","MANTENO","US","1","ALL","ALL","SR-SS","2","Deleted",""
"2024/12/26","04893.1","A","IL","LL09","MUNDELEIN","US","1","ALL","ALL","0900-1700","2","Deleted",""
"2024/12/26","04940.","A","IL","89IL","PESOTUM","US","1","ALL","ALL","IRREG","2","Deleted",""
"2024/12/26","04972.7","H","IL","1IS7","ROCKFORD","US","1","ALL","MON-FRI","0800-1700","2","Deleted",""
"2024/12/26","05000.9","A","IL","2LL9","SOMONAUK","US","1","UNATNDD","","","2","Deleted",""
"2024/12/26","05039.3","A","IL","IS02","WATSEKA","US","1","UNATNDD","","","2","Deleted",""
"2024/12/26","07055.05","A","KY","2KY3","BOWLING GREEN","US","1","UNATNDD","","","2","Deleted",""
"2024/12/26","10890.","A","MN","OWA","OWATONNA","US","1","MAY-SEP","MON-FRI","0800-1800","1","Modified","HOUR"
"2025/01/23","10890.","A","MN","OWA","OWATONNA","US","1","MAY-SEP","MON-FRI","0800-1700","2","Modified","HOUR"
"2024/12/26","11029.9","A","MN","TWM","TWO HARBORS","US","1","NOV-APR","MON-FRI","0800-1700","1","Modified","MONTH HOUR"
"2025/01/23","11029.9","A","MN","TWM","TWO HARBORS","US","1","ALL","MON-FRI","0800-1400","2","Modified","MONTH HOUR"
"2024/12/26","11029.9","A","MN","TWM","TWO HARBORS","US","2","MAY-OCT","SUN-SAT","0800-1700","2","Deleted",""
"2024/12/26","13359.","A","NH","NH43","NOTTINGHAM","US","1","UNATNDD","","","2","Deleted",""
"2024/12/26","17016.9","A","NC","NR10","PINK HILL","US","1","UNATNDD","","","2","Deleted",""
"2024/12/26","18865.","A","OK","CHK","CHICKASHA","US","1","ALL","ALL","0700-1800","1","Modified","HOUR"
"2025/01/23","18865.","A","OK","CHK","CHICKASHA","US","1","ALL","ALL","0700-1700","2","Modified","HOUR"
"2024/12/26","19481.","A","OR","LMT","KLAMATH FALLS","US","2","ALL","SAT-SUN","UNATNDD","2","Deleted",""
"2024/12/26","21569.01","H","PA","2PS8","SUNBURY","US","1","ALL","ALL","ALL","2","Deleted",""
"2024/12/26","24057.9","A","TX","INJ","HILLSBORO","US","1","ALL","MON-FRI","0800-1700","1","Modified","DAY"
"2025/01/23","24057.9","A","TX","INJ","HILLSBORO","US","1","ALL","MON-SAT","0800-1700","2","Modified","DAY"
"2024/12/26","24705.1","H","TX","MDA","SAN ANTONIO","US","1","OPERS 1400-2300Z MON-FRI","","","1","Modified","MONTH"
"2025/01/23","24705.1","H","TX","MDA","SAN ANTONIO","US","1","OPERS 1400-2330Z TUE-FRI++","","","2","Modified","MONTH"
"2024/12/26","25526.","A","VT","RUT","RUTLAND","US","1","ALL","ALL","0700-2000","1","Modified","HOUR"
"2025/01/23","25526.","A","VT","RUT","RUTLAND","US","1","ALL","ALL","0700-1930","2","Modified","HOUR"
"2024/12/26","25526.01","H","VT","VT16","RUTLAND","US","1","UNATNDD","","","2","Deleted",""
"2024/12/26","25661.212","A","VA","VG33","CAPE CHARLES","US","1","ALL","ALL","SR-SS","2","Deleted",""
"2024/12/26","25662.7","A","VA","VA66","CATLETT","US","1","UNATNDD","","","2","Deleted",""
"2024/12/26","25713.3","A","VA","02VA","CULPEPER","US","1","UNATNDD","","","2","Deleted",""
"2024/12/26","25826.1","A","VA","2VA8","HOLLAND","US","1","UNATNDD","","","2","Deleted",""
"2024/12/26","25973.31","A","VA","4VA3","RICHMOND","US","1","ALL","ALL","ALL","2","Deleted",""
"2024/12/26","27505.","A","WI","PDC","PRAIRIE DU CHIEN","US","1","ALL","ALL","1000-1600","1","Modified","DAY HOUR"
"2025/01/23","27505.","A","WI","PDC","PRAIRIE DU CHIEN","US","1","ALL","MON-FRI","0800-1700","2","Modified","DAY HOUR"
"2025/01/23","00913.01","A","AR","6AR5","CARLISLE","US","1","UNATNDD","","","2","Added",""
"2025/01/23","00937.76","H","AR","93AR","DANVILLE","US","1","UNATNDD","","","2","Added",""
"2025/01/23","12697.83","H","NE","44NE","DAVEY","US","1","UNATNDD","","","2","Added",""
"2025/01/23","18189.67","H","OH","9OI2","MENTOR","US","1","UNATNDD","","","2","Added",""
"2025/01/23","23366.01","H","TX","TA40","ATLANTA","US","1","UNATNDD","","","2","Added",""
"2025/01/23","23515.12","H","TX","XS63","BULVERDE","US","1","UNATNDD","","","2","Added",""
"2025/01/23","23617.71","A","TX","39TT","CLEBURNE","US","1","UNATNDD","","","2","Added",""
"2025/01/23","24062.12","A","TX","XA81","HONEY GROVE","US","1","UNATNDD","","","2","Added",""
"2025/01/23","24218.01","H","TX","XA28","LINDALE","US","1","UNATNDD","","","2","Added",""
"2025/01/23","24904.53","H","TX","TX84","TEXARKANA","US","1","UNATNDD","","","2","Added",""
"2025/01/23","25009.","H","TX","XA82","WEST LAKE HILLS","US","1","UNATNDD","","","2","Added",""
