"EFF_DATE","SITE_NO","SITE_TYPE_CODE","STATE_CODE","ARPT_ID","CITY","COUNTRY_CODE","TITLE","NAME","ADDRESS1","ADDRESS2","TITLE_CITY","STATE","ZIP_CODE","ZIP_PLUS_FOUR","PHONE_NO","File","Action","Mods"
"2024/12/26","00438.","A","AL","MOB","MOBILE","US","MANAGER","CHRIS CURRY","P O BOX 88004","","MOBILE","AL","36608","0004","251-639-4680","1","Modified","NAME PHONE_NO"
"2025/01/23","00438.","A","AL","MOB","MOBILE","US","MANAGER","ANDY WILSON","P O BOX 88004","","MOBILE","AL","36608","0004","251-633-4510","2","Modified","NAME PHONE_NO"
"2024/12/26","00682.3","A","AZ","5AZ9","FORT THOMAS","US","MANAGER","SCOTT MURPHY","P.O. BOX 219","","FORT THOMAS","AZ","85536","","","1","Modified","PHONE_NO"
"2025/01/23","00682.3","A","AZ","5AZ9","FORT THOMAS","US","MANAGER","SCOTT MURPHY","P.O. BOX 219","","FORT THOMAS","AZ","85536","","928-485-9289","2","Modified","PHONE_NO"
"2024/12/26","00763.","A","AZ","PRC","PRESCOTT","US","MANAGER","ROBIN SOBOTTA","6630 AIRPORT AVENUE","","PRESCOTT","AZ","86301","","928-777-1114","1","Modified","NAME"
"2025/01/23","00763.","A","AZ","PRC","PRESCOTT","US","MANAGER","RICK CRIDER","6630 AIRPORT AVENUE","","PRESCOTT","AZ","86301","","928-777-1114","2","Modified","NAME"
"2024/12/26","00901.1","A","AR","HKA","BLYTHEVILLE","US","MANAGER","JUSTIN BAGLEY","PO BOX 285","","BLYTHEVILLE","AR","72316","","870-780-4635","1","Modified","ADDRESS1 ZIP_CODE PHONE_NO"
"2025/01/23","00901.1","A","AR","HKA","BLYTHEVILLE","US","MANAGER","JUSTIN BAGLEY","5349 N STATE HWY 980","","BLYTHEVILLE","AR","72315","","870-763-0200","2","Modified","ADDRESS1 ZIP_CODE PHONE_NO"
"2024/12/26","00907.5","A","AR","12XS","BUTLERVILLE","US","MANAGER","DANNY D MC CROSKEY","13472 HIGHWAY 31 N","","WARD","AR","72176","","501-843-7061","2","Deleted",""
"2024/12/26","00907.5","A","AR","12XS","BUTLERVILLE","US","OWNER","DAN MC CROSKEY","13472 HWY 31N","","WARD","AR","72176","","501-843-7061","2","Deleted",""
"2024/12/26","01126.2","A","AR","7M4","OSCEOLA","US","MANAGER","RAY FULMER","200 AIRPORT ROAD","","OSCEOLA","AR","72370","","479-522-1150","1","Modified","NAME PHONE_NO"
"2025/01/23","01126.2","A","AR","7M4","OSCEOLA","US","MANAGER","JUSTIN BAGLEY","200 AIRPORT ROAD","","OSCEOLA","AR","72370","","870-763-0200","2","Modified","NAME PHONE_NO"
"2024/12/26","01128.2","H","MS","3MS2","HERNANDO","US","MANAGER","BOB JARMIN","","","","","","","6624043859","1","Modified","NAME PHONE_NO"
"2025/01/23","01128.2","H","MS","3MS2","HERNANDO","US","MANAGER","STEVE PALMER","","","","","","","662-469-8789","2","Modified","NAME PHONE_NO"
"2024/12/26","01476.1","A","CA","CL25","CUYAMA","US","OWNER","THERESA A. KING","8968 CHESTNUT ROAN WAY","","ALPINE","CA","91901","2787","619-445-8968","1","Modified","ADDRESS1 TITLE_CITY ZIP_CODE ZIP_PLUS_FOUR"
"2025/01/23","01476.1","A","CA","CL25","CUYAMA","US","OWNER","THERESA A. KING","8456 STUBBLEFIELD RD","","MARICOPA","CA","93252","","619-445-8968","2","Modified","ADDRESS1 TITLE_CITY ZIP_CODE ZIP_PLUS_FOUR"
"2024/12/26","01497.012","H","CA","5CA6","DELANO","US","MANAGER","","","","","","","","","2","Deleted",""
"2024/12/26","01497.012","H","CA","5CA6","DELANO","US","OWNER","JIM JOSEPHSON/LEE BROWN","ROUTE 1, BOX 422","","DELANO","CA","93215","","805-725-1898","2","Deleted",""
"2024/12/26","01817.47","H","CA","CL71","LOS ANGELES","US","MANAGER","MIKE WONG","1 LMU DRIVE","","LOS ANGELES","CA","90045","","(310) 338-5389","2","Deleted",""
"2024/12/26","01817.47","H","CA","CL71","LOS ANGELES","US","OWNER","LOYOLA MARYMOUNT UNIVERSITY","1 LMU DRIVE","","LOS ANGELES","CA","90045","","(310) 338-5389","2","Deleted",""
"2024/12/26","01853.13","H","CA","CN57","MADERA","US","MANAGER","PETE ANDERSON","301 COUNTY AIRPORT RD","SUITE 207","VACAVILLE","CA","95688","","707-449-5832","1","Modified","PHONE_NO"
"2025/01/23","01853.13","H","CA","CN57","MADERA","US","MANAGER","PETE ANDERSON","301 COUNTY AIRPORT RD","SUITE 207","VACAVILLE","CA","95688","","209-662-1101","2","Modified","PHONE_NO"
"2024/12/26","01886.3","A","CA","MER","ATWATER","US","MANAGER","MARK MIMMS","2222 M STREET","","MERCED","CA","95340","4180","209-385-7686","1","Modified","NAME PHONE_NO"
"2025/01/23","01886.3","A","CA","MER","ATWATER","US","MANAGER","GEORGE CLOVER","2222 M STREET","","MERCED","CA","95340","4180","209-617-5399","2","Modified","NAME PHONE_NO"
"2024/12/26","02166.17","H","CA","CL97","SAN DIEGO","US","MANAGER","DANIEL GOYCOCHEA","4077 5TH AVE","MER 22","SAN DIEGO","CA","92103","","(619) 260-7358","1","Modified","NAME PHONE_NO"
"2025/01/23","02166.17","H","CA","CL97","SAN DIEGO","US","MANAGER","JJ MENDOZA","4077 5TH AVE","MER 22","SAN DIEGO","CA","92103","","619-260-7320","2","Modified","NAME PHONE_NO"
"2024/12/26","02180.02","H","CA","CN50","SAN DIEGO","US","MANAGER","BRIAN CUNNINGHAM","3020 CHILDREN'S WAY","","SAN DIEGO","CA","92123","","858-361-3332","1","Modified","NAME ADDRESS1 ADDRESS2 PHONE_NO"
"2025/01/23","02180.02","H","CA","CN50","SAN DIEGO","US","MANAGER","ROY ROBINSON","MC 5044","3020 CHILDREN'S WAY","SAN DIEGO","CA","92123","","858-576-1700","2","Modified","NAME ADDRESS1 ADDRESS2 PHONE_NO"
"2024/12/26","02931.","A","CT","CT66","WASHINGTON","US","MANAGER","DR. CAMERON BROWN","96 ROMFORD ROAD","","WASHINGTON DEPOT","CT","06794","","(860) 567-1011","1","Modified","NAME ADDRESS1 PHONE_NO"
"2025/01/23","02931.","A","CT","CT66","WASHINGTON","US","MANAGER","DAN FASULO","96 ROMFORD RD","","WASHINGTON DEPOT","CT","06794","","917-783-1275","2","Modified","NAME ADDRESS1 PHONE_NO"
"2024/12/26","02931.","A","CT","CT66","WASHINGTON","US","OWNER","DR. CAMERON BROWN","96 ROMFORD ROAD","","WASHINGTON DEPOT","CT","06794","","(860) 567-1011","1","Modified","NAME ADDRESS1 PHONE_NO"
"2025/01/23","02931.","A","CT","CT66","WASHINGTON","US","OWNER","100 RUMFORD ROAD LLC","96 ROMFORD RD","","WASHINGTON DEPOT","CT","06794","","917-783-1275","2","Modified","NAME ADDRESS1 PHONE_NO"
"2024/12/26","03033.2","A","FL","0J8","ARCHER","US","MANAGER","WALKER MORAN","3302 SOUTHWEST 154TH ST","","ARCHER","FL","32618","","305-744-8078","1","Modified","NAME"
"2025/01/23","03033.2","A","FL","0J8","ARCHER","US","MANAGER","FLYING TEN, INC.","3302 SOUTHWEST 154TH ST","","ARCHER","FL","32618","","305-744-8078","2","Modified","NAME"
"2024/12/26","03093.19","H","FL","3FA6","BUSHNELL","US","MANAGER","BRENT EVANS","122 N CHURCH STREET","","BUSHNELL","FL","33513","","352-303-0052","1","Modified","NAME ADDRESS1 PHONE_NO"
"2025/01/23","03093.19","H","FL","3FA6","BUSHNELL","US","MANAGER","TRAVIS SEARS","478 EAST SEMINOLE AVE","","BUSHNELL","FL","33513","","352-569-1600","2","Modified","NAME ADDRESS1 PHONE_NO"
"2024/12/26","03093.19","H","FL","3FA6","BUSHNELL","US","OWNER","WILLIAM O. FARMER JR","1010 N MAIN STREET","","BUSHNELL","FL","33513","","352-303-0052","1","Modified","NAME ADDRESS1 TITLE_CITY ZIP_CODE PHONE_NO"
"2025/01/23","03093.19","H","FL","3FA6","BUSHNELL","US","OWNER","SHERIFF PATRICK BREEDEN","7361 POWELL RD","","WILDWOOD","FL","34785","","352-661-8870","2","Modified","NAME ADDRESS1 TITLE_CITY ZIP_CODE PHONE_NO"
"2024/12/26","03096.42","H","FL","FD66","CAPE CORAL","US","OWNER","CAPE CORAL HOSPITAL","DIRECTOR OF PLANT OPERATIONS","636 DEL PRADO BLVD","CAPE CORAL","FL","33990","","239-424-2360","1","Modified","NAME"
"2025/01/23","03096.42","H","FL","FD66","CAPE CORAL","US","OWNER","LEE HEALTH SYSTEM, INC.","DIRECTOR OF PLANT OPERATIONS","636 DEL PRADO BLVD","CAPE CORAL","FL","33990","","239-424-2360","2","Modified","NAME"
"2024/12/26","03102.","A","FL","CDK","CEDAR KEY","US","MANAGER","WILBUR DEAN","GEORGE T LEWIS AIRPORT","PO BOX 310","BRONSON","FL","32621","","352-486-5218","1","Modified","NAME ADDRESS1"
"2025/01/23","03102.","A","FL","CDK","CEDAR KEY","US","MANAGER","MARY-ELLEN HARPER","PO BOX 310","PO BOX 310","BRONSON","FL","32621","","352-486-5218","2","Modified","NAME ADDRESS1"
"2024/12/26","03107.03","A","FL","79FL","CHIEFLAND","US","MANAGER","MARTIN SKIPPER","10535 LARISSA ST","","ORLANDO","FL","32821","","407-314-6618","1","Modified","NAME"
"2025/01/23","03107.03","A","FL","79FL","CHIEFLAND","US","MANAGER","KATHERINE TYRIVER","10535 LARISSA ST","","ORLANDO","FL","32821","","407-314-6618","2","Modified","NAME"
"2024/12/26","03118.","A","FL","2IS","CLEWISTON","US","MANAGER","RICK MCELROY","1090 AIRGLADES BLVD","SUITE 200","CLEWISTON","FL","33440","","614-499-4437","1","Modified","NAME PHONE_NO"
"2025/01/23","03118.","A","FL","2IS","CLEWISTON","US","MANAGER","ERIKA ALMANZA","1090 AIRGLADES BLVD","SUITE 200","CLEWISTON","FL","33440","","863-656-4066","2","Modified","NAME PHONE_NO"
"2024/12/26","03118.","A","FL","2IS","CLEWISTON","US","OWNER","HENDRY COUNTY","P.O. BOX 1607","99 EAST COWBOY WAY","LABELLE","FL","33975","1607","863-675-5252","1","Modified","PHONE_NO"
"2025/01/23","03118.","A","FL","2IS","CLEWISTON","US","OWNER","HENDRY COUNTY","P.O. BOX 1607","99 EAST COWBOY WAY","LABELLE","FL","33975","1607","863-675-5329","2","Modified","PHONE_NO"
"2024/12/26","03178.5","A","FL","X36","ENGLEWOOD","US","OWNER","SARASOTA COUNTY","1660 RINGLING BLVD","","SARASOTA","FL","34236","","941-861-0730","1","Modified","PHONE_NO"
"2025/01/23","03178.5","A","FL","X36","ENGLEWOOD","US","OWNER","SARASOTA COUNTY","1660 RINGLING BLVD","","SARASOTA","FL","34236","","941-861-5000","2","Modified","PHONE_NO"
"2024/12/26","03196.3","H","FL","FD67","FORT MYERS","US","OWNER","LEE MEMORIAL HOSPITAL","2776 CLEVELAND AVE","","FORT MYERS","FL","33901","","239-343-2622","1","Modified","NAME"
"2025/01/23","03196.3","H","FL","FD67","FORT MYERS","US","OWNER","LEE HEALTH SYSTEM, INC.","2776 CLEVELAND AVE","","FORT MYERS","FL","33901","","239-343-2622","2","Modified","NAME"
"2024/12/26","03196.33","H","FL","67FD","FORT MYERS","US","MANAGER","ROD WILKERSON","2727 WINKLER AVE","","FORT MYERS","FL","33901","","239-939-8392","1","Modified","ADDRESS1 ADDRESS2"
"2025/01/23","03196.33","H","FL","67FD","FORT MYERS","US","MANAGER","ROD WILKERSON","GULF COAST MEDICAL CENTER","2727 WINKLER AVE","FORT MYERS","FL","33901","","239-939-8392","2","Modified","ADDRESS1 ADDRESS2"
"2024/12/26","03196.33","H","FL","67FD","FORT MYERS","US","OWNER","LEE MEMORIAL HEALTH SYSTEM","2780 CLEVELAND AVE","","FORT MYERS","FL","33901","","239-336-6922","1","Modified","NAME"
"2025/01/23","03196.33","H","FL","67FD","FORT MYERS","US","OWNER","LEE HEALTH SYSTEM, INC.","2780 CLEVELAND AVE","","FORT MYERS","FL","33901","","239-336-6922","2","Modified","NAME"
"2024/12/26","03198.","A","FL","FMY","FORT MYERS","US","OWNER","LEE COUNTY PORT AUTHORITY","11000 TERMINAL ACCESS RD SUITE 8671","","FORT MYERS","FL","33913","","239-590-4800","1","Modified","PHONE_NO"
"2025/01/23","03198.","A","FL","FMY","FORT MYERS","US","OWNER","LEE COUNTY PORT AUTHORITY","11000 TERMINAL ACCESS RD SUITE 8671","","FORT MYERS","FL","33913","","239-590-4700","2","Modified","PHONE_NO"
"2024/12/26","03199.01","H","FL","3FL9","FORT MYERS","US","MANAGER","","","","","","","","","1","Modified","NAME ADDRESS1 ADDRESS2 TITLE_CITY STATE ZIP_CODE"
"2025/01/23","03199.01","H","FL","3FL9","FORT MYERS","US","MANAGER","ROD ALLEN","HEALTHPARK OF FLORIDA EMERGENCY HEL","4211 METRO PARKWAY","FT. MYERS","FL","33916","","","2","Modified","NAME ADDRESS1 ADDRESS2 TITLE_CITY STATE ZIP_CODE"
"2024/12/26","03199.01","H","FL","3FL9","FORT MYERS","US","OWNER","HOSPITAL BD OF DIRS OF LEE CTY","9981 SOUTH HEALTH PARK DRIVE","","FORT MYERS","FL","33908","","","1","Modified","NAME"
"2025/01/23","03199.01","H","FL","3FL9","FORT MYERS","US","OWNER","LEE HEALTH SYSTEM, INC.","9981 SOUTH HEALTH PARK DRIVE","","FORT MYERS","FL","33908","","","2","Modified","NAME"
"2024/12/26","03281.1","A","FL","X49","LAKELAND","US","MANAGER","RAMON TORRES","SOUTH LAKELAND AIRPORT","7500 CORONE ROAD","MULBERRY","FL","33860","8307","863-417-2177","1","Modified","ADDRESS2"
"2025/01/23","03281.1","A","FL","X49","LAKELAND","US","MANAGER","RAMON TORRES","SOUTH LAKELAND AIRPORT","7500 CORONET ROAD","MULBERRY","FL","33860","8307","863-417-2177","2","Modified","ADDRESS2"
"2024/12/26","03319.2","H","FL","69FL","MARIANNA","US","MANAGER","JOHN B GRIFFIN","6189 GLENMORE CT","","MARIANNA","FL","32446","","850-209-2573","2","Deleted",""
"2024/12/26","03319.2","H","FL","69FL","MARIANNA","US","OWNER","JOHN B GRIFFIN","6189 GLENMORE CT","","MARIANNA","FL","32446","","850-209-2573","2","Deleted",""
"2024/12/26","03326.","A","FL","TNT","MIAMI","US","MANAGER","ELVIN HERNANDEZ","14201 NW LEJEUNE RD","","OPA-LOCKA","FL","33054","","(305) 869-1662","1","Modified","NAME ADDRESS1 TITLE_CITY ZIP_CODE PHONE_NO"
"2025/01/23","03326.","A","FL","TNT","MIAMI","US","MANAGER","HEIDI ANTHONY","5600 NW 36TH ST","","MIAMI","FL","33166","","786-582-4620","2","Modified","NAME ADDRESS1 TITLE_CITY ZIP_CODE PHONE_NO"
"2024/12/26","03326.","A","FL","TNT","MIAMI","US","OWNER","MIAMI-DADE  COUNTY","MIAMI-DADE AVIATION DEPARTMENT","PO BOX 025504","MIAMI","FL","33102","5504","(305) 876-0464","1","Modified","PHONE_NO"
"2025/01/23","03326.","A","FL","TNT","MIAMI","US","OWNER","MIAMI-DADE  COUNTY","MIAMI-DADE AVIATION DEPARTMENT","PO BOX 025504","MIAMI","FL","33102","5504","305-876-7038","2","Modified","PHONE_NO"
"2024/12/26","03396.","A","FL","OBE","OKEECHOBEE","US","MANAGER","THOMAS BLACK","2800 NW 20TH TRL","","OKEECHOBEE","FL","34972","","863-467-5505","1","Modified","NAME"
"2025/01/23","03396.","A","FL","OBE","OKEECHOBEE","US","MANAGER","CHRISTOPHER GEORGES","2800 NW 20TH TRL","","OKEECHOBEE","FL","34972","","863-467-5505","2","Modified","NAME"
"2024/12/26","03396.002","H","FL","60FA","OKEECHOBEE","US","MANAGER","AARON WAINMAN","1440 SW 43RD STREET","","FORT LAUDERDALE","FL","33315","","239-849-2365","1","Modified","ADDRESS1 TITLE_CITY ZIP_CODE"
"2025/01/23","03396.002","H","FL","60FA","OKEECHOBEE","US","MANAGER","AARON WAINMAN","16900 CR 721","","OKEECHOBEE","FL","34974","","239-849-2365","2","Modified","ADDRESS1 TITLE_CITY ZIP_CODE"
"2024/12/26","03422.52","H","FL","1FD7","PALM BEACH GARDENS","US","MANAGER","NICK VASILIOU","400 AVENUE OF THE CHAMPIONS","","PALM BEACH GARDENS","FL","33418","","561-627-2000","1","Modified","NAME"
"2025/01/23","03422.52","H","FL","1FD7","PALM BEACH GARDENS","US","MANAGER","LUKE EICHLER","400 AVENUE OF THE CHAMPIONS","","PALM BEACH GARDENS","FL","33418","","561-627-2000","2","Modified","NAME"
"2024/12/26","03446.","A","FL","PCM","PLANT CITY","US","MANAGER","BRETT FAY","4007 AIRPORT RD","","PLANT CITY","FL","33622","","(813) 870-8735","1","Modified","ADDRESS1 TITLE_CITY PHONE_NO"
"2025/01/23","03446.","A","FL","PCM","PLANT CITY","US","MANAGER","BRETT FAY","PO BOX 22287","","TAMPA","FL","33622","","813-870-8735","2","Modified","ADDRESS1 TITLE_CITY PHONE_NO"
"2024/12/26","03446.","A","FL","PCM","PLANT CITY","US","OWNER","HILLSBOROUGH COUNTY AVIATION AUTH","P.O. BOX 22287","","TAMPA","FL","33622","","(813) 870-8711","1","Modified","PHONE_NO"
"2025/01/23","03446.","A","FL","PCM","PLANT CITY","US","OWNER","HILLSBOROUGH COUNTY AVIATION AUTH","P.O. BOX 22287","","TAMPA","FL","33622","","813-870-8711","2","Modified","PHONE_NO"
"2024/12/26","03455.1","A","FL","F13","PUNTA GORDA","US","MANAGER","NICOLE WILLIAMS","36880 WASHINGTON LOOP ROAD","","PUNTA GORDA","FL","33982","9506","239-673-8328","1","Modified","PHONE_NO"
"2025/01/23","03455.1","A","FL","F13","PUNTA GORDA","US","MANAGER","NICOLE WILLIAMS","36880 WASHINGTON LOOP ROAD","","PUNTA GORDA","FL","33982","9506","941-456-2375","2","Modified","PHONE_NO"
"2024/12/26","03474.","A","FL","SPG","ST PETERSBURG","US","OWNER","CITY OF ST PETERSBURG","107 8TH AVENUE, S.E.","","ST PETERSBURG","FL","33701","","727-893-7654","1","Modified","PHONE_NO"
"2025/01/23","03474.","A","FL","SPG","ST PETERSBURG","US","OWNER","CITY OF ST PETERSBURG","107 8TH AVENUE, S.E.","","ST PETERSBURG","FL","33701","","727-892-5715","2","Modified","PHONE_NO"
"2024/12/26","03483.11","H","FL","FA22","SARASOTA","US","MANAGER","JEFFREY HECK","500 CENTER RD","","SARASOTA","FL","34240","","941-321-7770","1","Modified","NAME ADDRESS1 PHONE_NO"
"2025/01/23","03483.11","H","FL","FA22","SARASOTA","US","MANAGER","JAMES GABBERT","7502 CLAXSTRAUSS","","SARASOTA","FL","34240","","941-915-6674","2","Modified","NAME ADDRESS1 PHONE_NO"
"2024/12/26","03483.11","H","FL","FA22","SARASOTA","US","OWNER","HECK PROPERTIES LLC","8336 BARTON FARMS BLVD","","SARASOTA","FL","34240","","941-321-7770","1","Modified","NAME ADDRESS1 PHONE_NO"
"2025/01/23","03483.11","H","FL","FA22","SARASOTA","US","OWNER","M&G INVESTMENT PROPERTIES","7502 CLAXSTRAUSS","","SARASOTA","FL","34240","","941-915-6674","2","Modified","NAME ADDRESS1 PHONE_NO"
"2024/12/26","03513.1","A","FL","VDF","TAMPA","US","OWNER","HILLSBOROUGH COUNTY AVIATION AUTH","PO BOX 22287","","TAMPA","FL","33622","","(813) 870-8776","1","Modified","PHONE_NO"
"2025/01/23","03513.1","A","FL","VDF","TAMPA","US","OWNER","HILLSBOROUGH COUNTY AVIATION AUTH","PO BOX 22287","","TAMPA","FL","33622","","813-870-8711","2","Modified","PHONE_NO"
"2024/12/26","03515.","A","FL","X39","TAMPA","US","MANAGER","ANGELA BRAMMER","TAMPA NORTH AERO PARK","4241 BIRD SONG BOULEVARD","LUTZ","FL","33559","","813-973-3703","1","Modified","ADDRESS2"
"2025/01/23","03515.","A","FL","X39","TAMPA","US","MANAGER","ANGELA BRAMMER","TAMPA NORTH AERO PARK","4241 BIRDSONG BLVD","LUTZ","FL","33559","","813-973-3703","2","Modified","ADDRESS2"
"2024/12/26","03515.","A","FL","X39","TAMPA","US","OWNER","HELICOPTER. STRUCTURAL & MAINT. INC","4241 BIRDSONG BLVD.","","LUTZ","FL","33559","","813-973-3703","1","Modified","NAME ADDRESS1"
"2025/01/23","03515.","A","FL","X39","TAMPA","US","OWNER","HELICOPTER STRUCTURAL & MAINT. INC","4241 BIRDSONG BLVD","","LUTZ","FL","33559","","813-973-3703","2","Modified","NAME ADDRESS1"
"2024/12/26","03519.","A","FL","TPF","TAMPA","US","MANAGER","BRETT FAY","PO BOX 22287","","TAMPA","FL","33606","","(813) 870-8735","1","Modified","PHONE_NO"
"2025/01/23","03519.","A","FL","TPF","TAMPA","US","MANAGER","BRETT FAY","PO BOX 22287","","TAMPA","FL","33606","","813-870-8735","2","Modified","PHONE_NO"
"2024/12/26","03519.","A","FL","TPF","TAMPA","US","OWNER","HILLSBOROUGH COUNTY AVIATION AUTH","PO BOX 22287","","TAMPA","FL","33622","","(813) 870-8776","1","Modified","PHONE_NO"
"2025/01/23","03519.","A","FL","TPF","TAMPA","US","OWNER","HILLSBOROUGH COUNTY AVIATION AUTH","PO BOX 22287","","TAMPA","FL","33622","","813-870-8711","2","Modified","PHONE_NO"
"2024/12/26","03782.5","A","GA","49A","ELLIJAY","US","MANAGER","JUSTIN HEITMAN","455 SUNLIGHT ROAD","","ELLIJAY","GA","30540","","706-889-2255","1","Modified","NAME PHONE_NO"
"2025/01/23","03782.5","A","GA","49A","ELLIJAY","US","MANAGER","SHARON COURSON","455 SUNLIGHT ROAD","","ELLIJAY","GA","30540","","706-502-2878","2","Modified","NAME PHONE_NO"
"2024/12/26","03928.2","A","GA","1GA9","MONROE","US","MANAGER","ROBERT W HALL","1310 PLEASANT VALLEY RD","","MONROE","GA","30655","","678-772-8144","1","Modified","NAME ADDRESS1"
"2025/01/23","03928.2","A","GA","1GA9","MONROE","US","MANAGER","ROBERT HALL","1061 PLEASANT VALLEY RD","","MONROE","GA","30655","","678-772-8144","2","Modified","NAME ADDRESS1"
"2024/12/26","03928.2","A","GA","1GA9","MONROE","US","OWNER","EQUINE AVIATION LLC","1310 PLEASANT VALLEY RD","","MONROE","GA","30655","","678-772-8144","1","Modified","NAME ADDRESS1"
"2025/01/23","03928.2","A","GA","1GA9","MONROE","US","OWNER","ROBERT HALL","1061 PLEASANT VALLEY RD","","MONROE","GA","30655","","678-772-8144","2","Modified","NAME ADDRESS1"
"2024/12/26","04148.3","A","ID","1ID4","BOISE","US","MANAGER","KEVIN BENTLEY","2750 S CESSNA AVE","","OASIS","ID","83647","","208-890-4472","1","Modified","NAME ADDRESS1 PHONE_NO"
"2025/01/23","04148.3","A","ID","1ID4","BOISE","US","MANAGER","DEAN ANDERSON","1926 E BONANZA CT","","OASIS","ID","83647","","208-703-8732","2","Modified","NAME ADDRESS1 PHONE_NO"
"2024/12/26","04206.","A","ID","SUN","HAILEY","US","OWNER","CITY OF HAILEY","BLANE CO - BOX 400","","HAILEY","ID","83333","","(208) 788-4221","1","Modified","PHONE_NO"
"2025/01/23","04206.","A","ID","SUN","HAILEY","US","OWNER","CITY OF HAILEY","BLANE CO - BOX 400","","HAILEY","ID","83333","","208-788-4221","2","Modified","PHONE_NO"
"2024/12/26","04450.","A","IL","3IS8","BRADFORD","US","MANAGER","GLEN RINKENBERGER","12912 600 NORTH AVE","","BRADFORD","IL","61421","","309-897-8160","1","Modified","NAME ADDRESS1 PHONE_NO"
"2025/01/23","04450.","A","IL","3IS8","BRADFORD","US","MANAGER","RICK COOK","405 E WASHINGTON ST","","BRADFORD","IL","61421","","779-732-0492","2","Modified","NAME ADDRESS1 PHONE_NO"
"2024/12/26","04450.","A","IL","3IS8","BRADFORD","US","OWNER","GLEN RINKENBERGER","12912 600 NORTH AVE","","BRADFORD","IL","61421","","309-897-8160","1","Modified","NAME ADDRESS1 TITLE_CITY ZIP_CODE PHONE_NO"
"2025/01/23","04450.","A","IL","3IS8","BRADFORD","US","OWNER","PETER ANDRIOTIS","340 E HILL ST","","TISKILA","IL","61368","","815-646-4572","2","Modified","NAME ADDRESS1 TITLE_CITY ZIP_CODE PHONE_NO"
"2024/12/26","04508.2","A","IL","3CK","CHICAGO/LAKE IN THE HILLS","US","MANAGER","JOELLE GARGIA","8397 PYOTT ROAD","","LAKE IN THE HILLS","IL","60156","","815-479-7960 #2","1","Modified","NAME PHONE_NO"
"2025/01/23","04508.2","A","IL","3CK","CHICAGO/LAKE IN THE HILLS","US","MANAGER","LUIS ZARAGOZA","8397 PYOTT ROAD","","LAKE IN THE HILLS","IL","60156","","224-241-4188","2","Modified","NAME PHONE_NO"
"2024/12/26","04545.33","A","IL","40IL","CORNELL","US","MANAGER","EDWARD AND SANDRA BIGGEST","15433-129TH STREET","","LEMONT","IL","60439","","630-257-7865","1","Modified","NAME ADDRESS1 TITLE_CITY ZIP_CODE PHONE_NO"
"2025/01/23","04545.33","A","IL","40IL","CORNELL","US","MANAGER","EDWARD   BIGGEST","14121 EAST 2600 NORTH RD","","CORNELL","IL","61319","","815-674-3543","2","Modified","NAME ADDRESS1 TITLE_CITY ZIP_CODE PHONE_NO"
"2024/12/26","04545.33","A","IL","40IL","CORNELL","US","OWNER","EDWARD AND SANDRA BIGGEST","15433-129TH STREET","","LEMONT","IL","60439","","630-257-7865","1","Modified","NAME ADDRESS1 TITLE_CITY ZIP_CODE PHONE_NO"
"2025/01/23","04545.33","A","IL","40IL","CORNELL","US","OWNER","EDWARD   BIGGEST","14121 EAST 2600 NORTH RD","","CORNELL","IL","61319","","815-674-3543","2","Modified","NAME ADDRESS1 TITLE_CITY ZIP_CODE PHONE_NO"
"2024/12/26","04555.12","H","IL","28IL","CRYSTAL LAKE","US","MANAGER","MERCYHEALTH CRYSTAL LAKE HOSPITAL","875 S. ROUTE 31","","CRYSTAL LAKE","IL","60014","","608-295-3522","1","Modified","NAME PHONE_NO"
"2025/01/23","04555.12","H","IL","28IL","CRYSTAL LAKE","US","MANAGER","RICK LAMBERT","875 S. ROUTE 31","","CRYSTAL LAKE","IL","60014","","224-622-9907","2","Modified","NAME PHONE_NO"
"2024/12/26","04555.12","H","IL","28IL","CRYSTAL LAKE","US","OWNER","MERCYHEALTH CRYSTAL LAKE HOSPITAL","875 S. ROUTE 31","","CRYSTAL LAKE","IL","60014","","608-295-3522","1","Modified","NAME PHONE_NO"
"2025/01/23","04555.12","H","IL","28IL","CRYSTAL LAKE","US","OWNER","MERCY HEALTH SYSTEM CORPORATION","875 S. ROUTE 31","","CRYSTAL LAKE","IL","60014","","608-756-6247","2","Modified","NAME PHONE_NO"
"2024/12/26","04640.","A","IL","70IL","FARMERSVILLE","US","MANAGER","DONALD MURPHY","7051 MORRISONVILLE AVE","","HARVEL","IL","62538","4041","(217) 341-9242","2","Deleted",""
"2024/12/26","04640.","A","IL","70IL","FARMERSVILLE","US","OWNER","DONALD MURPHY","7051 MORRISONVILLE AVE","","HARVEL","IL","62538","4041","(217) 341-9242","2","Deleted",""
"2024/12/26","04798.1","A","IL","1IS4","LANARK","US","MANAGER","VIRGIL J. SWANSON","25732 A GEORGETOWN RD","","LANARK","IL","61046","","815-493-2221","2","Deleted",""
"2024/12/26","04798.1","A","IL","1IS4","LANARK","US","OWNER","VIRGIL J. SWANSON","25732 A GEORGETOWN RD.","","LANARK","IL","61046","","815-493-2221","2","Deleted",""
"2024/12/26","04837.02","C","IL","8IL7","MC HENRY","US","MANAGER","VERNE JOBST","2921 STERLING DRIVE","","MC HENRY","IL","60050","2662","(815) 861-1300","2","Deleted",""
"2024/12/26","04837.02","C","IL","8IL7","MC HENRY","US","OWNER","VERNE JOBST","2921 STERLING DRIVE","","MC HENRY","IL","60050","2662","(815) 861-1300","2","Deleted",""
"2024/12/26","04846.458","H","IL","6IL3","MANSFIELD","US","MANAGER","KELSY REYNOLDS","2708 N 1300 E ROAD","","MANSFIELD","IL","61854","","(217) 841-3021","1","Modified","NAME PHONE_NO"
"2025/01/23","04846.458","H","IL","6IL3","MANSFIELD","US","MANAGER","KIMBERLY REYNOLDS","2708 N 1300 E ROAD","","MANSFIELD","IL","61854","","217-418-2820","2","Modified","NAME PHONE_NO"
"2024/12/26","04846.51","A","IL","LL24","MANTENO","US","MANAGER","DAN LESAGE","1896 E. AMBERSTONE ROAD","","MANTENO","IL","60950","","815-468-6149","2","Deleted",""
"2024/12/26","04846.51","A","IL","LL24","MANTENO","US","OWNER","DAN LESAGE","1896 E. AMBERSTONE ROAD","","MANTENO","IL","60950","","815-468-6149","2","Deleted",""
"2024/12/26","04867.52","A","IL","83IL","MINONK","US","MANAGER","JOHN OLTMAN","2311 COUNTY ROAD 2100N","","MINONK","IL","61760","","309-231-3370","1","Modified","NAME ADDRESS1 TITLE_CITY ZIP_CODE PHONE_NO"
"2025/01/23","04867.52","A","IL","83IL","MINONK","US","MANAGER","RANDY KOEHLER","2040 CR 2200 EAST","","BENSON","IL","61616","","309-208-2555","2","Modified","NAME ADDRESS1 TITLE_CITY ZIP_CODE PHONE_NO"
"2024/12/26","04867.52","A","IL","83IL","MINONK","US","OWNER","PAMELA SHUCK-HOEHNE  & JOHN OLTMAN","2311 COUNTY ROAD 2100N","","MINONK","IL","61760","","(309) 231-3370","1","Modified","NAME"
"2025/01/23","04867.52","A","IL","83IL","MINONK","US","OWNER","PAMELA SHUCK-HOEHNE & OLTMAN TRUST","2311 COUNTY ROAD 2100N","","MINONK","IL","61760","","(309) 231-3370","2","Modified","NAME"
"2024/12/26","04871.97","H","IL","IS74","MONTGOMERY","US","MANAGER","DOUGLAS S. HOLMAN","","","","","","","(630) 859-4913","2","Deleted",""
"2024/12/26","04871.97","H","IL","IS74","MONTGOMERY","US","OWNER","CATERPILLAR INC","PO BOX 348","","AURORA","IL","60507","","(630) 859-5000","2","Deleted",""
"2024/12/26","04893.1","A","IL","LL09","MUNDELEIN","US","MANAGER","A.S. SIDHU","2207 GREENVIEW RD","","NORTHBROOK","IL","60062","","(847) 858-4778","2","Deleted",""
"2024/12/26","04893.1","A","IL","LL09","MUNDELEIN","US","OWNER","AIR ESTATES INC.","2207 GREENVIEW RD","","NORTHBROOK","IL","60062","","","2","Deleted",""
"2024/12/26","04938.01","A","IL","6IL0","PEORIA","US","MANAGER","NATE'S AWESOME LLC","8408 STATE ROUTE 91","","PEORIA","IL","61615","","309-208-6303","2","Deleted",""
"2024/12/26","04938.01","A","IL","6IL0","PEORIA","US","OWNER","NATE'S AWESOME LLC","8408 STATE ROUTE 91","","PEORIA","IL","61615","","309-208-6303","2","Deleted",""
"2024/12/26","04940.","A","IL","89IL","PESOTUM","US","MANAGER","ALAN SCHWENK","804 WEST WHITE STREET","","CHAMPAIGN","IL","61820","","(217) 402-4420","2","Deleted",""
"2024/12/26","04940.","A","IL","89IL","PESOTUM","US","OWNER","DEAN SCHWENK","804 WEST WHITE STREET","","CHAMPAIGN","IL","61820","","(217) 979-9122","2","Deleted",""
"2024/12/26","04972.7","H","IL","1IS7","ROCKFORD","US","MANAGER","RICHARD RADUUZEL","707 FULTON AVENUE","","ROCKFORD","IL","61101","","(815) 987-6014","2","Deleted",""
"2024/12/26","04972.7","H","IL","1IS7","ROCKFORD","US","OWNER","INGERSOLL MACHINE TOOLS INC.","707 FULTON AVENUE","","ROCKFORD","IL","61101","","(815) 987-6014","2","Deleted",""
"2024/12/26","05000.9","A","IL","2LL9","SOMONAUK","US","MANAGER","RONALD W. GEORGE","13376 CHICAGO RD","","SOMONAUK","IL","60552","","815-786-7514","2","Deleted",""
"2024/12/26","05000.9","A","IL","2LL9","SOMONAUK","US","OWNER","RONALD W. GEORGE","13376 CHICAGO RD","","SOMONAUK","IL","60552","","815-786-7514","2","Deleted",""
"2024/12/26","05039.3","A","IL","IS02","WATSEKA","US","MANAGER","MICHAEL L DIETCHWEILER","1849 N. 1800 E. RD.","","WATSEKA","IL","60970","","815-432-4999","2","Deleted",""
"2024/12/26","05039.3","A","IL","IS02","WATSEKA","US","OWNER","MICHAEL L DIETCHWEILER","1849 N. 1800 E. RD.","","WATSEKA","IL","60970","","815-432-4999","2","Deleted",""
"2024/12/26","06420.","A","IA","3Y3","WINTERSET","US","MANAGER","AARON ARMSTRONG","3405 NORTH 8TH AVE","","WINTERSET","IA","50273","","515-205-9919","1","Modified","NAME PHONE_NO"
"2025/01/23","06420.","A","IA","3Y3","WINTERSET","US","MANAGER","RANDY BENGE","3405 NORTH 8TH AVE","","WINTERSET","IA","50273","","515-979-7250","2","Modified","NAME PHONE_NO"
"2024/12/26","06420.","A","IA","3Y3","WINTERSET","US","OWNER","WNTRSET ARPT AUTH","3405 NORTH 8TH AVENUE","","WINTERSET","IA","50273","","515-205-9919","1","Modified","PHONE_NO"
"2025/01/23","06420.","A","IA","3Y3","WINTERSET","US","OWNER","WNTRSET ARPT AUTH","3405 NORTH 8TH AVENUE","","WINTERSET","IA","50273","","515-979-7250","2","Modified","PHONE_NO"
"2024/12/26","06659.3","A","KS","HLC","HILL CITY","US","MANAGER","DENNIS MERSCH","205 N. POMEROY ST.","","HILL CITY","KS","67642","","785-216-0122","1","Modified","NAME PHONE_NO"
"2025/01/23","06659.3","A","KS","HLC","HILL CITY","US","MANAGER","CONNOR LARSON","205 N. POMEROY ST.","","HILL CITY","KS","67642","","785-769-3400","2","Modified","NAME PHONE_NO"
"2024/12/26","06811.","A","KS","OJC","OLATHE","US","MANAGER","LARRY PEET","ONE NEW CENTURY PARKWAY","","NEW CENTURY","KS","66031","","913-715-6000","1","Modified","NAME PHONE_NO"
"2025/01/23","06811.","A","KS","OJC","OLATHE","US","MANAGER","BRYAN JOHNSON","ONE NEW CENTURY PARKWAY","","NEW CENTURY","KS","66031","","913-715-6002","2","Modified","NAME PHONE_NO"
"2024/12/26","07055.05","A","KY","2KY3","BOWLING GREEN","US","MANAGER","HENRY HONAKER","4918 WOODBURN-ALLEN SPRINGS ROAD","","WOODBURN","KY","42170","","270-781-2470","2","Deleted",""
"2024/12/26","07055.05","A","KY","2KY3","BOWLING GREEN","US","OWNER","HENRY HONAKER","4918 WOODBURN-ALLEN SPRINGS ROAD","","WOODBURN","KY","42170","","270-781-2470","2","Deleted",""
"2024/12/26","08005.","A","ME","ME91","GORHAM","US","MANAGER","CALVIN J. REYNOLDS, JR","P.O. BOX 99","","GORHAM","ME","04038","","(207) 838-4854","1","Modified","NAME ADDRESS1 TITLE_CITY ZIP_CODE PHONE_NO"
"2025/01/23","08005.","A","ME","ME91","GORHAM","US","MANAGER","JARED LANIEWSKI","129 WEBSTER ROAD","","BUXTON","ME","04093","","207-615-7526","2","Modified","NAME ADDRESS1 TITLE_CITY ZIP_CODE PHONE_NO"
"2024/12/26","08005.","A","ME","ME91","GORHAM","US","OWNER","CALVIN J. REYNOLDS, JR","P.O. BOX 99","","GORHAM","ME","04038","","(207) 838-4854","1","Modified","NAME ADDRESS1 ZIP_CODE PHONE_NO"
"2025/01/23","08005.","A","ME","ME91","GORHAM","US","OWNER","JARED LANIEWSKI","129 WEBSTER ROAD","","GORHAM","ME","04093","","207-615-7526","2","Modified","NAME ADDRESS1 ZIP_CODE PHONE_NO"
"2024/12/26","08215.13","H","ME","68ME","PORTLAND","US","MANAGER","THOMAS JUDGE - LIFEFLIGHT OF MAINE","189 ODIN RD, BLDG 600","","BANGOR","ME","04401","","207-275-2961","1","Modified","NAME ADDRESS1"
"2025/01/23","08215.13","H","ME","68ME","PORTLAND","US","MANAGER","LIFEFLIGHT OF MAINE","189 ODLIN ROAD","","BANGOR","ME","04401","","207-275-2961","2","Modified","NAME ADDRESS1"
"2024/12/26","09566.","A","MI","BEH","BENTON HARBOR","US","MANAGER","VINCENT DESJARDINS","1123 TERRITORIAL RD","","BENTON HARBOR","MI","49022","2939","269-927-3194","1","Modified","NAME"
"2025/01/23","09566.","A","MI","BEH","BENTON HARBOR","US","MANAGER","SHANNON CHRISTY","1123 TERRITORIAL RD","","BENTON HARBOR","MI","49022","2939","269-927-3194","2","Modified","NAME"
"2024/12/26","10226.","A","MI","61D","PLAINWELL","US","MANAGER","VIRGIL WILLIAMS","132 COUNTRY CLUB BLVD","","PLAINWELL","MI","49080","9120","269-685-6268","1","Modified","PHONE_NO"
"2025/01/23","10226.","A","MI","61D","PLAINWELL","US","MANAGER","VIRGIL WILLIAMS","132 COUNTRY CLUB BLVD","","PLAINWELL","MI","49080","9120","269-492-5022","2","Modified","PHONE_NO"
"2024/12/26","10551.1","A","MN","BBB","BENSON","US","MANAGER","DAN GENS","1410 KANSAS AVE","","BENSON","MN","56215","","(320) 368-2703","1","Modified","NAME PHONE_NO"
"2025/01/23","10551.1","A","MN","BBB","BENSON","US","MANAGER","ROB WOLFINGTON","1410 KANSAS AVE","","BENSON","MN","56215","","320-843-3448","2","Modified","NAME PHONE_NO"
"2024/12/26","10677.","A","MN","EVM","EVELETH","US","MANAGER","TED LEWIS","413 PIERCE STREET","","EVELETH","MN","04094","4094","218-744-6175","1","Modified","NAME PHONE_NO"
"2025/01/23","10677.","A","MN","EVM","EVELETH","US","MANAGER","KRIS JOHNSON","413 PIERCE STREET","","EVELETH","MN","04094","4094","218-748-1262","2","Modified","NAME PHONE_NO"
"2024/12/26","10780.","A","MN","12Y","LE SUEUR","US","MANAGER","ANDREW CEMENSKI","505 BORIGHT ST","","LE SUEUR","MN","56058","1452","507-593-8351","1","Modified","NAME PHONE_NO"
"2025/01/23","10780.","A","MN","12Y","LE SUEUR","US","MANAGER","JOEL SCHMIDT","505 BORIGHT ST","","LE SUEUR","MN","56058","1452","507-593-8378","2","Modified","NAME PHONE_NO"
"2024/12/26","10797.3","A","MN","14Y","LONG PRAIRIE","US","MANAGER","THEODORE GRAY","615 LAKE ST. S","","LONG PRAIRIE","MN","56347","","320-732-2167","1","Modified","NAME"
"2025/01/23","10797.3","A","MN","14Y","LONG PRAIRIE","US","MANAGER","CANDACE BRUDER","615 LAKE ST. S","","LONG PRAIRIE","MN","56347","","320-732-2167","2","Modified","NAME"
"2024/12/26","10869.","A","MN","ULM","NEW ULM","US","MANAGER","BRYAN CHRISTENSEN","1617 HIGHWAY 14 W","","NEW ULM","MN","56073","2331","507-354-4337","1","Modified","NAME"
"2025/01/23","10869.","A","MN","ULM","NEW ULM","US","MANAGER","GABE SOEHREN","1617 HIGHWAY 14 W","","NEW ULM","MN","56073","2331","507-354-4337","2","Modified","NAME"
"2024/12/26","10901.","A","MN","47Y","PELICAN RAPIDS","US","MANAGER","LANCE ROISUM","315 N BROADWAY","BOX 350","PELICAN RAPIDS","MN","56572","","218-863-7053","1","Modified","NAME PHONE_NO"
"2025/01/23","10901.","A","MN","47Y","PELICAN RAPIDS","US","MANAGER","BRIAN OLSON","315 N BROADWAY","BOX 350","PELICAN RAPIDS","MN","56572","","218-863-6571","2","Modified","NAME PHONE_NO"
"2024/12/26","10912.2","H","MN","96MN","PIPESTONE","US","MANAGER","BRADLEY BURRIS","916 4TH AVE. SW","","PIPESTONE","MN","56164","","507-825-6163","1","Modified","ADDRESS1"
"2025/01/23","10912.2","H","MN","96MN","PIPESTONE","US","MANAGER","BRADLEY BURRIS","916 4TH AVE SW","","PIPESTONE","MN","56164","","507-825-6163","2","Modified","ADDRESS1"
"2024/12/26","10912.2","H","MN","96MN","PIPESTONE","US","OWNER","PIPESTONE COUNTY MEDICAL CENTER","916 4TH AVE. SW","","PIPESTONE","MN","56164","","507-825-6163","1","Modified","ADDRESS1"
"2025/01/23","10912.2","H","MN","96MN","PIPESTONE","US","OWNER","PIPESTONE COUNTY MEDICAL CENTER","916 4TH AVE SW","","PIPESTONE","MN","56164","","507-825-6163","2","Modified","ADDRESS1"
"2024/12/26","10950.13","H","MN","MN56","ROCHESTER","US","MANAGER","PAUL DRUCKER","200 1ST STREET SW","","ROCHESTER","MN","55905","","507-255-5459","1","Modified","NAME ADDRESS1 PHONE_NO"
"2025/01/23","10950.13","H","MN","MN56","ROCHESTER","US","MANAGER","MAYO CLINIC","200 FIRST STREET SW","","ROCHESTER","MN","55905","","507-266-1487","2","Modified","NAME ADDRESS1 PHONE_NO"
"2024/12/26","11003.12","A","MN","D42","SPRINGFIELD","US","MANAGER","AMBER DALE","2 E CENTRAL ST","","SPRINGFIELD","MN","56087","","507-723-3524","1","Modified","NAME PHONE_NO"
"2025/01/23","11003.12","A","MN","D42","SPRINGFIELD","US","MANAGER","JUSTTINA ERICKSON","2 E CENTRAL ST","","SPRINGFIELD","MN","56087","","507-723-3500","2","Modified","NAME PHONE_NO"
"2024/12/26","11055.1","A","MN","ACQ","WASECA","US","MANAGER","BRENT LANGER","508 STATE ST S","","WASECA","MN","56093","3033","507-456-3426","1","Modified","PHONE_NO"
"2025/01/23","11055.1","A","MN","ACQ","WASECA","US","MANAGER","BRENT LANGER","508 STATE ST S","","WASECA","MN","56093","3033","507-835-5920","2","Modified","PHONE_NO"
"2024/12/26","11088.2","A","MN","MWM","WINDOM","US","MANAGER","BRIAN UNDERWOOD","444 9TH ST.","PO BOX 38","WINDOM","MN","56101","","507-830-0273","1","Modified","NAME PHONE_NO"
"2025/01/23","11088.2","A","MN","MWM","WINDOM","US","MANAGER","STEVE NASBY","444 9TH ST.","PO BOX 38","WINDOM","MN","56101","","507-381-6129","2","Modified","NAME PHONE_NO"
"2024/12/26","11710.","H","MO","92MO","EUREKA","US","MANAGER","","1 PUTT LANE","","EUREKA","MO","63025","","","1","Modified","NAME PHONE_NO"
"2025/01/23","11710.","H","MO","92MO","EUREKA","US","MANAGER","JEFF BUDROVICH","1 PUTT LANE","","EUREKA","MO","63025","","636-938-3354","2","Modified","NAME PHONE_NO"
"2024/12/26","11710.","H","MO","92MO","EUREKA","US","OWNER","FOX RUN GOLF CLUB INC","1 PUTT LANE","","EUREKA","MO","63025","","660-938-3354","1","Modified","PHONE_NO"
"2025/01/23","11710.","H","MO","92MO","EUREKA","US","OWNER","FOX RUN GOLF CLUB INC","1 PUTT LANE","","EUREKA","MO","63025","","636-938-3354","2","Modified","PHONE_NO"
"2024/12/26","12433.","A","MT","LVM","LIVINGSTON","US","MANAGER","PAUL LYMAN","COUNTY BLDG, 414 E CALLENDER","","LIVINGSTON","MT","59047","","406-451-1944","1","Modified","NAME"
"2025/01/23","12433.","A","MT","LVM","LIVINGSTON","US","MANAGER","STEVE KOONTZ","COUNTY BLDG, 414 E CALLENDER","","LIVINGSTON","MT","59047","","406-451-1944","2","Modified","NAME"
"2024/12/26","12512.","A","MT","S64","STANFORD","US","MANAGER","TYLER YOUDERIAN","PO BOX 400","","STANFORD","MT","59479","","(406) 490-7708","1","Modified","PHONE_NO"
"2025/01/23","12512.","A","MT","S64","STANFORD","US","MANAGER","TYLER YOUDERIAN","PO BOX 400","","STANFORD","MT","59479","","406-490-7708","2","Modified","PHONE_NO"
"2024/12/26","13104.1","A","NV","0L9","OVERTON","US","MANAGER","LUCAS RHEA","601 NEVADA HWY","","BOULDER CITY","NV","89005","","702-556-2255","1","Modified","NAME ADDRESS1 ADDRESS2 TITLE_CITY PHONE_NO"
"2025/01/23","13104.1","A","NV","0L9","OVERTON","US","MANAGER","LAKE MEAD NATL REC AREA","NATIONAL PARK SERVICE, INTER REG 8","601 NEVADA HIGHWAY","BOULDER","NV","89005","","702-293-8990","2","Modified","NAME ADDRESS1 ADDRESS2 TITLE_CITY PHONE_NO"
"2024/12/26","13256.61","H","NH","NH81","FRANKLIN","US","MANAGER","JOHN D. PRICKETT","80 HIGHLAND ST","","LACONIA","NH","03246","","603-524-3211","1","Modified","NAME ADDRESS1 TITLE_CITY ZIP_CODE PHONE_NO"
"2025/01/23","13256.61","H","NH","NH81","FRANKLIN","US","MANAGER","MIKE MELODY","250 PLEASANT STREET","","CONCORD","NH","03301","","603-203-6151","2","Modified","NAME ADDRESS1 TITLE_CITY ZIP_CODE PHONE_NO"
"2024/12/26","13256.61","H","NH","NH81","FRANKLIN","US","OWNER","CONCORD HOSPITAL - FRANKLIN","15 AIKEN AVE","","FRANKLIN","NH","03235","","603-934-2060","1","Modified","PHONE_NO"
"2025/01/23","13256.61","H","NH","NH81","FRANKLIN","US","OWNER","CONCORD HOSPITAL - FRANKLIN","15 AIKEN AVE","","FRANKLIN","NH","03235","","603-524-3211","2","Modified","PHONE_NO"
"2024/12/26","13312.15","H","NH","44NH","LACONIA","US","MANAGER","MITCHELL B. JEAN","80 HIGHLAND ST","","LACONIA","NH","03246","","603-527-2890","1","Modified","NAME ADDRESS1 TITLE_CITY ZIP_CODE PHONE_NO"
"2025/01/23","13312.15","H","NH","44NH","LACONIA","US","MANAGER","MIKE MELODY","250 PLEASANT STREET","","CONCORD","NH","03301","","603-230-6151","2","Modified","NAME ADDRESS1 TITLE_CITY ZIP_CODE PHONE_NO"
"2024/12/26","13312.3","H","NH","71NH","LACONIA","US","MANAGER","JARED KAUFMAN","BRADY SULLIVAN PROPERTIES","670 COMMERCIAL ST","MANCHESTER","NH","03101","","603-622-6223","1","Modified","NAME PHONE_NO"
"2025/01/23","13312.3","H","NH","71NH","LACONIA","US","MANAGER","MIKE MERCIER","BRADY SULLIVAN PROPERTIES","670 COMMERCIAL ST","MANCHESTER","NH","03101","","603-851-0192","2","Modified","NAME PHONE_NO"
"2024/12/26","13332.03","H","NH","NH34","MANCHESTER","US","MANAGER","ANNE BILODEAU","670 N COMMERCIAL ST","STE 303","MANCHESTER","NH","03101","","603-622-6223","1","Modified","NAME PHONE_NO"
"2025/01/23","13332.03","H","NH","NH34","MANCHESTER","US","MANAGER","MIKE MERCIER","670 N COMMERCIAL ST","STE 303","MANCHESTER","NH","03101","","603-851-0192","2","Modified","NAME PHONE_NO"
"2024/12/26","13359.","A","NH","NH43","NOTTINGHAM","US","MANAGER","REED MURPHY","393 STAGE RD","","W. NOTTINGHAM","NH","03291","","603-942-5843","2","Deleted",""
"2024/12/26","13359.","A","NH","NH43","NOTTINGHAM","US","OWNER","REED MURPHY & RZM REALTY TRUST","393 STAGE RD","","W. NOTTINGHAM","NH","03291","","603-942-5843","2","Deleted",""
"2024/12/26","13379.8","H","NH","55NH","PIERMONT","US","MANAGER","PETER ERPELDING","255 RIVER RD","","PIERMONT","NH","03779","","603-272-9654","1","Modified","PHONE_NO"
"2025/01/23","13379.8","H","NH","55NH","PIERMONT","US","MANAGER","PETER ERPELDING","255 RIVER RD","","PIERMONT","NH","03779","","603-322-3155","2","Modified","PHONE_NO"
"2024/12/26","13383.01","H","NH","NH87","PLYMOUTH","US","MANAGER","FRANK A. MILLER","P.O. BOX 456","","PLYMOUTH","NH","03264","0456","603-536-7543","1","Modified","PHONE_NO"
"2025/01/23","13383.01","H","NH","NH87","PLYMOUTH","US","MANAGER","FRANK A. MILLER","P.O. BOX 456","","PLYMOUTH","NH","03264","0456","603-254-5373","2","Modified","PHONE_NO"
"2024/12/26","13383.01","H","NH","NH87","PLYMOUTH","US","OWNER","FRANK A. MILLER","P.O. BOX 456","","PLYMOUTH","NH","03264","0456","603-536-7543","1","Modified","PHONE_NO"
"2025/01/23","13383.01","H","NH","NH87","PLYMOUTH","US","OWNER","FRANK A. MILLER","P.O. BOX 456","","PLYMOUTH","NH","03264","0456","603-254-5373","2","Modified","PHONE_NO"
"2024/12/26","13566.","A","NJ","00N","BRIDGETON","US","MANAGER","AARON PEARL","687 GARDEN RD","","PITTSGROVE","NJ","08318","","609-805-0408","1","Modified","ADDRESS1 TITLE_CITY ZIP_CODE"
"2025/01/23","13566.","A","NJ","00N","BRIDGETON","US","MANAGER","AARON PEARL","19 PARVIN MILL RD","","BRIDGETON","NJ","08302","","609-805-0408","2","Modified","ADDRESS1 TITLE_CITY ZIP_CODE"
"2024/12/26","13612.5","H","NJ","31NJ","CHERRY HILL","US","MANAGER","KEVIN KLEINSCHMIDT","601 WALNUT ST","SUITE 925E","PHILADELPHIA","PA","19106","","215-955-2700","1","Modified","PHONE_NO"
"2025/01/23","13612.5","H","NJ","31NJ","CHERRY HILL","US","MANAGER","KEVIN KLEINSCHMIDT","601 WALNUT ST","SUITE 925E","PHILADELPHIA","PA","19106","","215-760-8967","2","Modified","PHONE_NO"
"2024/12/26","13911.","A","NJ","N07","LINCOLN PARK","US","OWNER","PETER DEROSA","425 BEAVER BROOK ROAD","","LINCOLN PARK","NJ","07035","","973-628-7166","1","Modified","NAME"
"2025/01/23","13911.","A","NJ","N07","LINCOLN PARK","US","OWNER","LINCOLN PARK AIRPORT INC","425 BEAVER BROOK ROAD","","LINCOLN PARK","NJ","07035","","973-628-7166","2","Modified","NAME"
"2024/12/26","14338.11","H","NJ","JY11","STRATFORD","US","MANAGER","KEVIN KLEINSCHMIDT","601 WALNUT ST","SUITE 925E","PHILADELPHIA","PA","19106","","215-955-2700","1","Modified","PHONE_NO"
"2025/01/23","14338.11","H","NJ","JY11","STRATFORD","US","MANAGER","KEVIN KLEINSCHMIDT","601 WALNUT ST","SUITE 925E","PHILADELPHIA","PA","19106","","215-760-8967","2","Modified","PHONE_NO"
"2024/12/26","14544.","A","NM","N19","AZTEC","US","MANAGER","JEFF BLACKBURN","201 W. CHACO","","AZTEC","NM","87410","","505-334-7602","1","Modified","NAME PHONE_NO"
"2025/01/23","14544.","A","NM","N19","AZTEC","US","MANAGER","DIANNE LOPEZ","201 W. CHACO","","AZTEC","NM","87410","","505-497-0734","2","Modified","NAME PHONE_NO"
"2024/12/26","14705.1","A","NM","N24","QUESTA","US","MANAGER","DONALD CASAUS","PO BOX 260","","QUESTA","NM","87556","0260","575-613-2853","1","Modified","NAME PHONE_NO"
"2025/01/23","14705.1","A","NM","N24","QUESTA","US","MANAGER","JACOB LAFORE","PO BOX 260","","QUESTA","NM","87556","0260","575-497-5710","2","Modified","NAME PHONE_NO"
"2024/12/26","15148.","A","NY","4B1","DUANESBURG","US","OWNER","DUANESBURG AVN CORP","5051 WESTERN TURNPIKE","","DUANESBURG","NY","12056","","518-421-8881","1","Modified","PHONE_NO"
"2025/01/23","15148.","A","NY","4B1","DUANESBURG","US","OWNER","DUANESBURG AVN CORP","5051 WESTERN TURNPIKE","","DUANESBURG","NY","12056","","518-390-1133","2","Modified","PHONE_NO"
"2024/12/26","15684.04","H","NY","70NY","MIDDLETOWN","US","MANAGER","GARRY BOYCE JR","1630 MOUNTAIN ROAD","","MIDDLETOWN","NY","10940","","845-343-5400","1","Modified","NAME"
"2025/01/23","15684.04","H","NY","70NY","MIDDLETOWN","US","MANAGER","ERIN BOYCE","1630 MOUNTAIN ROAD","","MIDDLETOWN","NY","10940","","845-343-5400","2","Modified","NAME"
"2024/12/26","15769.","A","NY","NY35","NEW PALTZ","US","MANAGER","PATRICIA A. FLANAGAN","201 AIRPORT LANE","","NEW PALTZ","NY","12561","","845-255-7866","1","Modified","PHONE_NO"
"2025/01/23","15769.","A","NY","NY35","NEW PALTZ","US","MANAGER","PATRICIA A. FLANAGAN","201 AIRPORT LANE","","NEW PALTZ","NY","12561","","646-229-4547","2","Modified","PHONE_NO"
"2024/12/26","16191.2","H","NY","9NY0","SLATE HILL","US","MANAGER","GARRY BOYCE","2817 ROUTE 6","PO BOX 367","SLATE HILL","NY","10973","","845-343-5400","1","Modified","NAME"
"2025/01/23","16191.2","H","NY","9NY0","SLATE HILL","US","MANAGER","ERIN BOYCE","2817 ROUTE 6","PO BOX 367","SLATE HILL","NY","10973","","845-343-5400","2","Modified","NAME"
"2024/12/26","16517.53","A","NC","53NR","ASHEVILLE","US","MANAGER","KEVIN BARKER","53519 BICKETT DRIVE","","CHAPEL HILL","NC","27517","","919-610-8811","1","Modified","ADDRESS1 TITLE_CITY ZIP_CODE"
"2025/01/23","16517.53","A","NC","53NR","ASHEVILLE","US","MANAGER","KEVIN BARKER","1155 OLD LEICESTER HWY","","ASHEVILLE","NC","28806","","919-610-8811","2","Modified","ADDRESS1 TITLE_CITY ZIP_CODE"
"2024/12/26","16517.53","A","NC","53NR","ASHEVILLE","US","OWNER","KEVIN BARKER","53519 BICKETT DRIVE","","CHAPEL HILL","NC","27517","","919-610-8811","1","Modified","ADDRESS1 TITLE_CITY ZIP_CODE"
"2025/01/23","16517.53","A","NC","53NR","ASHEVILLE","US","OWNER","KEVIN BARKER","1155 OLD LEICESTER HWY","","ASHEVILLE","NC","28806","","919-610-8811","2","Modified","ADDRESS1 TITLE_CITY ZIP_CODE"
"2024/12/26","16723.","A","NC","FAY","FAYETTEVILLE","US","MANAGER","ALVESTER T. COLEMAN","400 AIRPORT RD SUITE 1","","FAYETTEVILLE","NC","28306","","910-433-1625","1","Modified","NAME"
"2025/01/23","16723.","A","NC","FAY","FAYETTEVILLE","US","MANAGER","ANDREW LAGALA","400 AIRPORT RD SUITE 1","","FAYETTEVILLE","NC","28306","","910-433-1625","2","Modified","NAME"
"2024/12/26","17016.9","A","NC","NR10","PINK HILL","US","MANAGER","MIKE AVERY","385 PINK HILL ROAD","","PINK HILL","NC","28572","","910-389-3012","2","Deleted",""
"2024/12/26","17016.9","A","NC","NR10","PINK HILL","US","OWNER","C&C VINEYARDS INC.","5093 POTTERS HILL ROAD","","PINK HILL","NC","28572","","910-389-3012","2","Deleted",""
"2024/12/26","17818.","A","OH","DAY","DAYTON","US","MANAGER","GILBERT TURNER","3600 TERMINAL DR STE 300","","VANDALIA","OH","45377","1095","937-454-8202","1","Modified","NAME PHONE_NO"
"2025/01/23","17818.","A","OH","DAY","DAYTON","US","MANAGER","DANIEL J ZENK","3600 TERMINAL DR STE 300","","VANDALIA","OH","45377","1095","937-454-8214","2","Modified","NAME PHONE_NO"
"2024/12/26","17825.","A","OH","MGY","DAYTON","US","MANAGER","BRANDON ELLIS","10550 N SPRINGBORO PIKE","","MIAMISBURG","OH","45342","4956","937-454-8230","1","Modified","ADDRESS1 TITLE_CITY ZIP_CODE ZIP_PLUS_FOUR PHONE_NO"
"2025/01/23","17825.","A","OH","MGY","DAYTON","US","MANAGER","BRANDON ELLIS","3600 TERMINAL DR STE 300","","VANDALIA","OH","45377","1095","937-454-7897","2","Modified","ADDRESS1 TITLE_CITY ZIP_CODE ZIP_PLUS_FOUR PHONE_NO"
"2024/12/26","17825.","A","OH","MGY","DAYTON","US","OWNER","CITY OF DAYTON","3600 TERMINAL DR STE 300","","VANDALIA","OH","45377","1095","937-885-4121","1","Modified","ADDRESS1 TITLE_CITY ZIP_CODE ZIP_PLUS_FOUR PHONE_NO"
"2025/01/23","17825.","A","OH","MGY","DAYTON","US","OWNER","CITY OF DAYTON","101 W 3RD ST","","DAYTON","OH","45402","1859","937-333-3600","2","Modified","ADDRESS1 TITLE_CITY ZIP_CODE ZIP_PLUS_FOUR PHONE_NO"
"2024/12/26","17899.4","A","OH","1G1","ELYRIA","US","OWNER","ANGELO A GOUSIOS","3593 MEDINA RD #319","","MEDINA","OH","44256","8182","440-343-4393","1","Modified","NAME PHONE_NO"
"2025/01/23","17899.4","A","OH","1G1","ELYRIA","US","OWNER","ELYRIA AIRPORT LIMITED","3593 MEDINA RD #319","","MEDINA","OH","44256","8182","440-343-4943","2","Modified","NAME PHONE_NO"
"2024/12/26","18577.","A","OH","TOL","TOLEDO","US","MANAGER","TIM O'DONNELL","11013 AIRPORT HWY","","SWANTON","OH","43558","9321","567-703-8631","1","Modified","NAME"
"2025/01/23","18577.","A","OH","TOL","TOLEDO","US","MANAGER","CHRIS CURRY","11013 AIRPORT HWY","","SWANTON","OH","43558","9321","567-703-8631","2","Modified","NAME"
"2024/12/26","18628.11","H","OH","70OH","WARREN","US","OWNER","TRUMBULL MEMORIAL HOSPITAL","1350 E MARKET ST","","WARREN","OH","44483","6628","724-699-5880","1","Modified","NAME"
"2025/01/23","18628.11","H","OH","70OH","WARREN","US","OWNER","INSIGHT HOSPITAL & MEDICAL CENTER","1350 E MARKET ST","","WARREN","OH","44483","6628","724-699-5880","2","Modified","NAME"
"2024/12/26","18809.06","A","OK","OK50","BEGGS","US","MANAGER","DAN W HOWARD","9061 AIRPORT WAY","","TULSA","OK","74132","","918-260-7728","1","Modified","NAME ADDRESS1 TITLE_CITY ZIP_CODE PHONE_NO"
"2025/01/23","18809.06","A","OK","OK50","BEGGS","US","MANAGER","CHAD WARFORD","2206 HARRELD RD","","BEGGS","OK","74421","","479-866-7939","2","Modified","NAME ADDRESS1 TITLE_CITY ZIP_CODE PHONE_NO"
"2024/12/26","18809.06","A","OK","OK50","BEGGS","US","OWNER","DAN W HOWARD","9061 AIRPORT WAY","","TULSA","OK","74132","","918-260-7728","1","Modified","NAME ADDRESS1 TITLE_CITY ZIP_CODE PHONE_NO"
"2025/01/23","18809.06","A","OK","OK50","BEGGS","US","OWNER","CHAD WARFORD","2206 HARRELD RD","","BEGGS","OK","74421","","479-866-7939","2","Modified","NAME ADDRESS1 TITLE_CITY ZIP_CODE PHONE_NO"
"2024/12/26","18865.","A","OK","CHK","CHICKASHA","US","MANAGER","KEITH JOHNSON","CITY HALL 117 N 4TH STREET","","CHICKASHA","OK","73018","","(405) 222-6045","1","Modified","NAME PHONE_NO"
"2025/01/23","18865.","A","OK","CHK","CHICKASHA","US","MANAGER","DARREN MARTIN","CITY HALL 117 N 4TH STREET","","CHICKASHA","OK","73018","","405-222-6010","2","Modified","NAME PHONE_NO"
"2024/12/26","19481.","A","OR","LMT","KLAMATH FALLS","US","MANAGER","JONATHAN TEICHERT","3000 AIRPORT WAY STE. 300","","KLAMATH FALLS","OR","97603","","(541) 883-5373","1","Modified","PHONE_NO"
"2025/01/23","19481.","A","OR","LMT","KLAMATH FALLS","US","MANAGER","JONATHAN TEICHERT","3000 AIRPORT WAY STE. 300","","KLAMATH FALLS","OR","97603","","541-883-5373","2","Modified","PHONE_NO"
"2024/12/26","19634.85","H","OR","15OR","WARRENTON","US","MANAGER","TODD E. FARMER","1776 MILITIA WAY BOX 14350","","SALEM","OR","97309","5047","503-584-3992","1","Modified","NAME ADDRESS2 PHONE_NO"
"2025/01/23","19634.85","H","OR","15OR","WARRENTON","US","MANAGER","HENRY IDICA","1776 MILITIA WAY BOX 14350","PO BOX 14350","SALEM","OR","97309","5047","971-355-4507","2","Modified","NAME ADDRESS2 PHONE_NO"
"2024/12/26","19634.85","H","OR","15OR","WARRENTON","US","OWNER","OREGON ARMY NATL GUARD","1776 MILITIA WAY BOX 14350","","SALEM","OR","97309","5047","503-945-3903","1","Modified","NAME ADDRESS2 PHONE_NO"
"2025/01/23","19634.85","H","OR","15OR","WARRENTON","US","OWNER","OREGON MILITARY DEPARTMENT AGI","1776 MILITIA WAY BOX 14350","PO BOX 14350","SALEM","OR","97309","5047","971-355-4127","2","Modified","NAME ADDRESS2 PHONE_NO"
"2024/12/26","20665.11","H","PA","3PS6","KEMPTON","US","MANAGER","","","","","","","","","1","Modified","NAME ADDRESS1 TITLE_CITY STATE ZIP_CODE PHONE_NO"
"2025/01/23","20665.11","H","PA","3PS6","KEMPTON","US","MANAGER","SETH KING","167 CHARCOAL LANE","","KEMPTON","PA","19529","","484-256-1532","2","Modified","NAME ADDRESS1 TITLE_CITY STATE ZIP_CODE PHONE_NO"
"2024/12/26","20665.11","H","PA","3PS6","KEMPTON","US","OWNER","","","","","","","","","1","Modified","NAME ADDRESS1 TITLE_CITY STATE ZIP_CODE PHONE_NO"
"2025/01/23","20665.11","H","PA","3PS6","KEMPTON","US","OWNER","SETH KING","167 CHARCOAL LANE","","KEMPTON","PA","19529","","484-256-1532","2","Modified","NAME ADDRESS1 TITLE_CITY STATE ZIP_CODE PHONE_NO"
"2024/12/26","21478.2","A","PA","6PA5","SHIPPENSBURG","US","MANAGER","THOMAS TREZ","797 NEWVILLE RD.","","SHIPPENSBURG","PA","17257","9510","717-776-3679","1","Modified","NAME PHONE_NO"
"2025/01/23","21478.2","A","PA","6PA5","SHIPPENSBURG","US","MANAGER","JOANNE TREZ","797 NEWVILLE RD.","","SHIPPENSBURG","PA","17257","9510","717-360-2750","2","Modified","NAME PHONE_NO"
"2024/12/26","21478.2","A","PA","6PA5","SHIPPENSBURG","US","OWNER","THOMAS TREZ","797 NEWVILLE RD.","","SHIPPENSBURG","PA","17257","9510","717-776-3679","1","Modified","NAME PHONE_NO"
"2025/01/23","21478.2","A","PA","6PA5","SHIPPENSBURG","US","OWNER","JOANNE TREZ","797 NEWVILLE RD.","","SHIPPENSBURG","PA","17257","9510","717-360-2750","2","Modified","NAME PHONE_NO"
"2024/12/26","21569.01","H","PA","2PS8","SUNBURY","US","MANAGER","DAVID WALLACE","350 NORTH 11TH STREET","","SUNBURY","PA","17801","","(570) 286-3553","2","Deleted",""
"2024/12/26","21569.01","H","PA","2PS8","SUNBURY","US","OWNER","UPMC SUSQUEHANNA SUNBURY","350 NORTH 11TH STREET","","SUNBURY","PA","17801","","(570) 286-3553","2","Deleted",""
"2024/12/26","22163.","A","SC","SC03","CAMERON","US","MANAGER","KEN & STEVE MC NEIL","182 AIRPORT LANE","","CAMERON","SC","29030","","803-823-2001","1","Modified","NAME PHONE_NO"
"2025/01/23","22163.","A","SC","SC03","CAMERON","US","MANAGER","KENNETH SCOTT MCNEIL","182 AIRPORT LANE","","CAMERON","SC","29030","","803-682-1884","2","Modified","NAME PHONE_NO"
"2024/12/26","22163.","A","SC","SC03","CAMERON","US","OWNER","KEN & STEVE MC NEIL","182 AIRPORT LANE","","CAMERON","SC","29030","","803-823-2300","1","Modified","NAME PHONE_NO"
"2025/01/23","22163.","A","SC","SC03","CAMERON","US","OWNER","KENNETH SCOTT MCNEIL","182 AIRPORT LANE","","CAMERON","SC","29030","","803-682-1884","2","Modified","NAME PHONE_NO"
"2024/12/26","22300.","A","SC","S17","GRANITEVILLE","US","MANAGER","JAMES ""TONY"" BURGESS","150 PIPER DRIVE","","TRENTON","SC","29647","","803-507-8669","1","Modified","NAME ADDRESS1 TITLE_CITY ZIP_CODE PHONE_NO"
"2025/01/23","22300.","A","SC","S17","GRANITEVILLE","US","MANAGER","TJ NELSON","1604 SC-HIGHWAY 191","","JOHNSTON","SC","29832","","803-640-7107","2","Modified","NAME ADDRESS1 TITLE_CITY ZIP_CODE PHONE_NO"
"2024/12/26","23014.","A","TN","HZD","HUNTINGDON","US","MANAGER","TOMMY SWOR","535 AIRPORT LANE","","MCKENZIE","TN","38201","","731-352-7278","1","Modified","NAME"
"2025/01/23","23014.","A","TN","HZD","HUNTINGDON","US","MANAGER","RICHARD DOMINAS","535 AIRPORT LANE","","MCKENZIE","TN","38201","","731-352-7278","2","Modified","NAME"
"2024/12/26","23189.","A","TN","MQY","SMYRNA","US","MANAGER","JOHN BLACK","278 DOUG WARPOOLE RD.","","SMYRNA","TN","37167","","615-459-2651","1","Modified","NAME"
"2025/01/23","23189.","A","TN","MQY","SMYRNA","US","MANAGER","EVAN LESTER","278 DOUG WARPOOLE RD.","","SMYRNA","TN","37167","","615-459-2651","2","Modified","NAME"
"2024/12/26","23477.","A","TX","BBD","BRADY","US","MANAGER","LISA PERRY","3825 N. BRIDGE ST","","BRADY","TX","76825","","325-597-1461","1","Modified","NAME"
"2025/01/23","23477.","A","TX","BBD","BRADY","US","MANAGER","SCOTT GRIFFIN","3825 N. BRIDGE ST","","BRADY","TX","76825","","325-597-1461","2","Modified","NAME"
"2024/12/26","23485.1","A","TX","11R","BRENHAM","US","MANAGER","JIM HALLEY","3001 AVIATION WAY","","BRENHAM","TX","77833","","979-337-7232","1","Modified","PHONE_NO"
"2025/01/23","23485.1","A","TX","11R","BRENHAM","US","MANAGER","JIM HALLEY","3001 AVIATION WAY","","BRENHAM","TX","77833","","979-337-7230","2","Modified","PHONE_NO"
"2024/12/26","23525.","A","TX","7F3","CADDO MILLS","US","MANAGER","PHIL EATON","PO BOX 490","","CADDO MILLS","TX","75135","","214-585-9953","1","Modified","ADDRESS1 ADDRESS2"
"2025/01/23","23525.","A","TX","7F3","CADDO MILLS","US","MANAGER","PHIL EATON","4246 N, FM 1565","PO BOX 490","CADDO MILLS","TX","75135","","214-585-9953","2","Modified","ADDRESS1 ADDRESS2"
"2024/12/26","23525.","A","TX","7F3","CADDO MILLS","US","OWNER","CITY OF CADDO MILLS","PO BOX 490","","CADDO MILLS","TX","75135","","903-527-3116","1","Modified","ADDRESS1 ADDRESS2"
"2025/01/23","23525.","A","TX","7F3","CADDO MILLS","US","OWNER","CITY OF CADDO MILLS","2313 MAIN ST.","PO BOX 490","CADDO MILLS","TX","75135","","903-527-3116","2","Modified","ADDRESS1 ADDRESS2"
"2024/12/26","23617.","A","TX","CPT","CLEBURNE","US","MANAGER","GARRETT WATSON","1650 AIRPORT DRIVE","","CLEBURNE","TX","76033","","817-641-5456","1","Modified","NAME"
"2025/01/23","23617.","A","TX","CPT","CLEBURNE","US","MANAGER","TRISTEN RIGGINS","1650 AIRPORT DRIVE","","CLEBURNE","TX","76033","","817-641-5456","2","Modified","NAME"
"2024/12/26","23617.","A","TX","CPT","CLEBURNE","US","OWNER","CITY OF CLEBURNE","PO BOX 677","","CLEBURNE","TX","76033","","817-645-0900","1","Modified","ADDRESS1 ADDRESS2"
"2025/01/23","23617.","A","TX","CPT","CLEBURNE","US","OWNER","CITY OF CLEBURNE","10 N ROBINSON","PO BOX 677","CLEBURNE","TX","76033","","817-645-0900","2","Modified","ADDRESS1 ADDRESS2"
"2024/12/26","23625.1","A","TX","7F7","CLIFTON","US","OWNER","CITY OF CLIFTON","PO BOX 231","","CLIFTON","TX","76634","","254-675-8337","1","Modified","ADDRESS1 ADDRESS2"
"2025/01/23","23625.1","A","TX","7F7","CLIFTON","US","OWNER","CITY OF CLIFTON","492 THIRD ST.","PO BOX 231","CLIFTON","TX","76634","","254-675-8337","2","Modified","ADDRESS1 ADDRESS2"
"2024/12/26","23887.2","A","TX","4T2","FORT WORTH","US","OWNER","KEN COPELAND MINISTRIES","14355 MORRIS DIDO RD.","","NEWARK","TX","76071","","817-252-3510","1","Modified","PHONE_NO"
"2025/01/23","23887.2","A","TX","4T2","FORT WORTH","US","OWNER","KEN COPELAND MINISTRIES","14355 MORRIS DIDO RD.","","NEWARK","TX","76071","","817-252-3500","2","Modified","PHONE_NO"
"2024/12/26","23887.3","A","TX","T67","FORT WORTH","US","MANAGER","STEVE GRACE","100 AVIATOR DR.","","FORT WORTH","TX","76179","","(817) 779-4664","1","Modified","PHONE_NO"
"2025/01/23","23887.3","A","TX","T67","FORT WORTH","US","MANAGER","STEVE GRACE","100 AVIATOR DR.","","FORT WORTH","TX","76179","","817-239-2432","2","Modified","PHONE_NO"
"2024/12/26","23965.1","A","TX","GDJ","GRANBURY","US","MANAGER","CODY J. MATHIS, C.M.","400 HOWARD CLEMMONS RD.","","GRANBURY","TX","76048","","817-579-8533","1","Modified","ADDRESS1"
"2025/01/23","23965.1","A","TX","GDJ","GRANBURY","US","MANAGER","CODY J. MATHIS, C.M.","840 ARCHER CT","","GRANBURY","TX","76048","","817-579-8533","2","Modified","ADDRESS1"
"2024/12/26","24705.1","H","TX","MDA","SAN ANTONIO","US","MANAGER","","","","","","","","","1","Modified","NAME ADDRESS1 ADDRESS2 TITLE_CITY STATE ZIP_CODE PHONE_NO"
"2025/01/23","24705.1","H","TX","MDA","SAN ANTONIO","US","MANAGER","TROY MEUTH","TX ARMY NATIONAL GUARD","MARTINDALE AHP","SAN ANTONIO","TX","78219","","210-661-3111","2","Modified","NAME ADDRESS1 ADDRESS2 TITLE_CITY STATE ZIP_CODE PHONE_NO"
"2024/12/26","24899.","A","TX","TRL","TERRELL","US","MANAGER","GLENN CALDWELL","400 INDUSTRIAL BLVD.","","TERRELL","TX","75160","","(972) 551-6614","1","Modified","NAME PHONE_NO"
"2025/01/23","24899.","A","TX","TRL","TERRELL","US","MANAGER","CHRIS SNAPP, P. E.","400 INDUSTRIAL BLVD.","","TERRELL","TX","75160","","972-551-6614","2","Modified","NAME PHONE_NO"
"2024/12/26","24899.","A","TX","TRL","TERRELL","US","OWNER","CITY OF TERRELL","201 EAST NASH","","TERRELL","TX","75160","","(972) 551-6600","1","Modified","PHONE_NO"
"2025/01/23","24899.","A","TX","TRL","TERRELL","US","OWNER","CITY OF TERRELL","201 EAST NASH","","TERRELL","TX","75160","","972-551-6600","2","Modified","PHONE_NO"
"2024/12/26","25016.6","A","TX","TS57","WHARTON","US","MANAGER","JOSEPH ALLEN GILES","4650 FM 1096","","BOLING","TX","77420","0329","979-236-2108","1","Modified","ZIP_PLUS_FOUR"
"2025/01/23","25016.6","A","TX","TS57","WHARTON","US","MANAGER","JOSEPH ALLEN GILES","4650 FM 1096","","BOLING","TX","77420","9823","979-236-2108","2","Modified","ZIP_PLUS_FOUR"
"2024/12/26","25016.6","A","TX","TS57","WHARTON","US","OWNER","ALVIN ALLEN GILES","5020 DEBI STREET","","BOLING","TX","77480","0329","979-239-8532","1","Modified","NAME ADDRESS1 TITLE_CITY ZIP_CODE ZIP_PLUS_FOUR PHONE_NO"
"2025/01/23","25016.6","A","TX","TS57","WHARTON","US","OWNER","JOSEPH ALLEN GILES","PO BOX 2858","","ANGLETON","TX","77516","2858","979-236-2108","2","Modified","NAME ADDRESS1 TITLE_CITY ZIP_CODE ZIP_PLUS_FOUR PHONE_NO"
"2024/12/26","25194.","A","UT","41U","MANTI","US","MANAGER","SEAN LEWIS","5 SOUTH MAIN","","EPHRAIM","UT","84627","","435-283-4631","1","Modified","NAME ADDRESS1 ZIP_CODE PHONE_NO"
"2025/01/23","25194.","A","UT","41U","MANTI","US","MANAGER","KENT BARTON","50 S MAIN","","EPHRAIM","UT","84646","","435-835-2401","2","Modified","NAME ADDRESS1 ZIP_CODE PHONE_NO"
"2024/12/26","25194.","A","UT","41U","MANTI","US","OWNER","CITIES OF MANTI & EPHRAIM","5 SOUTH MAIN","","EPHRAIM","UT","84627","","435-283-4631","1","Modified","ADDRESS1 PHONE_NO"
"2025/01/23","25194.","A","UT","41U","MANTI","US","OWNER","CITIES OF MANTI & EPHRAIM","50 S MAIN","","EPHRAIM","UT","84627","","435-835-2401","2","Modified","ADDRESS1 PHONE_NO"
"2024/12/26","25259.","A","UT","PUC","PRICE","US","MANAGER","GARY SPRINGER","3095 AIRPORT ROAD","3095 EAST AIRPORT ROAD","PRICE","UT","84501","","435-637-9556","1","Modified","NAME PHONE_NO"
"2025/01/23","25259.","A","UT","PUC","PRICE","US","MANAGER","DOUG BULLOCK","3095 AIRPORT ROAD","3095 EAST AIRPORT ROAD","PRICE","UT","84501","","205-910-7989","2","Modified","NAME PHONE_NO"
"2024/12/26","25526.01","H","VT","VT16","RUTLAND","US","MANAGER","JEFFERY DISORDA","366 PINNACLE RIDGE RD.","","RUTLAND","VT","05701","0548","802-770-6240","2","Deleted",""
"2024/12/26","25526.01","H","VT","VT16","RUTLAND","US","OWNER","VERMONT ELECTRIC POWER CO INC","BOX 548","","","","05702","0548","802-773-9161","2","Deleted",""
"2024/12/26","25661.212","A","VA","VG33","CAPE CHARLES","US","MANAGER","J D BULL","P.O. BOX 124","","TOWNSEND","VA","23443","","804-331-3894","2","Deleted",""
"2024/12/26","25661.212","A","VA","VG33","CAPE CHARLES","US","OWNER","J D BULL","P.O. BOX 124","","TOWNSEND","VA","23443","","757-331-2218","2","Deleted",""
"2024/12/26","25662.7","A","VA","VA66","CATLETT","US","MANAGER","ROBERT BREEDEN","10329 HEDDINGS RD","","CATLETT","VA","22019","","540-788-4939","2","Deleted",""
"2024/12/26","25662.7","A","VA","VA66","CATLETT","US","OWNER","ROBT & KRYSTAL BREEDEN","PO BOX 212","","CATLETT","VA","22019","","540-788-4939","2","Deleted",""
"2024/12/26","25713.3","A","VA","02VA","CULPEPER","US","MANAGER","JOE VAN WINGERDEN","21513 GERMANNA HWY","","STEVENSBURG","VA","22741","","540-273-3888","2","Deleted",""
"2024/12/26","25713.3","A","VA","02VA","CULPEPER","US","OWNER","JOE VAN WINGERDEN","21513 GERMANNA HWY","","STEVENSBURG","VA","22741","","540-273-3888","2","Deleted",""
"2024/12/26","25826.1","A","VA","2VA8","HOLLAND","US","MANAGER","","","","","","","","","2","Deleted",""
"2024/12/26","25826.1","A","VA","2VA8","HOLLAND","US","OWNER","PHILIP W. WYNE","7456 ELWOOD RD","","SUFFOLK","VA","","","757-377-4463","2","Deleted",""
"2024/12/26","25863.","A","VA","LYH","LYNCHBURG","US","MANAGER","ANDREW LAGALA","350 TERMINAL DRIVE, SUITE 100","","LYNCHBURG","VA","24502","","434-455-6090","1","Modified","NAME"
"2025/01/23","25863.","A","VA","LYH","LYNCHBURG","US","MANAGER","CEDRIC SIMON","350 TERMINAL DRIVE, SUITE 100","","LYNCHBURG","VA","24502","","434-455-6090","2","Modified","NAME"
"2024/12/26","25973.31","A","VA","4VA3","RICHMOND","US","MANAGER","G P WEAVER","8570 OSBORNE TURNPIKE","","RICHMOND","VA","23231","","804-795-1725","2","Deleted",""
"2024/12/26","25973.31","A","VA","4VA3","RICHMOND","US","OWNER","GERALD WEAVER","8570 OSBORNE TURNPIKE","","RICHMOND","VA","23231","","804-795-1725","2","Deleted",""
"2024/12/26","26341.","A","WA","55S","PACKWOOD","US","MANAGER","RUSSELL MORTON","5239 JACKSON HWY","","TOLEDO","WA","98591","9732","360-864-4966","1","Modified","NAME"
"2025/01/23","26341.","A","WA","55S","PACKWOOD","US","MANAGER","RUSS MORTON","5239 JACKSON HWY","","TOLEDO","WA","98591","9732","360-864-4966","2","Modified","NAME"
"2024/12/26","26437.","A","WA","TDO","TOLEDO","US","MANAGER","RUSSELL MORTON","5239 JACKSON HWY","","TOLEDO","WA","98591","9732","360-864 4966","1","Modified","NAME"
"2025/01/23","26437.","A","WA","TDO","TOLEDO","US","MANAGER","RUSS MORTON","5239 JACKSON HWY","","TOLEDO","WA","98591","9732","360-864 4966","2","Modified","NAME"
"2024/12/26","26438.","A","WA","W01","TONASKET","US","MANAGER","DARREN JOHNSON","PO BOX 487","","TONASKET","WA","98855","","(509) 322-7432","1","Modified","PHONE_NO"
"2025/01/23","26438.","A","WA","W01","TONASKET","US","MANAGER","DARREN JOHNSON","PO BOX 487","","TONASKET","WA","98855","","509-322-7432","2","Modified","PHONE_NO"
"2024/12/26","26444.","A","WA","VUO","VANCOUVER","US","OWNER","CITY OF VANCOUVER","PO BOX 1995","","VANCOUVER","WA","98660","","360-487-8619","1","Modified","NAME"
"2025/01/23","26444.","A","WA","VUO","VANCOUVER","US","OWNER","CITY OF VANCOUVER &NPS","PO BOX 1995","","VANCOUVER","WA","98660","","360-487-8619","2","Modified","NAME"
"2024/12/26","27131.8","A","WI","Y55","CRANDON","US","MANAGER","NORMAN KNOLL","8765 MARY ST","","ARGONNE","WI","54511","","715-649-3225","1","Modified","NAME ADDRESS1 TITLE_CITY ZIP_CODE PHONE_NO"
"2025/01/23","27131.8","A","WI","Y55","CRANDON","US","MANAGER","TIM BAHR","4928 E LAKEVIEW ST","","CRANDON","WI","54520","","715-902-0188","2","Modified","NAME ADDRESS1 TITLE_CITY ZIP_CODE PHONE_NO"
"2024/12/26","27213.1","A","WI","63C","FRIENDSHIP (ADAMS)","US","MANAGER","ROB BROWN","401 ADAMS ST","STE 10","FRIENDSHIP","WI","53934","","608-472-3998","1","Modified","NAME PHONE_NO"
"2025/01/23","27213.1","A","WI","63C","FRIENDSHIP (ADAMS)","US","MANAGER","KYLE PATTERSON","401 ADAMS ST","STE 10","FRIENDSHIP","WI","53934","","608-339-4201","2","Modified","NAME PHONE_NO"
"2024/12/26","27373.","A","WI","LUM","MENOMONIE","US","MANAGER","DARREL GIBSON","1400 INDIANHEAD DR.","","MENOMONIE","WI","54751","","(715) 220-6549","1","Modified","PHONE_NO"
"2025/01/23","27373.","A","WI","LUM","MENOMONIE","US","MANAGER","DARREL GIBSON","1400 INDIANHEAD DR.","","MENOMONIE","WI","54751","","715-220-6549","2","Modified","PHONE_NO"
"2024/12/26","27534.1","A","WI","94C","RIO","US","MANAGER","TODD ROAT","PO BOX 184","","RIO","WI","53960","","920-214-5917","1","Modified","NAME ADDRESS1"
"2025/01/23","27534.1","A","WI","94C","RIO","US","MANAGER","RIO CLUB CLUB INC","5019 HWY 116","","RIO","WI","53960","","920-214-5917","2","Modified","NAME ADDRESS1"
"2024/12/26","50112.6","C","AK","KCC","COFFMAN COVE","US","MANAGER","JUSTIN FITCH","P.O. BOX 549","","KLAWOCK","AK","99925","0549","907-755-2229","1","Modified","NAME PHONE_NO"
"2025/01/23","50112.6","C","AK","KCC","COFFMAN COVE","US","MANAGER","JOSEPH JOHNSON","P.O. BOX 549","","KLAWOCK","AK","99925","0549","907-755-2622","2","Modified","NAME PHONE_NO"
"2024/12/26","50321.","C","AK","OOH","HOONAH","US","MANAGER","KEN MESERVE","BOX 503","","HOONAH","AK","99829","0503","907-945-3426","1","Modified","NAME"
"2025/01/23","50321.","C","AK","OOH","HOONAH","US","MANAGER","TIM COUTLEE","BOX 503","","HOONAH","AK","99829","0503","907-945-3426","2","Modified","NAME"
"2024/12/26","50321.01","A","AK","HNH","HOONAH","US","MANAGER","KEN MESERVE","6860 GLACIER HWY","","JUNEAU","AK","99801","7999","907-945-3426","1","Modified","NAME"
"2025/01/23","50321.01","A","AK","HNH","HOONAH","US","MANAGER","TIM COUTLEE","6860 GLACIER HWY","","JUNEAU","AK","99801","7999","907-945-3426","2","Modified","NAME"
"2024/12/26","50338.","A","AK","IGG","IGIUGIG","US","MANAGER","CLINT ANELON","BOX 187","","ILIAMNA","AK","99606","","907-571-1261","1","Modified","NAME"
"2025/01/23","50338.","A","AK","IGG","IGIUGIG","US","MANAGER","TREFIM ANDREW","BOX 187","","ILIAMNA","AK","99606","","907-571-1261","2","Modified","NAME"
"2024/12/26","50338.","A","AK","IGG","IGIUGIG","US","OWNER","ALASKA DOT&PF SOUTHCOAST REGION","PO BOX 196900","","ANCHORAGE","AK","99519","6900","907-269-0760","1","Modified","ADDRESS1 TITLE_CITY ZIP_CODE ZIP_PLUS_FOUR PHONE_NO"
"2025/01/23","50338.","A","AK","IGG","IGIUGIG","US","OWNER","ALASKA DOT&PF SOUTHCOAST REGION","PO BOX 112506","","JUNEAU","AK","99811","2506","907-465-1779","2","Modified","ADDRESS1 TITLE_CITY ZIP_CODE ZIP_PLUS_FOUR PHONE_NO"
"2024/12/26","50340.","A","AK","ILI","ILIAMNA","US","MANAGER","CLINT ANELON","BOX 187","","ILIAMNA","AK","99606","","907-571-1261","1","Modified","NAME"
"2025/01/23","50340.","A","AK","ILI","ILIAMNA","US","MANAGER","TREFIM ANDREW","BOX 187","","ILIAMNA","AK","99606","","907-571-1261","2","Modified","NAME"
"2024/12/26","50420.01","A","AK","AKW","KLAWOCK","US","MANAGER","DOUG CARL","PO BOX 91","ALASKA DOT&PF","CRAIG","AK","99921","0091","907-755-2229","1","Modified","NAME PHONE_NO"
"2025/01/23","50420.01","A","AK","AKW","KLAWOCK","US","MANAGER","JOSEPH JOHNSON","PO BOX 91","ALASKA DOT&PF","CRAIG","AK","99921","0091","907-755-2622","2","Modified","NAME PHONE_NO"
"2024/12/26","50426.25","A","AK","9K2","KOKHANOK","US","MANAGER","CLINT ANELON","BOX 187","","ILIAMNA","AK","99606","","907-571-1261","1","Modified","NAME"
"2025/01/23","50426.25","A","AK","9K2","KOKHANOK","US","MANAGER","TREFIM ANDREW","BOX 187","","ILIAMNA","AK","99606","","907-571-1261","2","Modified","NAME"
"2024/12/26","50540.1","A","AK","5NN","NONDALTON","US","MANAGER","CLINT ANELON","PO BOX 187","","ILIAMMA","","99606","","907-571-1261","1","Modified","NAME"
"2025/01/23","50540.1","A","AK","5NN","NONDALTON","US","MANAGER","TREFIM ANDREW","PO BOX 187","","ILIAMMA","","99606","","907-571-1261","2","Modified","NAME"
"2024/12/26","50540.1","A","AK","5NN","NONDALTON","US","OWNER","ALASKA DOT&PF SOUTHCOAST REGION","P.O. BOX 112506","","JUNEAU","AK","99811","2506","907-465-1779","1","Modified","ADDRESS1"
"2025/01/23","50540.1","A","AK","5NN","NONDALTON","US","OWNER","ALASKA DOT&PF SOUTHCOAST REGION","PO BOX 112506","","JUNEAU","AK","99811","2506","907-465-1779","2","Modified","ADDRESS1"
"2024/12/26","50587.7","A","AK","4K0","PEDRO BAY","US","MANAGER","CLINTON ANELON","BOX 187","","ILIAMNA","AK","99606","","907-571-1261","1","Modified","NAME"
"2025/01/23","50587.7","A","AK","4K0","PEDRO BAY","US","MANAGER","TREFIM ANDREW","BOX 187","","ILIAMNA","AK","99606","","907-571-1261","2","Modified","NAME"
"2024/12/26","50587.7","A","AK","4K0","PEDRO BAY","US","OWNER","ALASKA DOT&PF SOUTHCOAST REGION","PO BOX 196900","","ANCHORAGE","AK","99519","6900","907-269-0760","1","Modified","ADDRESS1 TITLE_CITY ZIP_CODE ZIP_PLUS_FOUR PHONE_NO"
"2025/01/23","50587.7","A","AK","4K0","PEDRO BAY","US","OWNER","ALASKA DOT&PF SOUTHCOAST REGION","PO BOX 112506","","JUNEAU","AK","99811","2506","907-465-1779","2","Modified","ADDRESS1 TITLE_CITY ZIP_CODE ZIP_PLUS_FOUR PHONE_NO"
"2024/12/26","50610.82","A","AK","05K","PORT ALSWORTH","US","OWNER","WILD AIR, LLC","3323 DRY CREEK","","PORT ALSWORTH","AK","99653","","907-781-2228","1","Modified","NAME"
"2025/01/23","50610.82","A","AK","05K","PORT ALSWORTH","US","OWNER","WILDER RUNWAY, LLC","3323 DRY CREEK","","PORT ALSWORTH","AK","99653","","907-781-2228","2","Modified","NAME"
"2025/01/23","00716.12","A","AZ","53AZ","KINGMAN","US","MANAGER","DIRK VORIS","8586 E HUNTINGTON AVE","","KINGMAN","AZ","86401","","480-540-9919","2","Added",""
"2025/01/23","00716.12","A","AZ","53AZ","KINGMAN","US","OWNER","DIRK VORIS","8586 E HUNTINGTON AVE","","KINGMAN","AZ","86401","","480-540-9919","2","Added",""
"2025/01/23","00763.14","H","AZ","38AZ","PRESCOTT","US","MANAGER","DON NICOLINI","3514 CEDAR SPRINGS ROAD","","DALLAS","TX","75219","","469-341-7800","2","Added",""
"2025/01/23","00763.14","H","AZ","38AZ","PRESCOTT","US","OWNER","EXCEPTIONAL HEALTHCARE","3514 CEDAR SPRINGS ROAD","","DALLAS","TX","75219","","469-341-7800","2","Added",""
"2025/01/23","00788.14","H","AZ","85AZ","SCOTTSDALE","US","MANAGER","JOHN BARTZ","SUITE 1, 3604 N WELLS FARGO AVE","","SCOTTSDALE","AZ","85251","","602-487-6569","2","Added",""
"2025/01/23","00788.14","H","AZ","85AZ","SCOTTSDALE","US","OWNER","SCOTTSDALE HEALTHCARE","SUITE 1, 3604 N WELLS FARGO AVE","","SCOTTSDALE","AZ","85251","","602-487-6569","2","Added",""
"2025/01/23","00913.01","A","AR","6AR5","CARLISLE","US","MANAGER","SETH SPEIGHT","6005 HWY 70 E","","CARLISLE","AR","72024","","870-552-9055","2","Added",""
"2025/01/23","00913.01","A","AR","6AR5","CARLISLE","US","OWNER","TIDWELL FLYING SERVICE INC.","6005 HWY 70 E","","CARLISLE","AR","72024","","870-552-9055","2","Added",""
"2025/01/23","00937.76","H","AR","93AR","DANVILLE","US","MANAGER","STEVEN VAUGHN","719 DETROIT STREET","","DANVILLE","AR","72833","","479-495-2241","2","Added",""
"2025/01/23","00937.76","H","AR","93AR","DANVILLE","US","OWNER","CHAMBERS MEMORIAL HOSPITAL","719 DETROIT STREET","","DANVILLE","AR","72833","","479-495-2241","2","Added",""
"2025/01/23","02615.96","A","CO","CD05","GARDNER","US","MANAGER","DARA LOR","156 HURON RD","","BRECKENRIDGE","CO","80424","","301-367-9245","2","Added",""
"2025/01/23","02615.96","A","CO","CD05","GARDNER","US","OWNER","DARA LOR","156 HURON RD","","BRECKENRIDGE","CO","80424","","301-367-9245","2","Added",""
"2025/01/23","02697.04","A","CO","75CO","NUNN","US","MANAGER","MRW FARMS LLC","4315 HUNTSMAN DR","","FORT COLLINS","CO","80524","","970-373-6595","2","Added",""
"2025/01/23","02697.04","A","CO","75CO","NUNN","US","OWNER","MRW FARMS LLC","4315 HUNTSMAN DR","","FORT COLLINS","CO","80524","","970-373-6595","2","Added",""
"2025/01/23","03006.88","H","DC","8DC8","WASHINGTON","US","MANAGER","CONGRESSIONAL AVIATION","3400 BENNING ROAD NE","","WASHINGTON","DC","20019","","202-390-0847","2","Added",""
"2025/01/23","03006.88","H","DC","8DC8","WASHINGTON","US","OWNER","CONGRESSIONAL AVIATION","ATTN: GEOFF RANKIN","1800 M STREET NW, TOWER SUITE 500","WASHINGTON","DC","20036","","202-390-0847","2","Added",""
"2025/01/23","03083.23","A","FL","FA63","BROOKSVILLE","US","MANAGER","JAMES HANEY","6140 WHITE RD","","BROOKSVILLE","FL","34602","","352-799-4010","2","Added",""
"2025/01/23","03083.23","A","FL","FA63","BROOKSVILLE","US","OWNER","JAMES HANEY","6140 WHITE RD","","BROOKSVILLE","FL","34602","","352-799-4010","2","Added",""
"2025/01/23","06760.12","A","KS","3K4","MEADE","US","MANAGER","HAYDEN BORTH","10209 L RD","","PLAINS","KS","67869","","620-629-7983","2","Added",""
"2025/01/23","06760.12","A","KS","3K4","MEADE","US","OWNER","CARA BORTH","10209 L RD","","PLAINS","KS","67869","","620-629-7984","2","Added",""
"2025/01/23","10522.505","C","MN","7MN0","AUDUBON","US","MANAGER","JOEL NIKLE","12932 BLUE WATER BAY LN","","AUDUBON","MN","56511","","701-261-9368","2","Added",""
"2025/01/23","10522.505","C","MN","7MN0","AUDUBON","US","OWNER","JOEL NIKLE","12932 BLUE WATER BAY LN","","AUDUBON","MN","56511","","701-261-9368","2","Added",""
"2025/01/23","10689.11","A","MN","2MY5","FARIBAULT","US","MANAGER","CLINT SEVCIK","6151 NW 76TH ST","","MEDFORD","MN","55049","","507-213-9344","2","Added",""
"2025/01/23","10689.11","A","MN","2MY5","FARIBAULT","US","OWNER","CLINT SEVCIK","6151 NW 76TH ST","","MEDFORD","MN","55049","","507-213-9344","2","Added",""
"2025/01/23","10695.16","C","MN","49MY","FOREST LAKE","US","MANAGER","ERIKA DELONG","7353 NORTH SHORE TRAIL NORTH","","FOREST LAKE","MN","55025","","651-503-5437","2","Added",""
"2025/01/23","10695.16","C","MN","49MY","FOREST LAKE","US","OWNER","ERIKA DELONG","7353 NORTH SHORE TRAIL NORTH","","FOREST LAKE","MN","55025","","651-503-5437","2","Added",""
"2025/01/23","10729.2","C","MN","64MN","HACKENSACK","US","MANAGER","JOHN POOR","1697 PARTRIDGE LN NW","","HACKENSACK","MN","56452","","305-803-2461","2","Added",""
"2025/01/23","10729.2","C","MN","64MN","HACKENSACK","US","OWNER","JOHN POOR","1697 PARTRIDGE LN NW","","HACKENSACK","MN","56452","","305-803-2461","2","Added",""
"2025/01/23","10959.25","A","MN","MY88","RUSHMORE","US","MANAGER","ADAM HENNING","21316 300TH ST","","RUSHMORE","MN","56168","","507-227-9522","2","Added",""
"2025/01/23","10959.25","A","MN","MY88","RUSHMORE","US","OWNER","ADAM HENNING","21316 300TH ST","","RUSHMORE","MN","56168","","507-227-9522","2","Added",""
"2025/01/23","11028.45","C","MN","51MY","TOWER","US","MANAGER","PAUL JACKSON","17509 BEARPATH TR","","EDEN PRAIRE","MN","55347","","612-963-1655","2","Added",""
"2025/01/23","11028.45","C","MN","51MY","TOWER","US","OWNER","ANDREW BROWN","3600 WESTVIEW DR","","DEEPHAVEN","MN","55391","","612-860-5685","2","Added",""
"2025/01/23","11274.97","A","MS","38MS","ISOLA","US","MANAGER","ROBERT W HEFLIN JR","1170 BELLEWOOD RD","","ISOLA","MS","38754","","662-962-4840","2","Added",""
"2025/01/23","11274.97","A","MS","38MS","ISOLA","US","OWNER","ROBERT W HEFLIN JR","1170 BELLEWOOD RD","","ISOLA","MS","38754","","662-962-4840","2","Added",""
"2025/01/23","12253.01","A","MT","79MT","BAKER","US","MANAGER","ROGER MEGGERS","PO BOX 979","79 JOHNY CREEK TRAIL","BAKER","MT","59313","","406-852-0771","2","Added",""
"2025/01/23","12253.01","A","MT","79MT","BAKER","US","OWNER","ROGER MEGGERS","PO BOX 979","79 JOHNY CREEK TRAIL","BAKER","MT","59313","","406-852-0771","2","Added",""
"2025/01/23","12697.83","H","NE","44NE","DAVEY","US","MANAGER","RICHARD ALLEN GREB","801 CRESTHILL LANE","","DAVEY","NE","68336","","402-785-7835","2","Added",""
"2025/01/23","12697.83","H","NE","44NE","DAVEY","US","OWNER","RICHARD ALLEN GREB","801 CRESTHILL LANE","","DAVEY","NE","68336","","402-785-7835","2","Added",""
"2025/01/23","16810.075","H","NC","NR85","HOLLY SPRINGS","US","MANAGER","UNC REX HEALTHCARE","4420 LAKE BOONE TRAIL","","RALEIGH","NC","27607","","919-784-4608","2","Added",""
"2025/01/23","16810.075","H","NC","NR85","HOLLY SPRINGS","US","OWNER","UNC REX HEALTHCARE","4420 LAKE BOONE TRAIL","","RALEIGH","NC","27607","","919-784-4608","2","Added",""
"2025/01/23","18189.67","H","OH","9OI2","MENTOR","US","MANAGER","NICHOLAS ANSTINE","8300 NORTON PKWY","","MENTOR","OH","44060","6601","216-296-8981","2","Added",""
"2025/01/23","18189.67","H","OH","9OI2","MENTOR","US","OWNER","CLEVELAND CLINIC","9500 EUCLID AVE","","CLEVELAND","OH","44195","0002","216-317-9012","2","Added",""
"2025/01/23","19352.11","A","OR","40OR","ASHLAND","US","MANAGER","MEDELLA BISON RANCH","1140 JACKSON RD.","","ASHLAND","OR","97520","","541-941-2409","2","Added",""
"2025/01/23","19352.11","A","OR","40OR","ASHLAND","US","OWNER","MEDELLA BISON RANCH","1140 JACKSON RD.","","ASHLAND","OR","97520","","541-941-2409","2","Added",""
"2025/01/23","19465.02","H","OR","21OR","HERMISTON","US","MANAGER","DOMINIC KOTZ","78798 ORDANCE ROAD","","HERMISTON","OR","97838","","971-355-7876","2","Added",""
"2025/01/23","19465.02","H","OR","21OR","HERMISTON","US","OWNER","OREGON MILITARY DEPARTMENT","1776 MILITIA WAY SE","PO BOX 14350","SALEM","OR","97309","","971-355-4127","2","Added",""
"2025/01/23","21010.02","H","PA","58PN","MUNCY","US","MANAGER","AUBREY ALEXANDER","10 ALEXANDER DR","","MUNCY","PA","17756","","570-279-0313","2","Added",""
"2025/01/23","21010.02","H","PA","58PN","MUNCY","US","OWNER","BLAISE ALEXANDER","10 ALEXANDER DR","","MUNCY","PA","17756","","570-279-0313","2","Added",""
"2025/01/23","21439.5","H","PA","PN47","SELLERSVILLE","US","MANAGER","LF DRISCOLL CO","401 E CITY AVE STE 500","","BALA CYNWYD","PA","19004","","215-356-5746","2","Added",""
"2025/01/23","21439.5","H","PA","PN47","SELLERSVILLE","US","OWNER","GRAND VIEW HOSPITAL","700 LAWN AVE","","SELLERSVILLE","PA","18960","","215-453-4000","2","Added",""
"2025/01/23","21545.32","H","PA","PN85","STATE COLLEGE","US","MANAGER","CHARLES DOYLE","142 HOUSER RD","","CENTRE HALL","PA","16828","","215-880-5157","2","Added",""
"2025/01/23","21545.32","H","PA","PN85","STATE COLLEGE","US","OWNER","CHARLES DOYLE","142 HOUSER RD","","CENTRE HALL","PA","16828","","215-880-5157","2","Added",""
"2025/01/23","21984.56","H","RI","02RI","NEWPORT","US","MANAGER","NIGEL MCKENNA","646 BELLEVUE AVE","","NEW YORK","RI","02840","","347-409-1412","2","Added",""
"2025/01/23","21984.56","H","RI","02RI","NEWPORT","US","OWNER","NIGEL MCKENNA","646 BELLEVUE AVE","","NEW YORK","RI","02840","","347-409-1412","2","Added",""
"2025/01/23","22574.505","A","SC","95SC","WILLISTON","US","MANAGER","DAVID GARDNER","5095 FELLOWSHIP ROAD","","WILLISTON","SC","29853","","803-270-0744","2","Added",""
"2025/01/23","22574.505","A","SC","95SC","WILLISTON","US","OWNER","DAVID GARDNER","5095 FELLOWSHIP ROAD","","WILLISTON","SC","29853","","803-270-0344","2","Added",""
"2025/01/23","23160.13","A","TN","64TN","PULASKI","US","MANAGER","ROBERT HELLER","406 YOKLEY RD","","LYNNVILLE","TN","38472","","931-207-0172","2","Added",""
"2025/01/23","23160.13","A","TN","64TN","PULASKI","US","OWNER","ROBERT HELLER","406 YOKLEY RD","","LYNNVILLE","TN","38472","","661-753-7862","2","Added",""
"2025/01/23","23366.01","H","TX","TA40","ATLANTA","US","MANAGER","STEPHEN JOHNSON","1007 SOUTH WILLIAM STREET","","ATLANTA","TX","75551","","903-614-7771","2","Added",""
"2025/01/23","23366.01","H","TX","TA40","ATLANTA","US","OWNER","CHRISTUS HEALTH","1007 SOUTH WILLIAM STREET","","ATLANTA","TX","75551","","903-799-3000","2","Added",""
"2025/01/23","23515.12","H","TX","XS63","BULVERDE","US","MANAGER","ROBERT JARRATT MONAHAN","P.O. BOX 25","","BULVERDE","TX","78163","","210-313-2074","2","Added",""
"2025/01/23","23515.12","H","TX","XS63","BULVERDE","US","OWNER","ROBERT JARRATT MONAHAN","P.O. BOX 25","","BULVERDE","TX","78163","","210-313-2074","2","Added",""
"2025/01/23","23617.71","A","TX","39TT","CLEBURNE","US","MANAGER","CHAD NORRIS","3928 FM 3136","","CLEBURNE","TX","76031","","817-368-5766","2","Added",""
"2025/01/23","23617.71","A","TX","39TT","CLEBURNE","US","OWNER","CHAD NORRIS","3928 FM 3136","","CLEBURNE","TX","76031","","817-368-5766","2","Added",""
"2025/01/23","24062.12","A","TX","XA81","HONEY GROVE","US","MANAGER","MICHAEL HICKEY","1167 COUNTY ROAD 2805","","HONEY GROVE","TX","75446","","972-743-9553","2","Added",""
"2025/01/23","24062.12","A","TX","XA81","HONEY GROVE","US","OWNER","MICHAEL HICKEY","1167 COUNTY ROAD 2805","","HONEY GROVE","TX","75446","","972-743-9553","2","Added",""
"2025/01/23","24218.01","H","TX","XA28","LINDALE","US","MANAGER","CHAD SOLOMON","3203 SOUTH MAIN STREET","","LINDALE","TX","75771","","903-926-1448","2","Added",""
"2025/01/23","24218.01","H","TX","XA28","LINDALE","US","OWNER","CHRISTUS MOTHER FRANCES","3203 SOUTH MAIN STREET","","LINDALE","TX","75771","","903-926-1448","2","Added",""
"2025/01/23","24904.53","H","TX","TX84","TEXARKANA","US","MANAGER","STEPHEN JOHNSON","2600 ST MICHAEL DRIVE","","TEXARKANA","TX","75503","","903-614-1000","2","Added",""
"2025/01/23","24904.53","H","TX","TX84","TEXARKANA","US","OWNER","CHRISTUS HEALTH","2600 ST MICHAEL DRIVE","","TEXARKANA","TX","75503","","903-614-1000","2","Added",""
"2025/01/23","25009.","H","TX","XA82","WEST LAKE HILLS","US","MANAGER","ROBERT HAMEL","160 TOYAH DRIVE","","DRIPPING SPRINGS","TX","78620","","818-635-0472","2","Added",""
"2025/01/23","25009.","H","TX","XA82","WEST LAKE HILLS","US","OWNER","143 TUMBLEWEED LLC","5803 REPUBLIC OF TEXAS BLVD","","AUSTIN","TX","78735","","818-635-0472","2","Added",""
"2025/01/23","25661.23","C","VA","16VG","CAPE CHARLES","US","MANAGER","COASTAL SEAPLANES","1 LEAR DR","","NEWPORT NEWS","VA","23602","","757-206-2019","2","Added",""
"2025/01/23","25661.23","C","VA","16VG","CAPE CHARLES","US","OWNER","COASTAL SEAPLANES","1 LEAR DR","ATTN SAMUEL RIGGS","NEWPORT NEWS","VA","23602","","757-206-2019","2","Added",""
"2025/01/23","25809.15","C","VA","7VG4","GRIMSTEAD","US","MANAGER","COASTAL SEAPLANES","1 LEAR DR","","NEWPORT NEWS","VA","23602","","757-206-2019","2","Added",""
"2025/01/23","25809.15","C","VA","7VG4","GRIMSTEAD","US","OWNER","COASTAL SEAPLANES","1 LEAR DR","ATTN SAMUEL RIGGS","NEWPORT NEWS","VA","23602","","757-206-2019","2","Added",""
"2025/01/23","26159.11","H","WA","WA60","CLE ELUM","US","MANAGER","CLAYTON EVELAND","22445 ROCKY PONT RD.","","SCAPPOOSE","OR","97056","","971-757-6873","2","Added",""
"2025/01/23","26159.11","H","WA","WA60","CLE ELUM","US","OWNER","WALDBLICK LLC","ATTN: ALEX WAIBEL","PO BOX 1033","ROSTRAVER","PA","15102","","412-260-0307","2","Added",""
"2025/01/23","26333.02","C","WA","1WA","OROVILLE","US","MANAGER","CITY OF OROVILLE","PO BOX 2200","","OROVILLE","WA","98844","","509-476-2926","2","Added",""
"2025/01/23","26333.02","C","WA","1WA","OROVILLE","US","OWNER","CITY OF OROVILLE","PO BOX 2200","","OROVILLE","WA","98844","","509-476-2926","2","Added",""
