"EFF_DATE","SITE_NO","SITE_TYPE_CODE","FACILITY_TYPE","STATE_CODE","FACILITY_ID","CITY","COUNTRY_CODE","LEGACY_ELEMENT_NUMBER","TAB_NAME","REF_COL_NAME","REMARK_NO","REMARK","File","Action","Mods"
"2024/12/26","17349.1","A","ATCT","ND","GFK","GRAND FORKS","US","2","ARPT_CTL_REMARK","ATC_REMARK","2","WX AVBL ON ATIS WHEN ATCT CLSD.","2","Deleted",""
"2024/12/26","00640.5","A","ATCT","AZ","IFP","BULLHEAD CITY","US","TA43","ATIS","ATIS_HRS","1","ATIS BCST DURG ATCT HRS; AFT ATCT HRS REVERTS TO AWOS-3PT SAME FREQ.","2","Deleted",""
"2024/12/26","04268.","A","ATCT-RAPCON","ID","MUO","MOUNTAIN HOME","US","TA35","ARPT_CTL_SVC","CTL_SVC","1","RADAR - DASR MAINT: 0701-1300Z++ MON-FRI.  TACAN AND RADAR WILL NOT BE RELEASED AT SAME TIME IF CASCADE LR RADAR FEED UNAVBL.","1","Modified","REMARK"
"2025/01/23","04268.","A","ATCT-RAPCON","ID","MUO","MOUNTAIN HOME","US","TA35","ARPT_CTL_SVC","CTL_SVC","1","RADAR - DASR MAINT: 0701-1300Z++ MON-FRI. TACAN & RADAR NOT RELEASED AT SAME TIME IF CASCADE LR RADAR FEED UNAVBL.","2","Modified","REMARK"
"2024/12/26","04268.","A","ATCT-RAPCON","ID","MUO","MOUNTAIN HOME","US","TA55","TWR_AIRPORT","OPS_DAYS_CODE","1","EXCEPT FRIDAYS.","2","Deleted",""
"2024/12/26","22444.","A","ATCT-TRACON","SC","MYR","MYRTLE BEACH","US","2","ARPT_CTL_REMARK","ATC_REMARK","2","ATIS FREQ 123.925 USED TO TMT AWOS WX DATA WHEN ATCT CLOSES.","2","Deleted",""
"2024/12/26","00788.","A","ATCT","AZ","SDL","SCOTTSDALE","US","TA43","ATIS","ATIS_HRS","1","ASOS BROADCASTS ON ATIS FREQ 118.6 WHEN ATCT CLSD.","2","Deleted",""
"2024/12/26","04206.","A","ATCT","ID","SUN","HAILEY","US","TA11","TWR_AIRPORT","TWR_OPERATOR_CODE","1","ATCT CONTRACTED TO BLAINE COUNTY ARPT COMMISSION.","1","Modified","REMARK"
"2025/01/23","04206.","A","ATCT","ID","SUN","HAILEY","US","TA11","TWR_AIRPORT","TWR_OPERATOR_CODE","1","BLAINE COUNTY ARPT CMSN CONTR.","2","Modified","REMARK"
"2025/01/23","08221.16","H","NON-ATCT","ME","16ME","PRESQUE ISLE","US","1","ARPT_CTL_REMARK","ATC_REMARK","1","APCH/DEP SVC PRVDD BY BOSTON ARTCC ON FREQ 124.75/239.05 (CARIBOU RCAG).","2","Added",""
