"EFF_DATE","SITE_NO","SITE_TYPE_CODE","FACILITY_TYPE","STATE_CODE","FACILITY_ID","CITY","COUNTRY_CODE","ICAO_ID","FACILITY_NAME","REGION_CODE","TWR_OPERATOR_CODE","TWR_CALL","TWR_HRS","PRIMARY_APCH_RADIO_CALL","APCH_P_PROVIDER","APCH_P_PROV_TYPE_CD","SECONDARY_APCH_RADIO_CALL","APCH_S_PROVIDER","APCH_S_PROV_TYPE_CD","PRIMARY_DEP_RADIO_CALL","DEP_P_PROVIDER","DEP_P_PROV_TYPE_CD","SECONDARY_DEP_RADIO_CALL","DEP_S_PROVIDER","DEP_S_PROV_TYPE_CD","CTL_FAC_APCH_DEP_CALLS","APCH_DEP_OPER_CODE","CTL_PRVDING_HRS","SECONDARY_CTL_PRVDING_HRS","File","Action","Mods"
"2024/12/26","01200.1","A","NON-ATCT","AR","3M9","WARREN","US","","WARREN MUNI","ASW","","","","MEMPHIS ARTCC","ZME","C","","","","MEMPHIS ARTCC","ZME","C","","","","","","","","1","Modified","FACILITY_NAME"
"2025/01/23","01200.1","A","NON-ATCT","AR","3M9","WARREN","US","","WARREN MUNI/JOHN B FRAZER JR FLD","ASW","","","","MEMPHIS ARTCC","ZME","C","","","","MEMPHIS ARTCC","ZME","C","","","","","","","","2","Modified","FACILITY_NAME"
"2024/12/26","17554.11","H","NON-ATCT","OH","8OH0","ASHTABULA","US","","ASHTABULA COUNTY MEDICAL CENTER","AGL","","","","BUFFALO","BUF","A","CLEVELAND ARTCC","ZOB","C","BUFFALO","BUF","A","CLEVELAND ARTCC","ZOB","C","","","","","1","Modified","FACILITY_NAME"
"2025/01/23","17554.11","H","NON-ATCT","OH","8OH0","ASHTABULA","US","","ASHTABULA RGNL MEDICAL CENTER","AGL","","","","BUFFALO","BUF","A","CLEVELAND ARTCC","ZOB","C","BUFFALO","BUF","A","CLEVELAND ARTCC","ZOB","C","","","","","2","Modified","FACILITY_NAME"
"2024/12/26","15167.02","A","ATCT","NY","JPX","EAST HAMPTON","US","KJPX","EAST HAMPTON TOWN","AEA","P","EAST HAMPTON","0800-2000; OPRS SAT BFR MEMORIAL DAY TO SUN AFT LABOR DAY.","NEW YORK","N90","T","","","","NEW YORK","N90","T","","","","","","","","1","Modified","TWR_OPERATOR_CODE"
"2025/01/23","15167.02","A","ATCT","NY","JPX","EAST HAMPTON","US","KJPX","EAST HAMPTON TOWN","AEA","FCT","EAST HAMPTON","0800-2000; OPRS SAT BFR MEMORIAL DAY TO SUN AFT LABOR DAY.","NEW YORK","N90","T","","","","NEW YORK","N90","T","","","","","","","","2","Modified","TWR_OPERATOR_CODE"
"2024/12/26","11861.6","A","NON-ATCT","MO","LXT","LEE'S SUMMIT","US","KLXT","LEE'S SUMMIT MUNI","ACE","","","","KANSAS CITY","MCI","A","","","","KANSAS CITY","MCI","A","","","","","","","","1","Modified","FACILITY_NAME"
"2025/01/23","11861.6","A","NON-ATCT","MO","LXT","LEE'S SUMMIT","US","KLXT","KANSAS CITY/LEE'S SUMMIT RGNL","ACE","","","","KANSAS CITY","MCI","A","","","","KANSAS CITY","MCI","A","","","","","","","","2","Modified","FACILITY_NAME"
"2024/12/26","03540.","A","ATCT","FL","VRB","VERO BEACH","US","KVRB","VERO BEACH RGNL","ASO","F","VERO BEACH","0700-2100","PALM BEACH","PBI","A","","","","PALM BEACH","PBI","A","","","","","","","","1","Modified","TWR_HRS"
"2025/01/23","03540.","A","ATCT","FL","VRB","VERO BEACH","US","KVRB","VERO BEACH RGNL","ASO","F","VERO BEACH","0700-2300","PALM BEACH","PBI","A","","","","PALM BEACH","PBI","A","","","","","","","","2","Modified","TWR_HRS"
"2025/01/23","08221.16","H","NON-ATCT","ME","16ME","PRESQUE ISLE","US","","AR GOULD HOSPITAL","ANE","","","","BOSTON ARTCC","ZBW","C","","","","BOSTON ARTCC","ZBW","C","","","","","","","","2","Added",""
"2025/01/23","06859.","A","NON-ATCT","KS","K50","ROSE HILL","US","","COOK AIRFIELD","ACE","","","","WICHITA","ICT","A","","","","WICHITA","ICT","A","","","","","","","","2","Added",""
