"EFF_DATE","SITE_NO","SITE_TYPE_CODE","FACILITY_TYPE","STATE_CODE","FACILITY_ID","CITY","COUNTRY_CODE","ATIS_NO","DESCRIPTION","ATIS_HRS","ATIS_PHONE_NO","File","Action","Mods"
"2024/12/26","00640.5","A","ATCT","AZ","IFP","BULLHEAD CITY","US","1","","0800-1800","","2","Deleted",""
"2024/12/26","00753.","A","ATCT","AZ","IWA","PHOENIX","US","1","AVAIL DURING TOWER OP HOURS ON 133.5","0500-0000 (MST)","","2","Deleted",""
"2024/12/26","00788.","A","ATCT","AZ","SDL","SCOTTSDALE","US","1","","0600-2100","","2","Deleted",""
"2024/12/26","00816.","A","ATCT","AZ","TUS","TUCSON","US","1","ATIS","24","520-295-4089","1","Modified","DESCRIPTION"
"2025/01/23","00816.","A","ATCT","AZ","TUS","TUCSON","US","1","","24","520-295-4089","2","Modified","DESCRIPTION"
"2024/12/26","01539.","A","ATCT","CA","EMT","EL MONTE","US","1","ATIS","24","626-444-1107","1","Modified","DESCRIPTION"
"2025/01/23","01539.","A","ATCT","CA","EMT","EL MONTE","US","1","","24","626-444-1107","2","Modified","DESCRIPTION"
"2024/12/26","01593.","A","ATCT","CA","FUL","FULLERTON","US","1","ATIS","24","714-870-6222","1","Modified","DESCRIPTION"
"2025/01/23","01593.","A","ATCT","CA","FUL","FULLERTON","US","1","","24","714-870-6222","2","Modified","DESCRIPTION"
"2024/12/26","01647.","A","ATCT","CA","HHR","HAWTHORNE","US","1","ATIS","24","310-675-7945","1","Modified","DESCRIPTION"
"2025/01/23","01647.","A","ATCT","CA","HHR","HAWTHORNE","US","1","","24","310-675-7945","2","Modified","DESCRIPTION"
"2024/12/26","01651.","A","ATCT","CA","HWD","HAYWARD","US","1","ATIS","24","510-786-3988","1","Modified","DESCRIPTION"
"2025/01/23","01651.","A","ATCT","CA","HWD","HAYWARD","US","1","","24","510-786-3988","2","Modified","DESCRIPTION"
"2024/12/26","01757.","A","ATCT","CA","POC","LA VERNE","US","1","ATIS","24","909-596-1523","1","Modified","DESCRIPTION"
"2025/01/23","01757.","A","ATCT","CA","POC","LA VERNE","US","1","","24","909-596-1523","2","Modified","DESCRIPTION"
"2024/12/26","01794.","A","ATCT","CA","LGB","LONG BEACH","US","1","ATIS","24","562-595-8564","1","Modified","DESCRIPTION"
"2025/01/23","01794.","A","ATCT","CA","LGB","LONG BEACH","US","1","","24","562-595-8564","2","Modified","DESCRIPTION"
"2024/12/26","01818.1","A","ATCT","CA","WHP","LOS ANGELES","US","1","","0800-2000","818-899-9820","1","Modified","ATIS_HRS"
"2025/01/23","01818.1","A","ATCT","CA","WHP","LOS ANGELES","US","1","","24","818-899-9820","2","Modified","ATIS_HRS"
"2024/12/26","01886.3","A","ATCT","CA","MER","ATWATER","US","1","ATIS","24 HRS.","","1","Modified","DESCRIPTION ATIS_HRS"
"2025/01/23","01886.3","A","ATCT","CA","MER","ATWATER","US","1","","24","","2","Modified","DESCRIPTION ATIS_HRS"
"2024/12/26","02001.","A","ATCT","CA","OXR","OXNARD","US","1","ATIS","24","805-985-1758","1","Modified","DESCRIPTION"
"2025/01/23","02001.","A","ATCT","CA","OXR","OXNARD","US","1","","24","805-985-1758","2","Modified","DESCRIPTION"
"2024/12/26","02017.","A","ATCT","CA","PSP","PALM SPRINGS","US","1","ATIS","24","760-327-2770","1","Modified","DESCRIPTION"
"2025/01/23","02017.","A","ATCT","CA","PSP","PALM SPRINGS","US","1","","24","760-327-2770","2","Modified","DESCRIPTION"
"2024/12/26","02112.","A","ATCT","CA","RAL","RIVERSIDE","US","1","ATIS","24","951-688-7257","1","Modified","DESCRIPTION"
"2025/01/23","02112.","A","ATCT","CA","RAL","RIVERSIDE","US","1","","24","951-688-7257","2","Modified","DESCRIPTION"
"2024/12/26","02127.","A","ATCT","CA","SAC","SACRAMENTO","US","1","ATIS","24","916-428-7066","1","Modified","DESCRIPTION"
"2025/01/23","02127.","A","ATCT","CA","SAC","SACRAMENTO","US","1","","24","916-428-7066","2","Modified","DESCRIPTION"
"2024/12/26","02160.1","A","ATCT","CA","SQL","SAN CARLOS","US","1","ATIS","24","650-593-0613","1","Modified","DESCRIPTION"
"2025/01/23","02160.1","A","ATCT","CA","SQL","SAN CARLOS","US","1","","24","650-593-0613","2","Modified","DESCRIPTION"
"2024/12/26","02180.","A","ATCT","CA","SDM","SAN DIEGO","US","1","ATIS","24","619-661-0152","1","Modified","DESCRIPTION"
"2025/01/23","02180.","A","ATCT","CA","SDM","SAN DIEGO","US","1","","24","619-661-0152","2","Modified","DESCRIPTION"
"2024/12/26","02203.","A","ATCT","CA","RHV","SAN JOSE","US","1","ATIS","24","408-923-7100","1","Modified","DESCRIPTION"
"2025/01/23","02203.","A","ATCT","CA","RHV","SAN JOSE","US","1","","24","408-923-7100","2","Modified","DESCRIPTION"
"2024/12/26","02211.","A","ATCT","CA","SBP","SAN LUIS OBISPO","US","1","","0600-2000","805-545-9638","1","Modified","ATIS_HRS"
"2025/01/23","02211.","A","ATCT","CA","SBP","SAN LUIS OBISPO","US","1","","24","805-545-9638","2","Modified","ATIS_HRS"
"2024/12/26","02235.","A","ATCT-TRACON","CA","SBA","SANTA BARBARA","US","1","ATIS","24","805-967-0283","1","Modified","DESCRIPTION"
"2025/01/23","02235.","A","ATCT-TRACON","CA","SBA","SANTA BARBARA","US","1","","24","805-967-0283","2","Modified","DESCRIPTION"
"2024/12/26","02253.","A","ATCT","CA","SMO","SANTA MONICA","US","1","ATIS","24","310- 450-4620","1","Modified","DESCRIPTION"
"2025/01/23","02253.","A","ATCT","CA","SMO","SANTA MONICA","US","1","","24","310- 450-4620","2","Modified","DESCRIPTION"
"2024/12/26","02260.","A","ATCT","CA","STS","SANTA ROSA","US","1","ATIS","24","707-545-2847","1","Modified","DESCRIPTION"
"2025/01/23","02260.","A","ATCT","CA","STS","SANTA ROSA","US","1","","24","707-545-2847","2","Modified","DESCRIPTION"
"2024/12/26","02314.","A","ATCT","CA","SCK","STOCKTON","US","1","ATIS","24","209-982-4667","1","Modified","DESCRIPTION"
"2025/01/23","02314.","A","ATCT","CA","SCK","STOCKTON","US","1","","24","209-982-4667","2","Modified","DESCRIPTION"
"2024/12/26","02396.","A","ATCT","CA","VNY","VAN NUYS","US","1","ATIS","24","818-780-4993","1","Modified","DESCRIPTION"
"2025/01/23","02396.","A","ATCT","CA","VNY","VAN NUYS","US","1","","24","818-780-4993","2","Modified","DESCRIPTION"
"2024/12/26","02407.","A","ATCT","CA","VCV","VICTORVILLE","US","1","","1400-0400Z++","","1","Modified","ATIS_HRS"
"2025/01/23","02407.","A","ATCT","CA","VCV","VICTORVILLE","US","1","","24","","2","Modified","ATIS_HRS"
"2024/12/26","03157.","A","ATCT","FL","DTS","DESTIN","US","1","","24 HRS","","1","Modified","ATIS_HRS"
"2025/01/23","03157.","A","ATCT","FL","DTS","DESTIN","US","1","","24","","2","Modified","ATIS_HRS"
"2024/12/26","03455.","A","ATCT","FL","PGD","PUNTA GORDA","US","1","","0600-2100","","1","Modified","ATIS_HRS"
"2025/01/23","03455.","A","ATCT","FL","PGD","PUNTA GORDA","US","1","","24","","2","Modified","ATIS_HRS"
"2024/12/26","03532.","A","ATCT","FL","TIX","TITUSVILLE","US","1","","24 HRS.","","1","Modified","ATIS_HRS"
"2025/01/23","03532.","A","ATCT","FL","TIX","TITUSVILLE","US","1","","24","","2","Modified","ATIS_HRS"
"2024/12/26","03640.","A","ATCT","GA","ATL","ATLANTA","US","1","D-ATIS","24","","1","Modified","ATIS_PHONE_NO"
"2025/01/23","03640.","A","ATCT","GA","ATL","ATLANTA","US","1","D-ATIS","24","404-763-7988","2","Modified","ATIS_PHONE_NO"
"2024/12/26","09518.","A","ATCT-RAPCON","MI","APN","ALPENA","US","1","","0800-1600 WKDAYS; EXCP HOLS","","1","Modified","ATIS_HRS"
"2025/01/23","09518.","A","ATCT-RAPCON","MI","APN","ALPENA","US","1","","24","","2","Modified","ATIS_HRS"
"2024/12/26","11194.51","A","ATCT","MS","GTR","COLUMBUS/W POINT/STARKVILLE","US","1","","24 HRS.","","1","Modified","ATIS_HRS"
"2025/01/23","11194.51","A","ATCT","MS","GTR","COLUMBUS/W POINT/STARKVILLE","US","1","","24","","2","Modified","ATIS_HRS"
"2024/12/26","16644.2","A","ATCT","NC","JQF","CONCORD","US","3","ATIS","0700-2300","704-785-2145","1","Modified","DESCRIPTION ATIS_HRS"
"2025/01/23","16644.2","A","ATCT","NC","JQF","CONCORD","US","3","","24","704-785-2145","2","Modified","DESCRIPTION ATIS_HRS"
"2024/12/26","19136.","A","ATCT-TRACON","OK","OKC","OKLAHOMA CITY","US","2","D-ATIS, ARR/DEP","24HR.","405-686-4707","1","Modified","DESCRIPTION ATIS_HRS"
"2025/01/23","19136.","A","ATCT-TRACON","OK","OKC","OKLAHOMA CITY","US","2","D-ATIS","24","405-686-4707","2","Modified","DESCRIPTION ATIS_HRS"
"2024/12/26","19356.","A","ATCT","OR","UAO","AURORA","US","1","","1500-0400","503-678-3011","1","Modified","ATIS_HRS"
"2025/01/23","19356.","A","ATCT","OR","UAO","AURORA","US","1","","24","503-678-3011","2","Modified","ATIS_HRS"
"2024/12/26","21990.","A","ATCT","RI","OQU","NORTH KINGSTOWN","US","1","","SAME AS ATCT","","1","Modified","ATIS_HRS"
"2025/01/23","21990.","A","ATCT","RI","OQU","NORTH KINGSTOWN","US","1","","24","","2","Modified","ATIS_HRS"
"2024/12/26","22309.","A","ATCT","SC","GMU","GREENVILLE","US","1","","0700-2200","","1","Modified","ATIS_HRS"
"2025/01/23","22309.","A","ATCT","SC","GMU","GREENVILLE","US","1","","24","","2","Modified","ATIS_HRS"
"2024/12/26","22444.","A","ATCT-TRACON","SC","MYR","MYRTLE BEACH","US","1","","24 HRS","","1","Modified","ATIS_HRS"
"2025/01/23","22444.","A","ATCT-TRACON","SC","MYR","MYRTLE BEACH","US","1","","24","","2","Modified","ATIS_HRS"
"2024/12/26","23369.39","A","ATCT","TX","HYI","AUSTIN","US","1","","0700-2100 EFF 01 APR 2021","512-353-8005","1","Modified","ATIS_HRS"
"2025/01/23","23369.39","A","ATCT","TX","HYI","AUSTIN","US","1","","24","512-353-8005","2","Modified","ATIS_HRS"
"2024/12/26","23710.38","A","ATCT","TX","TKI","DALLAS","US","1","ATIS","24","","1","Modified","DESCRIPTION"
"2025/01/23","23710.38","A","ATCT","TX","TKI","DALLAS","US","1","","24","","2","Modified","DESCRIPTION"
"2024/12/26","23750.","A","ATCT","TX","DTO","DENTON","US","1","","24.","","1","Modified","ATIS_HRS"
"2025/01/23","23750.","A","ATCT","TX","DTO","DENTON","US","1","","24","","2","Modified","ATIS_HRS"
"2024/12/26","23934.","A","ATCT","TX","GTU","GEORGETOWN","US","1","","24.","512-869-3430","1","Modified","ATIS_HRS"
"2025/01/23","23934.","A","ATCT","TX","GTU","GEORGETOWN","US","1","","24","512-869-3430","2","Modified","ATIS_HRS"
"2024/12/26","24067.61","A","ATCT","TX","SGR","HOUSTON","US","1","ATIS","0600-2200","","1","Modified","DESCRIPTION ATIS_HRS"
"2025/01/23","24067.61","A","ATCT","TX","SGR","HOUSTON","US","1","","24","","2","Modified","DESCRIPTION ATIS_HRS"
"2024/12/26","25269.","A","ATCT","UT","PVU","PROVO","US","1","","0700-2100","","1","Modified","ATIS_HRS"
"2025/01/23","25269.","A","ATCT","UT","PVU","PROVO","US","1","","24","","2","Modified","ATIS_HRS"
"2024/12/26","26327.","A","ATCT","WA","OLM","OLYMPIA","US","1","","0800-2000L","","1","Modified","ATIS_HRS"
"2025/01/23","26327.","A","ATCT","WA","OLM","OLYMPIA","US","1","","24","","2","Modified","ATIS_HRS"
"2024/12/26","26713.","A","ATCT","WV","LWB","LEWISBURG","US","1","ATIS","0900L-1900L","","1","Modified","DESCRIPTION ATIS_HRS"
"2025/01/23","26713.","A","ATCT","WV","LWB","LEWISBURG","US","1","","24","","2","Modified","DESCRIPTION ATIS_HRS"
"2024/12/26","27170.","A","ATCT","WI","EAU","EAU CLAIRE","US","1","","0530-2030","","1","Modified","ATIS_HRS"
"2025/01/23","27170.","A","ATCT","WI","EAU","EAU CLAIRE","US","1","","24","","2","Modified","ATIS_HRS"
"2024/12/26","50037.","A","ATCT","AK","LHD","ANCHORAGE","US","1","","24 HRS","907-245-5432","1","Modified","ATIS_HRS"
"2025/01/23","50037.","A","ATCT","AK","LHD","ANCHORAGE","US","1","","24","907-245-5432","2","Modified","ATIS_HRS"
"2024/12/26","53004.","A","ATCT","PR","BQN","AGUADILLA","US","2","","0700-2100 MON-SAT, EXC THU.","","2","Deleted",""
"2024/12/26","53004.","A","ATCT","PR","BQN","AGUADILLA","US","3","","0700-0100 THU AND SUN.","","1","Modified","ATIS_HRS"
"2025/01/23","53004.","A","ATCT","PR","BQN","AGUADILLA","US","3","","24","","2","Modified","ATIS_HRS"
"2025/01/23","00640.5","A","ATCT","AZ","IFP","BULLHEAD CITY","US","2","","24","","2","Added",""
"2025/01/23","00753.","A","ATCT","AZ","IWA","PHOENIX","US","2","","24
","","2","Added",""
"2025/01/23","00788.","A","ATCT","AZ","SDL","SCOTTSDALE","US","2","","24","","2","Added",""
"2025/01/23","02588.","A","ATCT","CO","EGE","EAGLE","US","1","","24","","2","Added",""
"2025/01/23","05412.","A","ATCT","IN","LAF","LAFAYETTE","US","1","","24","","2","Added",""
"2025/01/23","09548.","A","ATCT","MI","BTL","BATTLE CREEK","US","1","","24","","2","Added",""
"2025/01/23","15989.2","A","ATCT","NY","POU","POUGHKEEPSIE","US","1","","24","","2","Added",""
"2025/01/23","16040.","A","ATCT","NY","RME","ROME","US","1","","24","","2","Added",""
"2025/01/23","17349.1","A","ATCT","ND","GFK","GRAND FORKS","US","1","","24","","2","Added",""
"2025/01/23","51510.","A","ATCT","GU","GUM","GUAM","US","1","","24","","2","Added",""
"2025/01/23","52294.","A","ATCT","HI","MKK","KAUNAKAKAI","US","1","","24","","2","Added",""
