"EFF_DATE","SITE_NO","SITE_TYPE_CODE","STATE_CODE","ARPT_ID","CITY","COUNTRY_CODE","CLASS_B_AIRSPACE","CLASS_C_AIRSPACE","CLASS_D_AIRSPACE","CLASS_E_AIRSPACE","AIRSPACE_HRS","REMARK","File","Action","Mods"
"2024/12/26","03540.","A","FL","VRB","VERO BEACH","US","","","Y","Y","CLASS D SVC 0700-2100; OTHER TIMES CLASS E","","1","Modified","AIRSPACE_HRS"
"2025/01/23","03540.","A","FL","VRB","VERO BEACH","US","","","Y","Y","CLASS D SVC 0700-2300; OTHER TIMES CLASS E","","2","Modified","AIRSPACE_HRS"
"2024/12/26","50425.","A","AK","ADQ","KODIAK","US","","","Y","Y","CLASS D SVC 0630-2000 1 OCT-31 MAR, 0700-2200 1 APR-30 SEP; OTHER TIMES CLASS E","","1","Modified","CLASS_E_AIRSPACE AIRSPACE_HRS"
"2025/01/23","50425.","A","AK","ADQ","KODIAK","US","","","Y","","CLASS D SVC 0630-2000 1 OCT-31 MAR, 0700-2200 1 APR-30 SEP; OTHER TIMES CLASS G","","2","Modified","CLASS_E_AIRSPACE AIRSPACE_HRS"
