"EFF_DATE","FIX_ID","ICAO_REGION_CODE","STATE_CODE","COUNTRY_CODE","CHARTING_TYPE_DESC","File","Action","Mods"
"2024/12/26","AKACO","K6","ME","US","SPECIAL IAP","2","Deleted",""
"2024/12/26","ARDEB","K6","VA","US","SPECIAL IAP","2","Deleted",""
"2024/12/26","BUBRE","K6","ME","US","SPECIAL IAP","2","Deleted",""
"2024/12/26","CODAK","K6","ME","US","NOT REQUIRED","2","Deleted",""
"2024/12/26","COSTR","K6","VA","US","SPECIAL IAP","2","Deleted",""
"2024/12/26","DRONE","K7","NC","US","SPECIAL IAP","2","Deleted",""
"2024/12/26","FONAP","K6","ME","US","NOT REQUIRED","2","Deleted",""
"2024/12/26","GAYET","K6","ME","US","NOT REQUIRED","2","Deleted",""
"2024/12/26","GUKME","K6","ME","US","SPECIAL IAP","2","Deleted",""
"2024/12/26","HABAX","K6","ME","US","NOT REQUIRED","2","Deleted",""
"2024/12/26","IBYED","K6","ME","US","NOT REQUIRED","2","Deleted",""
"2024/12/26","IPOSE","K6","ME","US","SPECIAL IAP","2","Deleted",""
"2024/12/26","JABAG","K6","ME","US","NOT REQUIRED","2","Deleted",""
"2024/12/26","JONZI","K6","VA","US","SPECIAL IAP","2","Deleted",""
"2024/12/26","KITRE","K6","ME","US","SPECIAL DP","2","Deleted",""
"2024/12/26","KITRE","K6","ME","US","SPECIAL IAP","2","Deleted",""
"2024/12/26","LOBME","K6","ME","US","SPECIAL IAP","2","Deleted",""
"2024/12/26","NAXOE","K6","ME","US","SPECIAL DP","2","Deleted",""
"2024/12/26","NAXOE","K6","ME","US","SPECIAL IAP","2","Deleted",""
"2024/12/26","OGABE","K6","ME","US","SPECIAL IAP","2","Deleted",""
"2024/12/26","OUTLA","K6","VA","US","SPECIAL IAP","2","Deleted",""
"2024/12/26","PATUC","K2","CO","US","IAP","2","Deleted",""
"2024/12/26","TECHI","K6","VA","US","SPECIAL IAP","2","Deleted",""
"2024/12/26","WAIKS","K6","VA","US","SPECIAL IAP","2","Deleted",""
"2024/12/26","YUKUD","K6","ME","US","NOT REQUIRED","2","Deleted",""
"2025/01/23","ACUHA","K6","ME","US","CONTROLLER LOW","2","Added",""
"2025/01/23","ALENE","K6","ME","US","SPECIAL DP","2","Added",""
"2025/01/23","BRICK","K2","CO","US","SPECIAL IAP","2","Added",""
"2025/01/23","BRNDI","K6","ME","US","SPECIAL IAP","2","Added",""
"2025/01/23","CEPIV","K7","NC","US","SPECIAL DP","2","Added",""
"2025/01/23","CEPIV","K7","NC","US","SPECIAL IAP","2","Added",""
"2025/01/23","CESBA","K2","CO","US","SPECIAL IAP","2","Added",""
"2025/01/23","CESHL","K6","ME","US","SPECIAL DP","2","Added",""
"2025/01/23","CESHL","K6","ME","US","SPECIAL IAP","2","Added",""
"2025/01/23","CFBHM","K2","CO","US","SPECIAL IAP","2","Added",""
"2025/01/23","CFGTP","K2","CO","US","SPECIAL IAP","2","Added",""
"2025/01/23","CIMIL","K7","NC","US","SPECIAL IAP","2","Added",""
"2025/01/23","CREES","K2","CO","US","SPECIAL IAP","2","Added",""
"2025/01/23","CROWI","K6","ME","US","SPECIAL DP","2","Added",""
"2025/01/23","CTMAX","K6","ME","US","CONTROLLER LOW","2","Added",""
"2025/01/23","CTMAX","K6","ME","US","SPECIAL IAP","2","Added",""
"2025/01/23","EASED","K7","FL","US","SPECIAL IAP","2","Added",""
"2025/01/23","ELYME","K7","NC","US","SPECIAL IAP","2","Added",""
"2025/01/23","FEMIR","K7","FL","US","SPECIAL IAP","2","Added",""
"2025/01/23","FORVR","K6","ME","US","CONTROLLER LOW","2","Added",""
"2025/01/23","FORVR","K6","ME","US","SPECIAL DP","2","Added",""
"2025/01/23","FRONT","K2","CO","US","SPECIAL IAP","2","Added",""
"2025/01/23","FRSTE","K6","ME","US","SPECIAL DP","2","Added",""
"2025/01/23","FRSTE","K6","ME","US","SPECIAL IAP","2","Added",""
"2025/01/23","GLDIN","K2","CO","US","SPECIAL IAP","2","Added",""
"2025/01/23","HABBA","K6","ME","US","SPECIAL DP","2","Added",""
"2025/01/23","HABBA","K6","ME","US","SPECIAL IAP","2","Added",""
"2025/01/23","HAREG","K6","ME","US","SPECIAL DP","2","Added",""
"2025/01/23","HAREG","K6","ME","US","SPECIAL IAP","2","Added",""
"2025/01/23","HAXDU","K5","OH","US","SPECIAL DP","2","Added",""
"2025/01/23","HEPTA","K6","ME","US","CONTROLLER LOW","2","Added",""
"2025/01/23","HEPTA","K6","ME","US","SPECIAL IAP","2","Added",""
"2025/01/23","HETOB","K7","NC","US","SPECIAL IAP","2","Added",""
"2025/01/23","HSONG","K6","ME","US","SPECIAL IAP","2","Added",""
"2025/01/23","IBALE","K2","CO","US","SPECIAL IAP","2","Added",""
"2025/01/23","IBYED","K6","ME","US","SPECIAL DP","2","Added",""
"2025/01/23","IBYED","K6","ME","US","SPECIAL IAP","2","Added",""
"2025/01/23","IXVAV","K5","OH","US","SPECIAL DP","2","Added",""
"2025/01/23","JUNCN","K2","CO","US","SPECIAL IAP","2","Added",""
"2025/01/23","JURLI","K6","ME","US","SPECIAL IAP","2","Added",""
"2025/01/23","KRMKO","K7","NC","US","SPECIAL DP","2","Added",""
"2025/01/23","KRMKO","K7","NC","US","SPECIAL IAP","2","Added",""
"2025/01/23","LEADY","K7","FL","US","SPECIAL IAP","2","Added",""
"2025/01/23","LOMMA","K2","CO","US","SPECIAL IAP","2","Added",""
"2025/01/23","LUDVG","K7","NC","US","SPECIAL IAP","2","Added",""
"2025/01/23","MAGEY","K7","NC","US","SPECIAL DP","2","Added",""
"2025/01/23","MAGEY","K7","NC","US","SPECIAL IAP","2","Added",""
"2025/01/23","MIDHY","K6","ME","US","SPECIAL IAP","2","Added",""
"2025/01/23","MISBE","K6","ME","US","CONTROLLER LOW","2","Added",""
"2025/01/23","MISBE","K6","ME","US","SPECIAL DP","2","Added",""
"2025/01/23","MORRK","K6","ME","US","SPECIAL IAP","2","Added",""
"2025/01/23","MUBVE","K2","CO","US","SPECIAL IAP","2","Added",""
"2025/01/23","MYSON","K6","ME","US","SPECIAL DP","2","Added",""
"2025/01/23","MYSON","K6","ME","US","SPECIAL IAP","2","Added",""
"2025/01/23","PATUC","K2","CO","US","CONTROLLER LOW","2","Added",""
"2025/01/23","PATUC","K2","CO","US","SPECIAL IAP","2","Added",""
"2025/01/23","PONNC","K6","ME","US","SPECIAL DP","2","Added",""
"2025/01/23","SPIDY","K7","NC","US","SPECIAL DP","2","Added",""
"2025/01/23","SPIDY","K7","NC","US","SPECIAL IAP","2","Added",""
"2025/01/23","SUBAH","K5","OH","US","SPECIAL DP","2","Added",""
"2025/01/23","TATYU","K7","NC","US","SPECIAL DP","2","Added",""
"2025/01/23","TATYU","K7","NC","US","SPECIAL IAP","2","Added",""
"2025/01/23","THDER","K6","ME","US","CONTROLLER LOW","2","Added",""
"2025/01/23","THDER","K6","ME","US","SPECIAL DP","2","Added",""
"2025/01/23","TROBE","K2","CO","US","SPECIAL IAP","2","Added",""
"2025/01/23","VYNAL","K6","ME","US","ENROUTE LOW","2","Added",""
"2025/01/23","ZANOR","K7","NC","US","SPECIAL DP","2","Added",""
"2025/01/23","ZANOR","K7","NC","US","SPECIAL IAP","2","Added",""
"2025/01/23","ZAXEM","K7","NC","US","SPECIAL IAP","2","Added",""
"2025/01/23","ZURIC","K6","ME","US","SPECIAL IAP","2","Added",""
