"EFF_DATE","FIX_ID","ICAO_REGION_CODE","STATE_CODE","COUNTRY_CODE","NAV_ID","NAV_TYPE","BEARING","DISTANCE","File","Action","Mods"
"2024/12/26","CULUX","K3","NE","US","OFF","TACAN","136.5","0.9","1","Modified","BEARING"
"2025/01/23","CULUX","K3","NE","US","OFF","TACAN","","0.9","2","Modified","BEARING"
"2024/12/26","LOMMA","K2","CO","US","GJT","LOC","292.19","16.99","1","Modified","BEARING"
"2025/01/23","LOMMA","K2","CO","US","GJT","LOC","296.17","16.99","2","Modified","BEARING"
"2025/01/23","CALUB","K2","UT","US","PVU","VOR/DME","230","10.51","2","Added",""
