"EFF_DATE","FIX_ID","ICAO_REGION_CODE","STATE_CODE","COUNTRY_CODE","LAT_DEG","LAT_MIN","LAT_SEC","LAT_HEMIS","LAT_DECIMAL","LONG_DEG","LONG_MIN","LONG_SEC","LONG_HEMIS","LONG_DECIMAL","FIX_ID_OLD","CHARTING_REMARK","FIX_USE_CODE","ARTCC_ID_HIGH","ARTCC_ID_LOW","PITCH_FLAG","CATCH_FLAG","SUA_ATCAA_FLAG","MIN_RECEP_ALT","COMPULSORY","CHARTS","File","Action","Mods"
"2024/12/26","ACUHA","K6","ME","US","44","18","32.65","N","44.30906944","68","42","51.5","W","-68.71430555","","","WP   ","ZBW","ZBW","N","N","N","","","SPECIAL DP,SPECIAL IAP","1","Modified","CHARTS"
"2025/01/23","ACUHA","K6","ME","US","44","18","32.65","N","44.30906944","68","42","51.5","W","-68.71430555","","","WP   ","ZBW","ZBW","N","N","N","","","CONTROLLER LOW,SPECIAL DP,SPECIAL IAP","2","Modified","CHARTS"
"2024/12/26","AKACO","K6","ME","US","43","56","53.52","N","43.9482","69","0","3.49","W","-69.00096944","","","WP   ","ZBW","ZBW","N","N","N","","","SPECIAL IAP","2","Deleted",""
"2024/12/26","ARDEB","K6","VA","US","36","35","34.19","N","36.59283055","76","23","18.34","W","-76.38842777","","","WP   ","","ZDC","N","N","N","","","IAP,SPECIAL IAP","1","Modified","CHARTS"
"2025/01/23","ARDEB","K6","VA","US","36","35","34.19","N","36.59283055","76","23","18.34","W","-76.38842777","","","WP   ","","ZDC","N","N","N","","","IAP","2","Modified","CHARTS"
"2024/12/26","BRICK","K2","CO","US","38","44","59.54","N","38.74987222","108","17","21.89","W","-108.28941388","","","RP   ","ZDV","ZDV","N","N","N","","","CONTROLLER LOW,ENROUTE LOW,IAP,SID","1","Modified","CHARTS"
"2025/01/23","BRICK","K2","CO","US","38","44","59.54","N","38.74987222","108","17","21.89","W","-108.28941388","","","RP   ","ZDV","ZDV","N","N","N","","","CONTROLLER LOW,ENROUTE LOW,IAP,SID,SPECIAL IAP","2","Modified","CHARTS"
"2024/12/26","BRNDI","K6","ME","US","43","42","21.61","N","43.70600277","70","13","10.53","W","-70.21959166","","","WP   ","ZBW","ZBW","N","N","N","","","CONTROLLER LOW","1","Modified","CHARTS"
"2025/01/23","BRNDI","K6","ME","US","43","42","21.61","N","43.70600277","70","13","10.53","W","-70.21959166","","","WP   ","ZBW","ZBW","N","N","N","","","CONTROLLER LOW,SPECIAL IAP","2","Modified","CHARTS"
"2024/12/26","BUBRE","K6","ME","US","43","58","44.77","N","43.97910277","68","52","9.47","W","-68.86929722","","","WP   ","ZBW","ZBW","N","N","N","","","SPECIAL IAP","2","Deleted",""
"2024/12/26","CESBA","K2","CO","US","38","55","33.66","N","38.92601666","108","23","10.77","W","-108.386325","","","WP   ","ZDV","ZDV","N","N","N","","","CONTROLLER LOW,ENROUTE LOW,IAP","1","Modified","CHARTS"
"2025/01/23","CESBA","K2","CO","US","38","55","33.66","N","38.92601666","108","23","10.77","W","-108.386325","","","WP   ","ZDV","ZDV","N","N","N","","","CONTROLLER LOW,ENROUTE LOW,IAP,SPECIAL IAP","2","Modified","CHARTS"
"2024/12/26","CIMAK","K3","IA","US","41","4","25.85","N","41.07384722","95","50","54.25","W","-95.84840277","","","MR   ","ZMP","ZMP","N","N","N","","","MILITARY IAP","1","Modified","LAT_SEC LAT_DECIMAL LONG_SEC LONG_DECIMAL"
"2025/01/23","CIMAK","K3","IA","US","41","4","25.84","N","41.07384444","95","50","54.24","W","-95.8484","","","MR   ","ZMP","ZMP","N","N","N","","","MILITARY IAP","2","Modified","LAT_SEC LAT_DECIMAL LONG_SEC LONG_DECIMAL"
"2024/12/26","CODAK","K6","ME","US","43","42","1.4","N","43.70038888","70","1","15.66","W","-70.02101666","","","WP   ","ZBW","ZBW","N","N","N","","","NOT REQUIRED","2","Deleted",""
"2024/12/26","COSTR","K6","VA","US","36","49","39.4","N","36.82761111","76","15","52","W","-76.26444444","","","WP   ","ZDC","ZDC","N","N","N","","","SPECIAL IAP","2","Deleted",""
"2024/12/26","CULUX","K3","NE","US","41","6","21.57","N","41.10599166","95","53","12.71","W","-95.88686388","","","MR   ","ZMP","ZMP","N","N","N","","","MILITARY IAP","1","Modified","LAT_SEC LAT_DECIMAL"
"2025/01/23","CULUX","K3","NE","US","41","6","21.55","N","41.10598611","95","53","12.71","W","-95.88686388","","","MR   ","ZMP","ZMP","N","N","N","","","MILITARY IAP","2","Modified","LAT_SEC LAT_DECIMAL"
"2024/12/26","DRONE","K7","NC","US","36","31","45.23","N","36.52923055","76","40","15.05","W","-76.67084722","","RNAV","RP   ","ZDC","ZDC","N","N","N","","","CONTROLLER LOW,ENROUTE LOW,IAP,MILITARY IAP,SPECIAL IAP,STAR","1","Modified","CHARTS"
"2025/01/23","DRONE","K7","NC","US","36","31","45.23","N","36.52923055","76","40","15.05","W","-76.67084722","","RNAV","RP   ","ZDC","ZDC","N","N","N","","","CONTROLLER LOW,ENROUTE LOW,IAP,MILITARY IAP,STAR","2","Modified","CHARTS"
"2024/12/26","FONAP","K6","ME","US","43","36","23.1","N","43.60641666","70","4","5.25","W","-70.068125","","","WP   ","ZBW","ZBW","N","N","N","","","NOT REQUIRED","2","Deleted",""
"2024/12/26","GAYET","K6","ME","US","43","39","12.93","N","43.65359166","70","2","43.42","W","-70.04539444","","","WP   ","ZBW","ZBW","N","N","N","","","NOT REQUIRED","2","Deleted",""
"2024/12/26","GUKME","K6","ME","US","44","7","24.97","N","44.12360277","68","44","10.9","W","-68.73636111","","","WP   ","ZBW","ZBW","N","N","N","","","SPECIAL IAP","2","Deleted",""
"2024/12/26","HABAX","K6","ME","US","43","40","14.65","N","43.67073611","70","6","36.36","W","-70.1101","","","WP   ","ZBW","ZBW","N","N","N","","","NOT REQUIRED","2","Deleted",""
"2024/12/26","HAXDU","K5","OH","US","41","36","3.22","N","41.60089444","82","36","46.12","W","-82.61281111","","","WP   ","ZOB","ZOB","N","N","N","","","SPECIAL IAP","1","Modified","CHARTS"
"2025/01/23","HAXDU","K5","OH","US","41","36","3.22","N","41.60089444","82","36","46.12","W","-82.61281111","","","WP   ","ZOB","ZOB","N","N","N","","","SPECIAL DP,SPECIAL IAP","2","Modified","CHARTS"
"2024/12/26","IBYED","K6","ME","US","43","40","55.73","N","43.68214722","70","9","11.73","W","-70.15325833","","","WP   ","ZBW","ZBW","N","N","N","","","NOT REQUIRED","1","Modified","LAT_MIN LAT_SEC LAT_DECIMAL LONG_MIN LONG_SEC LONG_DECIMAL CHARTS"
"2025/01/23","IBYED","K6","ME","US","43","41","44.91","N","43.69580833","70","10","23.43","W","-70.173175","","","WP   ","ZBW","ZBW","N","N","N","","","SPECIAL DP,SPECIAL IAP","2","Modified","LAT_MIN LAT_SEC LAT_DECIMAL LONG_MIN LONG_SEC LONG_DECIMAL CHARTS"
"2024/12/26","IPOSE","K6","ME","US","44","2","7.12","N","44.03531111","68","48","5.35","W","-68.80148611","","","WP   ","ZBW","ZBW","N","N","N","","","SPECIAL IAP","2","Deleted",""
"2024/12/26","IXVAV","K5","OH","US","41","36","10.06","N","41.60279444","82","40","21.86","W","-82.67273888","","","WP   ","ZOB","ZOB","N","N","N","","","SPECIAL IAP","1","Modified","CHARTS"
"2025/01/23","IXVAV","K5","OH","US","41","36","10.06","N","41.60279444","82","40","21.86","W","-82.67273888","","","WP   ","ZOB","ZOB","N","N","N","","","SPECIAL DP,SPECIAL IAP","2","Modified","CHARTS"
"2024/12/26","JABAG","K6","ME","US","43","42","37.89","N","43.710525","70","15","40.54","W","-70.26126111","","","WP   ","ZBW","ZBW","N","N","N","","","NOT REQUIRED","2","Deleted",""
"2024/12/26","JONZI","K6","VA","US","36","53","26.3","N","36.89063888","76","12","13.26","W","-76.20368333","","","WP   ","ZDC","ZDC","N","N","N","","","SPECIAL IAP","2","Deleted",""
"2024/12/26","KITRE","K6","ME","US","44","4","47.02","N","44.07972777","68","46","10.97","W","-68.76971388","","","WP   ","ZBW","ZBW","N","N","N","","","SPECIAL DP,SPECIAL IAP","2","Deleted",""
"2024/12/26","LOBME","K6","ME","US","44","6","11.67","N","44.10324166","68","49","51.39","W","-68.83094166","","","WP   ","ZBW","ZBW","N","N","N","","","SPECIAL IAP","2","Deleted",""
"2024/12/26","LOMMA","K2","CO","US","39","16","50.94","N","39.28081666","108","48","40.36","W","-108.81121111","","RNAV","RP   ","ZDV","ZDV","N","N","N","","","CONTROLLER LOW,ENROUTE LOW,IAP,SID","1","Modified","CHARTS"
"2025/01/23","LOMMA","K2","CO","US","39","16","50.94","N","39.28081666","108","48","40.36","W","-108.81121111","","RNAV","RP   ","ZDV","ZDV","N","N","N","","","CONTROLLER LOW,ENROUTE LOW,IAP,SID,SPECIAL IAP","2","Modified","CHARTS"
"2024/12/26","NAXOE","K6","ME","US","44","7","8.03","N","44.11889722","68","52","18.44","W","-68.87178888","","","WP   ","ZBW","ZBW","N","N","N","","","SPECIAL DP,SPECIAL IAP","2","Deleted",""
"2024/12/26","OGABE","K6","ME","US","44","9","28.47","N","44.15790833","68","58","26.58","W","-68.97405","","","WP   ","ZBW","ZBW","N","N","N","","","SPECIAL IAP","2","Deleted",""
"2024/12/26","OUTLA","K6","VA","US","37","20","45.48","N","37.34596666","75","59","54.08","W","-75.99835555","","","WP   ","ZDC","ZDC","N","N","N","","","CONTROLLER LOW,ENROUTE LOW,IAP,SECTIONAL,SPECIAL IAP","1","Modified","CHARTS"
"2025/01/23","OUTLA","K6","VA","US","37","20","45.48","N","37.34596666","75","59","54.08","W","-75.99835555","","","WP   ","ZDC","ZDC","N","N","N","","","CONTROLLER LOW,ENROUTE LOW,IAP,SECTIONAL","2","Modified","CHARTS"
"2024/12/26","PATUC","K2","CO","US","39","13","38.34","N","39.22731666","108","24","40.76","W","-108.41132222","","RNAV","RP   ","ZDV","ZDV","N","N","N","","","ENROUTE LOW,IAP","1","Modified","CHARTS"
"2025/01/23","PATUC","K2","CO","US","39","13","38.34","N","39.22731666","108","24","40.76","W","-108.41132222","","RNAV","RP   ","ZDV","ZDV","N","N","N","","","CONTROLLER LOW,ENROUTE LOW,SPECIAL IAP","2","Modified","CHARTS"
"2024/12/26","SUBAH","K5","OH","US","41","25","49.12","N","41.43031111","81","32","34.66","W","-81.54296111","","","WP   ","ZOB","ZOB","N","N","N","","","SPECIAL IAP","1","Modified","CHARTS"
"2025/01/23","SUBAH","K5","OH","US","41","25","49.12","N","41.43031111","81","32","34.66","W","-81.54296111","","","WP   ","ZOB","ZOB","N","N","N","","","SPECIAL DP,SPECIAL IAP","2","Modified","CHARTS"
"2024/12/26","TECHI","K6","VA","US","36","58","58.34","N","36.98287222","76","6","52.21","W","-76.11450277","","","WP   ","ZDC","ZDC","N","N","N","","","IAP,SPECIAL IAP","1","Modified","CHARTS"
"2025/01/23","TECHI","K6","VA","US","36","58","58.34","N","36.98287222","76","6","52.21","W","-76.11450277","","","WP   ","ZDC","ZDC","N","N","N","","","IAP","2","Modified","CHARTS"
"2024/12/26","VYNAL","K6","ME","US","44","11","16.78","N","44.18799444","68","47","50.52","W","-68.79736666","BIRLN","","WP   ","ZBW","ZBW","N","N","N","","","CONTROLLER LOW,SPECIAL DP,SPECIAL IAP","1","Modified","CHARTS"
"2025/01/23","VYNAL","K6","ME","US","44","11","16.78","N","44.18799444","68","47","50.52","W","-68.79736666","BIRLN","","WP   ","ZBW","ZBW","N","N","N","","","CONTROLLER LOW,ENROUTE LOW,SPECIAL DP,SPECIAL IAP","2","Modified","CHARTS"
"2024/12/26","WAIKS","K6","VA","US","37","3","1.72","N","37.05047777","77","4","7.68","W","-77.0688","","RNAV","RP   ","ZDC","ZDC","N","N","N","","","CONTROLLER HIGH,CONTROLLER LOW,ENROUTE HIGH,ENROUTE LOW,IAP,MILITARY SID,SID,SPECIAL IAP","1","Modified","CHARTS"
"2025/01/23","WAIKS","K6","VA","US","37","3","1.72","N","37.05047777","77","4","7.68","W","-77.0688","","RNAV","RP   ","ZDC","ZDC","N","N","N","","","CONTROLLER HIGH,CONTROLLER LOW,ENROUTE HIGH,ENROUTE LOW,IAP,MILITARY SID,SID","2","Modified","CHARTS"
"2024/12/26","YUKUD","K6","ME","US","43","40","43.41","N","43.678725","70","8","25.11","W","-70.14030833","","","WP   ","ZBW","ZBW","N","N","N","","","NOT REQUIRED","2","Deleted",""
"2025/01/23","ALENE","K6","ME","US","43","32","11.21","N","43.53644722","70","25","52.24","W","-70.43117777","","","WP   ","ZBW","ZBW","N","N","N","","","SPECIAL DP","2","Added",""
"2025/01/23","CEPIV","K7","NC","US","36","32","55.34","N","36.54870555","7","39","32.71","W","-7.65908611","","","MW   ","ZDC","ZDC","N","N","N","","","SPECIAL DP,SPECIAL IAP","2","Added",""
"2025/01/23","CESHL","K6","ME","US","43","51","20.29","N","43.85563611","69","38","17.9","W","-69.63830555","","","WP   ","ZBW","ZBW","N","N","N","","","SPECIAL DP,SPECIAL IAP","2","Added",""
"2025/01/23","CFBHM","K2","CO","US","39","1","9.64","N","39.01934444","108","26","57.17","W","-108.44921388","","","CN   ","ZDV","ZDV","N","N","N","","","SPECIAL IAP","2","Added",""
"2025/01/23","CFGTP","K2","CO","US","39","3","2.75","N","39.05076388","108","30","13.89","W","-108.50385833","","","CN   ","ZDV","ZDV","N","N","N","","","SPECIAL IAP","2","Added",""
"2025/01/23","CIMIL","K7","NC","US","36","22","13.76","N","36.37048888","77","7","21.22","W","-77.12256111","","","WP   ","ZDC","ZDC","N","N","N","","","SPECIAL IAP","2","Added",""
"2025/01/23","CREES","K2","CO","US","39","4","39.34","N","39.07759444","108","33","40.46","W","-108.56123888","","","WP   ","ZDV","ZDV","N","N","N","","","SPECIAL IAP","2","Added",""
"2025/01/23","CROWI","K6","ME","US","43","41","8.74","N","43.68576111","70","10","55.98","W","-70.18221666","","","WP   ","ZBW","ZBW","N","N","N","","","SPECIAL DP","2","Added",""
"2025/01/23","CTMAX","K6","ME","US","44","10","3.91","N","44.16775277","68","52","6.27","W","-68.86840833","","","WP   ","ZBW","ZBW","N","N","N","","","CONTROLLER LOW,SPECIAL IAP","2","Added",""
"2025/01/23","EASED","K7","FL","US","30","35","56.27","N","30.59896388","81","37","11.77","W","-81.61993611","","","WP   ","ZJX","ZJX","N","N","N","","","SPECIAL IAP","2","Added",""
"2025/01/23","ELYME","K7","NC","US","36","18","24.26","N","36.30673888","76","54","12.51","W","-76.903475","","","WP   ","ZDC","ZDC","N","N","N","","","SPECIAL IAP","2","Added",""
"2025/01/23","FEMIR","K7","FL","US","30","34","8.29","N","30.56896944","81","34","22.73","W","-81.57298055","","","WP   ","ZJX","ZJX","N","N","N","","","SPECIAL IAP","2","Added",""
"2025/01/23","FORVR","K6","ME","US","43","39","13.72","N","43.65381111","70","17","5.65","W","-70.28490277","","","WP   ","ZBW","ZBW","N","N","N","","","CONTROLLER LOW,SPECIAL DP","2","Added",""
"2025/01/23","FRONT","K2","CO","US","39","9","11.29","N","39.15313611","108","30","11.09","W","-108.50308055","","","WP   ","ZDV","ZDV","N","N","N","","","SPECIAL IAP","2","Added",""
"2025/01/23","FRSTE","K6","ME","US","44","8","22.32","N","44.13953333","68","52","8.83","W","-68.86911944","","","WP   ","ZBW","ZBW","N","N","N","","","SPECIAL DP,SPECIAL IAP","2","Added",""
"2025/01/23","GLDIN","K2","CO","US","39","0","30.59","N","39.00849722","108","32","34.97","W","-108.54304722","","","WP   ","ZDV","ZDV","N","N","N","","","SPECIAL IAP","2","Added",""
"2025/01/23","HABBA","K6","ME","US","43","55","20.08","N","43.92224444","69","38","32.28","W","-69.6423","","","WP   ","ZBW","ZBW","N","N","N","","","SPECIAL DP,SPECIAL IAP","2","Added",""
"2025/01/23","HAREG","K6","ME","US","43","9","16.33","N","43.15453611","70","38","40.92","W","-70.6447","","","WP   ","ZBW","ZBW","N","N","N","","","SPECIAL DP,SPECIAL IAP","2","Added",""
"2025/01/23","HEPTA","K6","ME","US","43","36","48.63","N","43.61350833","70","20","6.81","W","-70.335225","","","WP   ","ZBW","ZBW","N","N","N","","","CONTROLLER LOW,SPECIAL IAP","2","Added",""
"2025/01/23","HETOB","K7","NC","US","36","18","21.23","N","36.30589722","77","3","36.22","W","-77.06006111","","","WP   ","ZDC","ZDC","N","N","N","","","SPECIAL IAP","2","Added",""
"2025/01/23","HSONG","K6","ME","US","44","14","0.3","N","44.23341666","68","52","0.32","W","-68.86675555","","","WP   ","ZBW","ZBW","N","N","N","","","SPECIAL IAP","2","Added",""
"2025/01/23","IBALE","K2","CO","US","39","1","4.32","N","39.01786666","108","22","58.52","W","-108.38292222","","","WP   ","ZDV","ZDV","N","N","N","","","SPECIAL IAP","2","Added",""
"2025/01/23","JUNCN","K2","CO","US","39","4","51.06","N","39.08085","108","26","45.2","W","-108.44588888","","","WP   ","ZDV","ZDV","N","N","N","","","SPECIAL IAP","2","Added",""
"2025/01/23","JURLI","K6","ME","US","44","0","9.78","N","44.00271666","69","38","49.7","W","-69.64713888","","","WP   ","ZBW","ZBW","N","N","N","","","SPECIAL IAP","2","Added",""
"2025/01/23","KRMKO","K7","NC","US","36","28","18.46","N","36.47179444","76","39","29.21","W","-76.65811388","","","WP   ","ZDC","ZDC","N","N","N","","","SPECIAL DP,SPECIAL IAP","2","Added",""
"2025/01/23","LEADY","K7","FL","US","30","31","41.05","N","30.52806944","81","34","59.93","W","-81.58331388","","","WP   ","ZJX","ZJX","N","N","N","","","SPECIAL IAP","2","Added",""
"2025/01/23","LUDVG","K7","NC","US","36","29","2.29","N","36.48396944","76","46","24.95","W","-76.77359722","","","WP   ","ZDC","ZDC","N","N","N","","","SPECIAL IAP","2","Added",""
"2025/01/23","MAGEY","K7","NC","US","36","17","32.25","N","36.29229166","77","0","18.05","W","-77.00501388","","","WP   ","ZDC","ZDC","N","N","N","","","SPECIAL DP,SPECIAL IAP","2","Added",""
"2025/01/23","MIDHY","K6","ME","US","43","10","6.37","N","43.16843611","70","38","17.8","W","-70.63827777","","","WP   ","ZBW","ZBW","N","N","N","","","SPECIAL IAP","2","Added",""
"2025/01/23","MISBE","K6","ME","US","43","57","38.13","N","43.96059166","69","51","1.34","W","-69.85037222","","","WP   ","ZBW","ZBW","N","N","N","","","CONTROLLER LOW,SPECIAL DP","2","Added",""
"2025/01/23","MORRK","K6","ME","US","43","43","11.74","N","43.71992777","70","16","59.34","W","-70.28315","","","WP   ","ZBW","ZBW","N","N","N","","","SPECIAL IAP","2","Added",""
"2025/01/23","MUBVE","K2","CO","US","39","3","41.75","N","39.06159722","108","24","39.36","W","-108.41093333","","","WP   ","ZDV","ZDV","N","N","N","","","SPECIAL IAP","2","Added",""
"2025/01/23","MYSON","K6","ME","US","43","17","0.62","N","43.28350555","70","35","5.93","W","-70.58498055","","","WP   ","ZBW","ZBW","N","N","N","","","SPECIAL DP,SPECIAL IAP","2","Added",""
"2025/01/23","PONNC","K6","ME","US","43","44","40.83","N","43.744675","70","13","7.13","W","-70.21864722","","","WP   ","ZBW","ZBW","N","N","N","","","SPECIAL DP","2","Added",""
"2025/01/23","SPIDY","K7","NC","US","36","19","13.76","N","36.32048888","77","7","9.28","W","-77.11924444","","","WP   ","ZDC","ZDC","N","N","N","","","SPECIAL DP,SPECIAL IAP","2","Added",""
"2025/01/23","TATYU","K7","NC","US","36","26","41.93","N","36.44498055","76","37","6.74","W","-76.61853888","","","WP   ","ZDC","ZDC","N","N","N","","","SPECIAL DP,SPECIAL IAP","2","Added",""
"2025/01/23","THDER","K6","ME","US","44","12","48.32","N","44.21342222","68","46","47.83","W","-68.77995277","","","WP   ","ZBW","ZBW","N","N","N","","","CONTROLLER LOW,SPECIAL DP","2","Added",""
"2025/01/23","TROBE","K2","CO","US","38","58","38.84","N","38.97745555","108","29","17","W","-108.48805555","","","WP   ","ZDV","ZDV","N","N","N","","","SPECIAL IAP","2","Added",""
"2025/01/23","ZANOR","K7","NC","US","36","30","14.28","N","36.50396666","76","42","20.24","W","-76.70562222","","","WP   ","ZDC","ZDC","N","N","N","","","SPECIAL DP,SPECIAL IAP","2","Added",""
"2025/01/23","ZAXEM","K7","NC","US","36","16","49.65","N","36.28045833","77","9","23.03","W","-77.15639722","","","WP   ","ZDC","ZDC","N","N","N","","","SPECIAL IAP","2","Added",""
"2025/01/23","ZURIC","K6","ME","US","43","12","16.43","N","43.20456388","70","37","17.67","W","-70.621575","","","WP   ","ZBW","ZBW","N","N","N","","","SPECIAL IAP","2","Added",""
