"EFF_DATE","FACILITY","FAC_NAME","FACILITY_TYPE","ARTCC_OR_FSS_ID","CPDLC","TOWER_HRS","SERVICED_FACILITY","SERVICED_FAC_NAME","SERVICED_SITE_TYPE","LAT_DECIMAL","LONG_DECIMAL","SERVICED_CITY","SERVICED_STATE","SERVICED_COUNTRY","TOWER_OR_COMM_CALL","PRIMARY_APPROACH_RADIO_CALL","FREQ","SECTORIZATION","FREQ_USE","REMARK","File","Action","Mods"
"2024/12/26","0J8","FLYING TEN","NON-ATCT","","","","0J8","FLYING TEN","AIRPORT","29.61891666","-82.50877777","ARCHER","FL","US","","","122.9","","CTAF","ACTVT LIRL RWY 18/36 - CTAF.","1","Modified","LAT_DECIMAL LONG_DECIMAL"
"2025/01/23","0J8","FLYING TEN","NON-ATCT","","","","0J8","FLYING TEN","AIRPORT","29.61942916","-82.50866805","ARCHER","FL","US","","","122.9","","CTAF","ACTVT LIRL RWY 18/36 - CTAF.","2","Modified","LAT_DECIMAL LONG_DECIMAL"
"2024/12/26","0L9","ECHO BAY","NON-ATCT","","","","0L9","ECHO BAY","AIRPORT","36.31102777","-114.46388888","OVERTON","NV","US","","","122.8","","CTAF","","1","Modified","LAT_DECIMAL LONG_DECIMAL"
"2025/01/23","0L9","ECHO BAY","NON-ATCT","","","","0L9","ECHO BAY","AIRPORT","36.31103786","-114.46389411","OVERTON","NV","US","","","122.8","","CTAF","","2","Modified","LAT_DECIMAL LONG_DECIMAL"
"2024/12/26","0L9","ECHO BAY","NON-ATCT","","","","0L9","ECHO BAY","AIRPORT","36.31102777","-114.46388888","OVERTON","NV","US","","","122.8","","UNICOM","RESORT TAXI SVC - MON UNICOM.","1","Modified","LAT_DECIMAL LONG_DECIMAL"
"2025/01/23","0L9","ECHO BAY","NON-ATCT","","","","0L9","ECHO BAY","AIRPORT","36.31103786","-114.46389411","OVERTON","NV","US","","","122.8","","UNICOM","RESORT TAXI SVC - MON UNICOM.","2","Modified","LAT_DECIMAL LONG_DECIMAL"
"2024/12/26","1A5","","ASOS_AWOS","","","","1A5","","AWOS-3","35.22231219","-83.41999661","FRANKLIN","NC","US","","","118.225","","1A5 AWOS-3","","2","Deleted",""
"2024/12/26","1L4","KIDWELL","NON-ATCT","","","","1L4","KIDWELL","AIRPORT","35.30554944","-114.88275277","CAL NEV ARI","NV","US","","","122.9","","CTAF","","1","Modified","LAT_DECIMAL LONG_DECIMAL"
"2025/01/23","1L4","KIDWELL","NON-ATCT","","","","1L4","KIDWELL","AIRPORT","35.30590433","-114.88238683","CAL NEV ARI","NV","US","","","122.9","","CTAF","","2","Modified","LAT_DECIMAL LONG_DECIMAL"
"2024/12/26","3B1","GREENVILLE MUNI","NON-ATCT","","","","3B1","GREENVILLE MUNI","AIRPORT","45.46283138","-69.55164944","GREENVILLE","ME","US","","","122.8","","CTAF","DUSK-DAWN. ACTVT REIL RWY 14; PAPI RWY 14; MIRL RWY 14/32 - CTAF.; BE ALERT: MNT CTAF 122.9 FOR LCL SPB TFC NEARBY (52B & 21M) IF ABLE.","1","Modified","REMARK"
"2025/01/23","3B1","GREENVILLE MUNI","NON-ATCT","","","","3B1","GREENVILLE MUNI","AIRPORT","45.46283138","-69.55164944","GREENVILLE","ME","US","","","122.8","","CTAF","DUSK-DAWN. ACTVT REIL RWY 14; PAPI RWY 14 & 32; MIRL RWY 14/32 - CTAF.; BE ALERT: MNT CTAF 122.9 FOR LCL SPB TFC NEARBY (52B & 21M) IF ABLE.","2","Modified","REMARK"
"2024/12/26","3M9","WARREN MUNI","NON-ATCT","","","","3M9","WARREN MUNI","AIRPORT","33.56044333","-92.08538861","WARREN","AR","US","","","122.9","","CTAF","ACTVT LIRL & PAPI RWY 03/21 - CTAF","1","Modified","FAC_NAME SERVICED_FAC_NAME"
"2025/01/23","3M9","WARREN MUNI/JOHN B FRAZER JR FLD","NON-ATCT","","","","3M9","WARREN MUNI/JOHN B FRAZER JR FLD","AIRPORT","33.56044333","-92.08538861","WARREN","AR","US","","","122.9","","CTAF","ACTVT LIRL & PAPI RWY 03/21 - CTAF","2","Modified","FAC_NAME SERVICED_FAC_NAME"
"2024/12/26","3MN6","MAYO CLINIC HEALTH SYSTEM/MANKATO","NON-ATCT","","","","3MN6","MAYO CLINIC HEALTH SYSTEM/MANKATO","HELIPORT","44.16270722","-93.98469805","MANKATO","MN","US","","","122.9","","CTAF","","1","Modified","LAT_DECIMAL LONG_DECIMAL"
"2025/01/23","3MN6","MAYO CLINIC HEALTH SYSTEM/MANKATO","NON-ATCT","","","","3MN6","MAYO CLINIC HEALTH SYSTEM/MANKATO","HELIPORT","44.16332638","-93.98395555","MANKATO","MN","US","","","122.9","","CTAF","","2","Modified","LAT_DECIMAL LONG_DECIMAL"
"2024/12/26","40U","MANILA","NON-ATCT","","","","40U","MANILA","AIRPORT","40.98639444","-109.67852694","MANILA","UT","US","","","122.8","","CTAF","ACTVT MIRL RWY  07/25 - CTAF.","1","Modified","REMARK"
"2025/01/23","40U","MANILA","NON-ATCT","","","","40U","MANILA","AIRPORT","40.98639444","-109.67852694","MANILA","UT","US","","","122.8","","CTAF","","2","Modified","REMARK"
"2024/12/26","53NR","BARKER PRIVATE STOL","NON-ATCT","","","","53NR","BARKER PRIVATE STOL","AIRPORT","35.64708333","-82.66875","ASHEVILLE","NC","US","","","122.9","","CTAF","","1","Modified","LAT_DECIMAL LONG_DECIMAL"
"2025/01/23","53NR","BARKER PRIVATE STOL","NON-ATCT","","","","53NR","BARKER PRIVATE STOL","AIRPORT","35.6474905","-82.66896","ASHEVILLE","NC","US","","","122.9","","CTAF","","2","Modified","LAT_DECIMAL LONG_DECIMAL"
"2024/12/26","70OH","TRUMBULL MEML HOSPITAL","NON-ATCT","","","","70OH","TRUMBULL MEML HOSPITAL","HELIPORT","41.23499444","-80.79908888","WARREN","OH","US","","","122.9","","CTAF","","1","Modified","FAC_NAME SERVICED_FAC_NAME"
"2025/01/23","70OH","INSIGHT HOSPITAL & MEDICAL CENTER TRUMBULL","NON-ATCT","","","","70OH","INSIGHT HOSPITAL & MEDICAL CENTER TRUMBULL","HELIPORT","41.23499444","-80.79908888","WARREN","OH","US","","","122.9","","CTAF","","2","Modified","FAC_NAME SERVICED_FAC_NAME"
"2024/12/26","8IL7","DUTCH CREEK","NON-ATCT","","","","8IL7","DUTCH CREEK","SEAPLANE BASE","42.37113222","-88.24703138","MC HENRY","IL","US","","","122.725","","UNICOM","","2","Deleted",""
"2024/12/26","8OH0","ASHTABULA COUNTY MEDICAL CENTER","NON-ATCT","","","","8OH0","ASHTABULA COUNTY MEDICAL CENTER","HELIPORT","41.88015277","-80.79377777","ASHTABULA","OH","US","","","122.9","","CTAF","","1","Modified","FAC_NAME SERVICED_FAC_NAME LAT_DECIMAL LONG_DECIMAL"
"2025/01/23","8OH0","ASHTABULA RGNL MEDICAL CENTER","NON-ATCT","","","","8OH0","ASHTABULA RGNL MEDICAL CENTER","HELIPORT","41.880885","-80.793771","ASHTABULA","OH","US","","","122.9","","CTAF","","2","Modified","FAC_NAME SERVICED_FAC_NAME LAT_DECIMAL LONG_DECIMAL"
"2024/12/26","94C","GILBERT FLD","NON-ATCT","","","","94C","GILBERT FLD","AIRPORT","43.44998527","-89.25011583","RIO","WI","US","","","122.9","","CTAF","","1","Modified","LAT_DECIMAL LONG_DECIMAL"
"2025/01/23","94C","GILBERT FLD","NON-ATCT","","","","94C","GILBERT FLD","AIRPORT","43.45160263","-89.25416958","RIO","WI","US","","","122.9","","CTAF","","2","Modified","LAT_DECIMAL LONG_DECIMAL"
"2024/12/26","94MD","CONQUEST FIELD","NON-ATCT","","","","94MD","CONQUEST FIELD","AIRPORT","39.08826666","-76.13053333","CENTREVILLE","MD","US","","","122.9","","CTAF","","1","Modified","FAC_NAME SERVICED_FAC_NAME"
"2025/01/23","94MD","CONQUEST FLD","NON-ATCT","","","","94MD","CONQUEST FLD","AIRPORT","39.08826666","-76.13053333","CENTREVILLE","MD","US","","","122.9","","CTAF","","2","Modified","FAC_NAME SERVICED_FAC_NAME"
"2024/12/26","97M","EKALAKA","NON-ATCT","","","","97M","EKALAKA","AIRPORT","45.87648533","-104.53757133","EKALAKA","MT","US","","","122.9","","CTAF","DUSK-0000. MIRL RY 13/31 & PAPI RYS 13 & 31 PRESET MEDIUM INTST DUSK-0000; OTHER HRS ACTVT - CTAF.","1","Modified","REMARK"
"2025/01/23","97M","EKALAKA","NON-ATCT","","","","97M","EKALAKA","AIRPORT","45.87648533","-104.53757133","EKALAKA","MT","US","","","122.9","","CTAF","DUSK-0000. MIRL RWY 13/31 & PAPI RWYS 13 & 31 PRESET MEDIUM INTST DUSK-0000; OTHER HRS ACTVT - CTAF.","2","Modified","REMARK"
"2024/12/26","ABY","SOUTHWEST GEORGIA RGNL","ATCT","","","","ABY","SOUTHWEST GEORGIA RGNL","AIRPORT","31.53552777","-84.19447222","ALBANY","GA","US","","","120.25","","CTAF","WHEN ATCT CLSD, ACTVT MALSR RWY 05; REIL RWY 35; PAPI RWY 23; HIRL RWY 05/23; MIRL RWY 17/35 - CTAF.; CTAF FREQ 120.25 UNREL FOR GROUND TO GROUND TWO WAY COM USE CAUTION ON CTAF.","1","Modified","REMARK"
"2025/01/23","ABY","SOUTHWEST GEORGIA RGNL","ATCT","","","","ABY","SOUTHWEST GEORGIA RGNL","AIRPORT","31.53552777","-84.19447222","ALBANY","GA","US","","","120.25","","CTAF","WHEN ATCT CLSD, ACTVT MALSR RWY 05; REIL RWY 35; PAPI RWY 23; HIRL RWY 05/23; MIRL RWY 17/35 - CTAF. REIL RWY 17 & 23; VASI RWY 17 & 35 OPR DRG TWR HRS.; CTAF FREQ 120.25 UNREL FOR GND TO GND TWO WAY COM USE CTN ON CTAF.","2","Modified","REMARK"
"2024/12/26","ANGELS CAMP","ANGELS CAMP","RCAG","ZOA","","","ANGELS CAMP","ANGELS CAMP","RCAG","38.02047777","-120.58492222","","CA","","","","125.85","LOW","ANGELS CAMP RCAG","","2","Deleted",""
"2024/12/26","AUS","AUSTIN-BERGSTROM INTL","ATCT-TRACON","","CPDLC (LOGON KUSA)","24","AUS","AUSTIN-BERGSTROM INTL","AIRPORT","30.19452722","-97.66987611","AUSTIN","TX","US","AUSTIN","AUSTIN","119.0","WEST","CLASS C","","2","Deleted",""
"2024/12/26","AUS","AUSTIN-BERGSTROM INTL","ATCT-TRACON","","CPDLC (LOGON KUSA)","24","AUS","AUSTIN-BERGSTROM INTL","AIRPORT","30.19452722","-97.66987611","AUSTIN","TX","US","AUSTIN","AUSTIN","127.225","EAST","CLASS C","","2","Deleted",""
"2024/12/26","AUS","AUSTIN-BERGSTROM INTL","ATCT-TRACON","","CPDLC (LOGON KUSA)","24","AUS","AUSTIN-BERGSTROM INTL","AIRPORT","30.19452722","-97.66987611","AUSTIN","TX","US","AUSTIN","AUSTIN","317.65","EAST","CLASS C","","2","Deleted",""
"2024/12/26","AUS","AUSTIN-BERGSTROM INTL","ATCT-TRACON","","CPDLC (LOGON KUSA)","24","AUS","AUSTIN-BERGSTROM INTL","AIRPORT","30.19452722","-97.66987611","AUSTIN","TX","US","AUSTIN","AUSTIN","370.85","WEST","CLASS C","","2","Deleted",""
"2024/12/26","BNL","","ASOS_AWOS","","","","BNL","","AWOS-3","33.25800166","-81.38793283","BARNWELL","SC","US","","","119.775","","BNL AWOS-3","","2","Deleted",""
"2024/12/26","BRW","BARROW","FSS","","","","BRW","BARROW","FSS","71.28486111","-156.76858333","UTQIAGVIK","AK","US","BARROW","","132.15","","BRW FSS","","1","Modified","REMARK"
"2025/01/23","BRW","BARROW","FSS","","","","BRW","BARROW","FSS","71.28486111","-156.76858333","UTQIAGVIK","AK","US","BARROW","","132.15","","BRW FSS","AFIS FREQUENCY.","2","Modified","REMARK"
"2024/12/26","BUF","BUFFALO NIAGARA INTL","ATCT-TRACON","","","","8OH0","ASHTABULA COUNTY MEDICAL CENTER","HELIPORT","41.88015277","-80.79377777","ASHTABULA","OH","US","","BUFFALO","121.0","","IROME DP","","1","Modified","SERVICED_FAC_NAME LAT_DECIMAL LONG_DECIMAL"
"2025/01/23","BUF","BUFFALO NIAGARA INTL","ATCT-TRACON","","","","8OH0","ASHTABULA RGNL MEDICAL CENTER","HELIPORT","41.880885","-80.793771","ASHTABULA","OH","US","","BUFFALO","121.0","","IROME DP","","2","Modified","SERVICED_FAC_NAME LAT_DECIMAL LONG_DECIMAL"
"2024/12/26","BUF","BUFFALO NIAGARA INTL","ATCT-TRACON","","","","8OH0","ASHTABULA COUNTY MEDICAL CENTER","HELIPORT","41.88015277","-80.79377777","ASHTABULA","OH","US","","BUFFALO","257.8","","IROME DP","","1","Modified","SERVICED_FAC_NAME LAT_DECIMAL LONG_DECIMAL"
"2025/01/23","BUF","BUFFALO NIAGARA INTL","ATCT-TRACON","","","","8OH0","ASHTABULA RGNL MEDICAL CENTER","HELIPORT","41.880885","-80.793771","ASHTABULA","OH","US","","BUFFALO","257.8","","IROME DP","","2","Modified","SERVICED_FAC_NAME LAT_DECIMAL LONG_DECIMAL"
"2024/12/26","BYY","","ASOS_AWOS","","","","BYY","","AWOS-3","28.97325","-95.86344444","BAY CITY","TX","US","","","118.075","","BYY AWOS-3","","2","Deleted",""
"2024/12/26","CHARDON","CHARDON","RCAG","ZOB","","","8OH0","ASHTABULA COUNTY MEDICAL CENTER","HELIPORT","41.88015277","-80.79377777","ASHTABULA","OH","US","","BUFFALO","120.775","LOW","CHARDON RCAG","APCH/DEP SVC PRVDD BY BUFFALO APCH (BUF) ON 121.0/257.8 0600-0000. APCH/DEP SVC PRVDD BY CLEVELAND ARTCC (ZOB) 120.775/298.95 (CHARDON RCAG) 0000-0600.","1","Modified","SERVICED_FAC_NAME LAT_DECIMAL LONG_DECIMAL"
"2025/01/23","CHARDON","CHARDON","RCAG","ZOB","","","8OH0","ASHTABULA RGNL MEDICAL CENTER","HELIPORT","41.880885","-80.793771","ASHTABULA","OH","US","","BUFFALO","120.775","LOW","CHARDON RCAG","APCH/DEP SVC PRVDD BY BUFFALO APCH (BUF) ON 121.0/257.8 0600-0000. APCH/DEP SVC PRVDD BY CLEVELAND ARTCC (ZOB) 120.775/298.95 (CHARDON RCAG) 0000-0600.","2","Modified","SERVICED_FAC_NAME LAT_DECIMAL LONG_DECIMAL"
"2024/12/26","CHARDON","CHARDON","RCAG","ZOB","","","8OH0","ASHTABULA COUNTY MEDICAL CENTER","HELIPORT","41.88015277","-80.79377777","ASHTABULA","OH","US","","BUFFALO","298.95","LOW","CHARDON RCAG","APCH/DEP SVC PRVDD BY BUFFALO APCH (BUF) ON 121.0/257.8 0600-0000. APCH/DEP SVC PRVDD BY CLEVELAND ARTCC (ZOB) 120.775/298.95 (CHARDON RCAG) 0000-0600.","1","Modified","SERVICED_FAC_NAME LAT_DECIMAL LONG_DECIMAL"
"2025/01/23","CHARDON","CHARDON","RCAG","ZOB","","","8OH0","ASHTABULA RGNL MEDICAL CENTER","HELIPORT","41.880885","-80.793771","ASHTABULA","OH","US","","BUFFALO","298.95","LOW","CHARDON RCAG","APCH/DEP SVC PRVDD BY BUFFALO APCH (BUF) ON 121.0/257.8 0600-0000. APCH/DEP SVC PRVDD BY CLEVELAND ARTCC (ZOB) 120.775/298.95 (CHARDON RCAG) 0000-0600.","2","Modified","SERVICED_FAC_NAME LAT_DECIMAL LONG_DECIMAL"
"2024/12/26","CTJ","WEST GEORGIA RGNL/O V GRAY FLD","NON-ATCT","","","","CTJ","WEST GEORGIA RGNL/O V GRAY FLD","AIRPORT","33.63169644","-85.15226413","CARROLLTON","GA","US","","","122.975","","CTAF","HIRL RWY 17/35 PRESET MED INTST DUSK-2200, AFT 2200 ACTVT - CTAF.","1","Modified","REMARK"
"2025/01/23","CTJ","WEST GEORGIA RGNL/O V GRAY FLD","NON-ATCT","","","","CTJ","WEST GEORGIA RGNL/O V GRAY FLD","AIRPORT","33.63169644","-85.15226413","CARROLLTON","GA","US","","","122.975","","CTAF","HIRL RWY 17/35 PRESET MED INTST DUSK-2200, AFT 2200 ACTVT - CTAF. PAPI RWY 17 & 35 OPER CONSLY.","2","Modified","REMARK"
"2024/12/26","CTJ","","ASOS_AWOS","","","","CTJ","","AWOS-3","33.63169644","-85.15226413","CARROLLTON","GA","US","","","118.175","","CTJ AWOS-3","","1","Modified","LAT_DECIMAL LONG_DECIMAL"
"2025/01/23","CTJ","","ASOS_AWOS","","","","CTJ","","AWOS-3","33.63123786","-85.15384552","CARROLLTON","GA","US","","","118.175","","CTJ AWOS-3","","2","Modified","LAT_DECIMAL LONG_DECIMAL"
"2024/12/26","DLG","DILLINGHAM","FSS","","","","DLG","DILLINGHAM","FSS","59.04466666","-158.5055","DILLINGHAM","AK","US","DILLINGHAM","","125.0","","DLG FSS","","1","Modified","REMARK"
"2025/01/23","DLG","DILLINGHAM","FSS","","","","DLG","DILLINGHAM","FSS","59.04466666","-158.5055","DILLINGHAM","AK","US","DILLINGHAM","","125.0","","DLG FSS","AFIS FREQUENCY.","2","Modified","REMARK"
"2024/12/26","DWG","WARRINGTON","NAVAID","","","","DWG","WARRINGTON","TACAN","30.47823611","-86.52086666","VALPARAISO","FL","US","","","134.5/2X","","DWG TACAN","","1","Modified","LAT_DECIMAL LONG_DECIMAL"
"2025/01/23","DWG","WARRINGTON","NAVAID","","","","DWG","WARRINGTON","TACAN","30.47823888","-86.52085833","VALPARAISO","FL","US","","","134.5/2X","","DWG TACAN","","2","Modified","LAT_DECIMAL LONG_DECIMAL"
"2024/12/26","EAU CLAIRE","EAU CLAIRE","RCAG","ZMP","","","LUM","MENOMONIE MUNI/SCORE FLD","AIRPORT","44.89233333","-91.86780555","MENOMONIE","WI","US","","MINNEAPOLIS ARTCC","125.3","LOW","EAU CLAIRE RCAG","APCH/DEP SVC PRVDD BY MINNEAPOLIS ARTCC ON FREQS 125.3/335.6 (EAU CLAIRE RCAG).","1","Modified","LAT_DECIMAL LONG_DECIMAL"
"2025/01/23","EAU CLAIRE","EAU CLAIRE","RCAG","ZMP","","","LUM","MENOMONIE MUNI/SCORE FLD","AIRPORT","44.89234416","-91.86779055","MENOMONIE","WI","US","","MINNEAPOLIS ARTCC","125.3","LOW","EAU CLAIRE RCAG","APCH/DEP SVC PRVDD BY MINNEAPOLIS ARTCC ON FREQS 125.3/335.6 (EAU CLAIRE RCAG).","2","Modified","LAT_DECIMAL LONG_DECIMAL"
"2024/12/26","EAU CLAIRE","EAU CLAIRE","RCAG","ZMP","","","LUM","MENOMONIE MUNI/SCORE FLD","AIRPORT","44.89233333","-91.86780555","MENOMONIE","WI","US","","MINNEAPOLIS ARTCC","335.6","LOW","EAU CLAIRE RCAG","APCH/DEP SVC PRVDD BY MINNEAPOLIS ARTCC ON FREQS 125.3/335.6 (EAU CLAIRE RCAG).","1","Modified","LAT_DECIMAL LONG_DECIMAL"
"2025/01/23","EAU CLAIRE","EAU CLAIRE","RCAG","ZMP","","","LUM","MENOMONIE MUNI/SCORE FLD","AIRPORT","44.89234416","-91.86779055","MENOMONIE","WI","US","","MINNEAPOLIS ARTCC","335.6","LOW","EAU CLAIRE RCAG","APCH/DEP SVC PRVDD BY MINNEAPOLIS ARTCC ON FREQS 125.3/335.6 (EAU CLAIRE RCAG).","2","Modified","LAT_DECIMAL LONG_DECIMAL"
"2024/12/26","EGI","DUKE FLD,(EGLIN AF AUX NR 3)","ATCT","","","1445-0600Z++ MON-FRI EXC HOL, OT SEE FAR PART 93.83 SPECIAL AIR TRAFFIC RULES.","EGI","DUKE FLD,(EGLIN AF AUX NR 3)","AIRPORT","30.64858694","-86.52195936","CRESTVIEW","FL","US","DUKE","EGLIN","142.3","","PTD","","2","Deleted",""
"2024/12/26","FRM","FAIRMONT MUNI","NON-ATCT","","","","FRM","FAIRMONT MUNI","AIRPORT","43.64394444","-94.41561111","FAIRMONT","MN","US","","","122.8","","CTAF","HIRL RY 13/31 AND MIRL RY 02/20 PRESET TO LOW INTS, TO INCR INTS AND ACTVT MALSR RY 31; REIL RY 13, RY 02, & RY 20; PAPI RY 13, RY 31, RY 02, & RY 20 - CTAF.","1","Modified","REMARK"
"2025/01/23","FRM","FAIRMONT MUNI","NON-ATCT","","","","FRM","FAIRMONT MUNI","AIRPORT","43.64394444","-94.41561111","FAIRMONT","MN","US","","","122.8","","CTAF","HIRL RWY 13/31 AND MIRL RWY 02/20 PRESET TO LOW INTS, TO INCR INTS AND ACTVT MALSR RWY 31; REIL RWY 02, 13, & 20; PAPI RWY 02, 13, 20, & 31 - CTAF.","2","Modified","REMARK"
"2024/12/26","FRM","","ASOS_AWOS","","","","FRM","","AWOS-3PT","43.64394444","-94.41561111","FAIRMONT","MN","US","","","120.025","","FRM AWOS-3PT","","1","Modified","LAT_DECIMAL LONG_DECIMAL"
"2025/01/23","FRM","","ASOS_AWOS","","","","FRM","","AWOS-3PT","43.64548133","-94.41681486","FAIRMONT","MN","US","","","120.025","","FRM AWOS-3PT","","2","Modified","LAT_DECIMAL LONG_DECIMAL"
"2024/12/26","FSD","JOE FOSS FLD","ATCT-TRACON","","","0500-0000","FSD","JOE FOSS FLD","AIRPORT","43.58201805","-96.74192527","SIOUX FALLS","SD","US","SIOUX FALLS","SIOUX FALLS","306.2","","APCH/P DEP/P","","2","Deleted",""
"2024/12/26","GARDNER","GARDNER","RCAG","ZBW","","","ORE","ORANGE MUNI","AIRPORT","42.5699975","-72.28849777","ORANGE","MA","US","","BOSTON ARTCC","123.75","LOW","GARDNER RCAG","APCH/DEP SVC PRVDD BY BOSTON ARTCC ON FREQS 123.75/338.2 (GARDNER RCAG).","1","Modified","LAT_DECIMAL LONG_DECIMAL"
"2025/01/23","GARDNER","GARDNER","RCAG","ZBW","","","ORE","ORANGE MUNI","AIRPORT","42.56999694","-72.28849833","ORANGE","MA","US","","BOSTON ARTCC","123.75","LOW","GARDNER RCAG","APCH/DEP SVC PRVDD BY BOSTON ARTCC ON FREQS 123.75/338.2 (GARDNER RCAG).","2","Modified","LAT_DECIMAL LONG_DECIMAL"
"2024/12/26","GARDNER","GARDNER","RCAG","ZBW","","","ORE","ORANGE MUNI","AIRPORT","42.5699975","-72.28849777","ORANGE","MA","US","","BOSTON ARTCC","338.2","LOW","GARDNER RCAG","APCH/DEP SVC PRVDD BY BOSTON ARTCC ON FREQS 123.75/338.2 (GARDNER RCAG).","1","Modified","LAT_DECIMAL LONG_DECIMAL"
"2025/01/23","GARDNER","GARDNER","RCAG","ZBW","","","ORE","ORANGE MUNI","AIRPORT","42.56999694","-72.28849833","ORANGE","MA","US","","BOSTON ARTCC","338.2","LOW","GARDNER RCAG","APCH/DEP SVC PRVDD BY BOSTON ARTCC ON FREQS 123.75/338.2 (GARDNER RCAG).","2","Modified","LAT_DECIMAL LONG_DECIMAL"
"2024/12/26","GCD","GRANT COUNTY RGNL/OGILVIE FLD","NON-ATCT","","","","GCD","GRANT COUNTY RGNL/OGILVIE FLD","AIRPORT","44.402982","-118.96771947","JOHN DAY","OR","US","","","122.8","","CTAF","ACTVT MIRL RY 09/27; MIRL RY 17/35; REIL RY 17 & REIL RY 09 & PAPI RY 9 & RY 17 - CTAF.","1","Modified","REMARK"
"2025/01/23","GCD","GRANT COUNTY RGNL/OGILVIE FLD","NON-ATCT","","","","GCD","GRANT COUNTY RGNL/OGILVIE FLD","AIRPORT","44.402982","-118.96771947","JOHN DAY","OR","US","","","122.8","","CTAF","ACTVT REIL RWY 09 & 17; PAPI RWY 09; MIRL RWY 09/27 & 17/35 - CTAF. PAPI RWY 17 ON CONSLY.","2","Modified","REMARK"
"2024/12/26","GFK","GRAND FORKS INTL","ATCT","","","0600-2330","GFK","GRAND FORKS INTL","AIRPORT","47.94786833","-97.17569166","GRAND FORKS","ND","US","GRAND FORKS","GRAND FORKS","119.4","","ATIS","WX AVBL ON ATIS WHEN ATCT CLSD.","1","Modified","REMARK"
"2025/01/23","GFK","GRAND FORKS INTL","ATCT","","","0600-2330","GFK","GRAND FORKS INTL","AIRPORT","47.94786833","-97.17569166","GRAND FORKS","ND","US","GRAND FORKS","GRAND FORKS","119.4","","ATIS","","2","Modified","REMARK"
"2024/12/26","GOO","NEVADA COUNTY","NON-ATCT","","","","GOO","NEVADA COUNTY","AIRPORT","39.22405555","-121.00255555","GRASS VALLEY","CA","US","","","122.725","","CTAF","ACTVT VASI RWY 07; MIRL RWY 07/25 - CTAF.","1","Modified","LAT_DECIMAL LONG_DECIMAL"
"2025/01/23","GOO","NEVADA COUNTY","NON-ATCT","","","","GOO","NEVADA COUNTY","AIRPORT","39.22406027","-121.00254916","GRASS VALLEY","CA","US","","","122.725","","CTAF","ACTVT VASI RWY 07; MIRL RWY 07/25 - CTAF.","2","Modified","LAT_DECIMAL LONG_DECIMAL"
"2024/12/26","GOO","NEVADA COUNTY","NON-ATCT","","","","GOO","NEVADA COUNTY","AIRPORT","39.22405555","-121.00255555","GRASS VALLEY","CA","US","","","122.725","","UNICOM","","1","Modified","LAT_DECIMAL LONG_DECIMAL"
"2025/01/23","GOO","NEVADA COUNTY","NON-ATCT","","","","GOO","NEVADA COUNTY","AIRPORT","39.22406027","-121.00254916","GRASS VALLEY","CA","US","","","122.725","","UNICOM","","2","Modified","LAT_DECIMAL LONG_DECIMAL"
"2024/12/26","GOO","","ASOS_AWOS","","","","GOO","","AWOS-3","39.22294308","-121.00397075","GRASS VALLEY","CA","US","","","121.325","","GOO AWOS-3","","1","Modified","LAT_DECIMAL LONG_DECIMAL"
"2025/01/23","GOO","","ASOS_AWOS","","","","GOO","","AWOS-3","39.22295669","-121.00397222","GRASS VALLEY","CA","US","","","121.325","","GOO AWOS-3","","2","Modified","LAT_DECIMAL LONG_DECIMAL"
"2024/12/26","GRB","GREEN BAY/AUSTIN STRAUBEL INTL","ATCT-TRACON","","","","OCQ","OCONTO/J DOUGLAS BAKE MUNI","AIRPORT","44.87405558","-87.9097705","OCONTO","WI","US","","GREEN BAY","120.3","","APCH/P DEP/P","","1","Modified","LAT_DECIMAL LONG_DECIMAL"
"2025/01/23","GRB","GREEN BAY/AUSTIN STRAUBEL INTL","ATCT-TRACON","","","","OCQ","OCONTO/J DOUGLAS BAKE MUNI","AIRPORT","44.87405555","-87.90977","OCONTO","WI","US","","GREEN BAY","120.3","","APCH/P DEP/P","","2","Modified","LAT_DECIMAL LONG_DECIMAL"
"2024/12/26","GRB","GREEN BAY/AUSTIN STRAUBEL INTL","ATCT-TRACON","","","","OCQ","OCONTO/J DOUGLAS BAKE MUNI","AIRPORT","44.87405558","-87.9097705","OCONTO","WI","US","","GREEN BAY","338.2","","APCH/P DEP/P","","1","Modified","LAT_DECIMAL LONG_DECIMAL"
"2025/01/23","GRB","GREEN BAY/AUSTIN STRAUBEL INTL","ATCT-TRACON","","","","OCQ","OCONTO/J DOUGLAS BAKE MUNI","AIRPORT","44.87405555","-87.90977","OCONTO","WI","US","","GREEN BAY","338.2","","APCH/P DEP/P","","2","Modified","LAT_DECIMAL LONG_DECIMAL"
"2024/12/26","GREENVILLE","GREENVILLE","RCAG","ZME","","","3M9","WARREN MUNI","AIRPORT","33.56044333","-92.08538861","WARREN","AR","US","","MEMPHIS ARTCC","135.875","LOW","GREENVILLE RCAG","APCH/DEP SVC PRVDD BY MEMPHIS ARTCC ON FREQS 135.875/269.35 (GREENVILLE RCAG & PINE BLUFF RCAG).","1","Modified","SERVICED_FAC_NAME"
"2025/01/23","GREENVILLE","GREENVILLE","RCAG","ZME","","","3M9","WARREN MUNI/JOHN B FRAZER JR FLD","AIRPORT","33.56044333","-92.08538861","WARREN","AR","US","","MEMPHIS ARTCC","135.875","LOW","GREENVILLE RCAG","APCH/DEP SVC PRVDD BY MEMPHIS ARTCC ON FREQS 135.875/269.35 (GREENVILLE RCAG & PINE BLUFF RCAG).","2","Modified","SERVICED_FAC_NAME"
"2024/12/26","GREENVILLE","GREENVILLE","RCAG","ZME","","","3M9","WARREN MUNI","AIRPORT","33.56044333","-92.08538861","WARREN","AR","US","","MEMPHIS ARTCC","269.35","LOW","GREENVILLE RCAG","APCH/DEP SVC PRVDD BY MEMPHIS ARTCC ON FREQS 135.875/269.35 (GREENVILLE RCAG & PINE BLUFF RCAG).","1","Modified","SERVICED_FAC_NAME"
"2025/01/23","GREENVILLE","GREENVILLE","RCAG","ZME","","","3M9","WARREN MUNI/JOHN B FRAZER JR FLD","AIRPORT","33.56044333","-92.08538861","WARREN","AR","US","","MEMPHIS ARTCC","269.35","LOW","GREENVILLE RCAG","APCH/DEP SVC PRVDD BY MEMPHIS ARTCC ON FREQS 135.875/269.35 (GREENVILLE RCAG & PINE BLUFF RCAG).","2","Modified","SERVICED_FAC_NAME"
"2024/12/26","GVE","GORDONSVILLE","RCO","DCA","","","GVE","GORDONSVILLE MUNI","AIRPORT","38.15599611","-78.16578","GORDONSVILLE","VA","US","GORDONSVILLE","","122.1R","","GORDONSVILLE RCO","COMMUNICATIONS PRVDD BY LEESBURG RADIO ON FREQ 122.1R/115.6T (GORDONSVILLE RCO).","1","Modified","LAT_DECIMAL LONG_DECIMAL"
"2025/01/23","GVE","GORDONSVILLE","RCO","DCA","","","GVE","GORDONSVILLE MUNI","AIRPORT","38.15598416","-78.16577972","GORDONSVILLE","VA","US","GORDONSVILLE","","122.1R","","GORDONSVILLE RCO","COMMUNICATIONS PRVDD BY LEESBURG RADIO ON FREQ 122.1R/115.6T (GORDONSVILLE RCO).","2","Modified","LAT_DECIMAL LONG_DECIMAL"
"2024/12/26","GVE","GORDONSVILLE MUNI","NON-ATCT","","","","GVE","GORDONSVILLE MUNI","AIRPORT","38.15599611","-78.16578","GORDONSVILLE","VA","US","","","123.0","","CTAF","ACTIVATE MIRL RY 05/23 - CTAF.","1","Modified","LAT_DECIMAL LONG_DECIMAL REMARK"
"2025/01/23","GVE","GORDONSVILLE MUNI","NON-ATCT","","","","GVE","GORDONSVILLE MUNI","AIRPORT","38.15598416","-78.16577972","GORDONSVILLE","VA","US","","","123.0","","CTAF","ACTVT MIRL RWY 05/23 - CTAF.","2","Modified","LAT_DECIMAL LONG_DECIMAL REMARK"
"2024/12/26","GVE","GORDONSVILLE MUNI","NON-ATCT","","","","GVE","GORDONSVILLE MUNI","AIRPORT","38.15599611","-78.16578","GORDONSVILLE","VA","US","","","123.0","","UNICOM","","1","Modified","LAT_DECIMAL LONG_DECIMAL"
"2025/01/23","GVE","GORDONSVILLE MUNI","NON-ATCT","","","","GVE","GORDONSVILLE MUNI","AIRPORT","38.15598416","-78.16577972","GORDONSVILLE","VA","US","","","123.0","","UNICOM","","2","Modified","LAT_DECIMAL LONG_DECIMAL"
"2024/12/26","GVE","","ASOS_AWOS","","","","GVE","","AWOS-3","38.15688055","-78.16560277","GORDONSVILLE","VA","US","","","120.225","","GVE AWOS-3","","1","Modified","LAT_DECIMAL LONG_DECIMAL"
"2025/01/23","GVE","","ASOS_AWOS","","","","GVE","","AWOS-3","38.15598416","-78.16577972","GORDONSVILLE","VA","US","","","120.225","","GVE AWOS-3","","2","Modified","LAT_DECIMAL LONG_DECIMAL"
"2024/12/26","HALF MOON BAY","HALF MOON BAY","RCAG","ZOA","","","HALF MOON BAY","HALF MOON BAY","RCAG","37.52882777","-122.42747222","","CA","","","","125.45","LOW","HALF MOON BAY RCAG","","2","Deleted",""
"2024/12/26","HALF MOON BAY","HALF MOON BAY","RCAG","ZOA","","","HALF MOON BAY","HALF MOON BAY","RCAG","37.52882777","-122.42747222","","CA","","","","225.4","LOW","HALF MOON BAY RCAG","","2","Deleted",""
"2024/12/26","HALF MOON BAY","HALF MOON BAY","RCAG","ZOA","","","HALF MOON BAY","HALF MOON BAY","RCAG","37.52882777","-122.42747222","","CA","","","","357.6","LOW","HALF MOON BAY RCAG","","2","Deleted",""
"2024/12/26","HOLLISTER","HOLLISTER","RCAG","ZOA","","","HOLLISTER","HOLLISTER","RCAG","36.887175","-121.40215555","","CA","","","","357.6","HIGH","HOLLISTER RCAG","","2","Deleted",""
"2024/12/26","HOM","HOMER","FSS","","","","HOM","HOMER","FSS","59.64554861","-151.47659472","HOMER","AK","US","HOMER","","135.65","","HOM FSS","","1","Modified","REMARK"
"2025/01/23","HOM","HOMER","FSS","","","","HOM","HOMER","FSS","59.64554861","-151.47659472","HOMER","AK","US","HOMER","","135.65","","HOM FSS","AFIS FREQUENCY.","2","Modified","REMARK"
"2024/12/26","ILI","ILIAMNA","FSS","","","","ILI","ILIAMNA","FSS","59.75557811","-154.91775225","ILIAMNA","AK","US","ILIAMNA","","134.95","","ILI FSS","","1","Modified","REMARK"
"2025/01/23","ILI","ILIAMNA","FSS","","","","ILI","ILIAMNA","FSS","59.75557811","-154.91775225","ILIAMNA","AK","US","ILIAMNA","","134.95","","ILI FSS","AFIS FREQUENCY.","2","Modified","REMARK"
"2024/12/26","IND","INDIANAPOLIS INTL","ATCT-TRACON","","CPDLC (LOGON KUSA)","24","IND","INDIANAPOLIS INTL","AIRPORT","39.71730555","-86.29463888","INDIANAPOLIS","IN","US","INDY","INDIANAPOLIS","124.95","EAST","CLASS C","","2","Deleted",""
"2024/12/26","IOB","MOUNT STERLING/MONTGOMERY COUNTY","NON-ATCT","","","","IOB","MOUNT STERLING/MONTGOMERY COUNTY","AIRPORT","38.05813888","-83.97958333","MOUNT STERLING","KY","US","","","122.8","","UNICOM","","2","Deleted",""
"2024/12/26","JST","JOHN MURTHA JOHNSTOWN/CAMBRIA COUNTY","ATCT-RAPCON","","","0700-2300","JST","JOHN MURTHA JOHNSTOWN/CAMBRIA COUNTY","AIRPORT","40.31555555","-78.83466666","JOHNSTOWN","PA","US","JOHNSTOWN","JOHNSTOWN","128.2","","APCH/S DEP/S","","2","Deleted",""
"2024/12/26","KINGSVILLE","KINGSVILLE","RCAG","ZHU","","","NQI","KINGSVILLE NAS","AIRPORT","27.50451444","-97.80828944","KINGSVILLE","TX","US","KINGSVILLE","KINGSVILLE","128.15","LOW","KINGSVILLE RCAG","APCH/DEP CTL SVC PRVDD BY HOUSTON ARTCC (ZHU) ON FREQS 128.15/350.3 (KINGSVILLE RCAG) WHEN KINGSVILLE  APCH CTL (NQI) CLSD.","1","Modified","LONG_DECIMAL"
"2025/01/23","KINGSVILLE","KINGSVILLE","RCAG","ZHU","","","NQI","KINGSVILLE NAS","AIRPORT","27.50451444","-97.80829","KINGSVILLE","TX","US","KINGSVILLE","KINGSVILLE","128.15","LOW","KINGSVILLE RCAG","APCH/DEP CTL SVC PRVDD BY HOUSTON ARTCC (ZHU) ON FREQS 128.15/350.3 (KINGSVILLE RCAG) WHEN KINGSVILLE  APCH CTL (NQI) CLSD.","2","Modified","LONG_DECIMAL"
"2024/12/26","KINGSVILLE","KINGSVILLE","RCAG","ZHU","","","NQI","KINGSVILLE NAS","AIRPORT","27.50451444","-97.80828944","KINGSVILLE","TX","US","KINGSVILLE","KINGSVILLE","350.3","LOW","KINGSVILLE RCAG","APCH/DEP CTL SVC PRVDD BY HOUSTON ARTCC (ZHU) ON FREQS 128.15/350.3 (KINGSVILLE RCAG) WHEN KINGSVILLE  APCH CTL (NQI) CLSD.","1","Modified","LONG_DECIMAL"
"2025/01/23","KINGSVILLE","KINGSVILLE","RCAG","ZHU","","","NQI","KINGSVILLE NAS","AIRPORT","27.50451444","-97.80829","KINGSVILLE","TX","US","KINGSVILLE","KINGSVILLE","350.3","LOW","KINGSVILLE RCAG","APCH/DEP CTL SVC PRVDD BY HOUSTON ARTCC (ZHU) ON FREQS 128.15/350.3 (KINGSVILLE RCAG) WHEN KINGSVILLE  APCH CTL (NQI) CLSD.","2","Modified","LONG_DECIMAL"
"2024/12/26","KTN","KETCHIKAN","FSS","","","","KTN","KETCHIKAN","FSS","55.35408333","-131.71122222","KETCHIKAN","AK","US","KETCHIKAN","","134.45","","KTN FSS","","1","Modified","REMARK"
"2025/01/23","KTN","KETCHIKAN","FSS","","","","KTN","KETCHIKAN","FSS","55.35408333","-131.71122222","KETCHIKAN","AK","US","KETCHIKAN","","134.45","","KTN FSS","AFIS FREQUENCY.","2","Modified","REMARK"
"2024/12/26","LHD","LAKE HOOD","ATCT","","","24","LHD","LAKE HOOD","AIRPORT","61.18663919","-149.96539363","ANCHORAGE","AK","US","LAKE HOOD","ANCHORAGE","125.6","","ATIS","907-245-5432","1","Modified","REMARK"
"2025/01/23","LHD","LAKE HOOD","ATCT","","","24","LHD","LAKE HOOD","AIRPORT","61.18663919","-149.96539363","ANCHORAGE","AK","US","LAKE HOOD","ANCHORAGE","125.6","","ATIS","","2","Modified","REMARK"
"2024/12/26","LMT","CRATER LAKE/KLAMATH RGNL","ATCT-RAPCON","","","","LMT","CRATER LAKE/KLAMATH RGNL","AIRPORT","42.15614388","-121.73320472","KLAMATH FALLS","OR","US","","","133.975","","CTAF","WHEN ATCT CLSD ACTVT MALSF RWY 14, MALSR RWY 32, HIRL RWY 14/32,  MIRL RWY 08/26 & TWY LGTS - CTAF.  RWY AND TWY LGTS ALSO ACTVT ON 257.8.  REIL RWY 26; PAPI RWY 26, PAPI RWY 14 & VASI RWY 32 OPR CONSLY.","1","Modified","REMARK"
"2025/01/23","LMT","CRATER LAKE/KLAMATH RGNL","ATCT-RAPCON","","","","LMT","CRATER LAKE/KLAMATH RGNL","AIRPORT","42.15614388","-121.73320472","KLAMATH FALLS","OR","US","","","133.975","","CTAF","WHEN ATCT CLSD ACTVT MALSF RWY 14, MALSR RWY 32, HIRL RWY 14/32, MIRL RWY 08/26 & TWY LGTS - CTAF. RWY & TWY LGTS ALSO ACTVT ON 257.8. REIL RWY 26; PAPI RWY 26, PAPI RWY 14 & VASI RWY 32 OPR CONSLY.","2","Modified","REMARK"
"2024/12/26","LUM","MENOMONIE MUNI/SCORE FLD","NON-ATCT","","","","LUM","MENOMONIE MUNI/SCORE FLD","AIRPORT","44.89233333","-91.86780555","MENOMONIE","WI","US","","","122.7","","CTAF","ACTVT REIL RWYS 09 & 27; PAPI RWYS 09, 18, 27, & 36; MIRL RWY 09/27 & 18/36 - CTAF.  MIRL RWY 9/27 PRESET TO LOW SS-SR, TO INCR INTST - CTAF.","1","Modified","LAT_DECIMAL LONG_DECIMAL REMARK"
"2025/01/23","LUM","MENOMONIE MUNI/SCORE FLD","NON-ATCT","","","","LUM","MENOMONIE MUNI/SCORE FLD","AIRPORT","44.89234416","-91.86779055","MENOMONIE","WI","US","","","122.7","","CTAF","MIRL RWY 9/27 PRESET TO LOW SS-SR; TO INCR INTST AND ACTVT REIL RWYS 09 & 27; PAPI RWYS 09, 18, 27, & 36; MIRL RWY 09/27 & 18/36 - CTAF.","2","Modified","LAT_DECIMAL LONG_DECIMAL REMARK"
"2024/12/26","LUM","MENOMONIE MUNI/SCORE FLD","NON-ATCT","","","","LUM","MENOMONIE MUNI/SCORE FLD","AIRPORT","44.89233333","-91.86780555","MENOMONIE","WI","US","","","122.7","","UNICOM","","1","Modified","LAT_DECIMAL LONG_DECIMAL"
"2025/01/23","LUM","MENOMONIE MUNI/SCORE FLD","NON-ATCT","","","","LUM","MENOMONIE MUNI/SCORE FLD","AIRPORT","44.89234416","-91.86779055","MENOMONIE","WI","US","","","122.7","","UNICOM","","2","Modified","LAT_DECIMAL LONG_DECIMAL"
"2024/12/26","LXT","LEE'S SUMMIT MUNI","NON-ATCT","","","","LXT","LEE'S SUMMIT MUNI","AIRPORT","38.95909666","-94.37189472","LEE'S SUMMIT","MO","US","","","122.8","","CTAF","ACTVT REIL RWY 18 & 36, 11 & 29; MIRL RWY 11 & 29, 18 & 36 - CTAF. PAPI RWY 11 & 29, 18 & 36 OPR CONSLY.","1","Modified","FAC_NAME SERVICED_FAC_NAME"
"2025/01/23","LXT","KANSAS CITY/LEE'S SUMMIT RGNL","NON-ATCT","","","","LXT","KANSAS CITY/LEE'S SUMMIT RGNL","AIRPORT","38.95909666","-94.37189472","LEE'S SUMMIT","MO","US","","","122.8","","CTAF","ACTVT REIL RWY 18 & 36, 11 & 29; MIRL RWY 11 & 29, 18 & 36 - CTAF. PAPI RWY 11 & 29, 18 & 36 OPR CONSLY.","2","Modified","FAC_NAME SERVICED_FAC_NAME"
"2024/12/26","LXT","LEE'S SUMMIT MUNI","NON-ATCT","","","","LXT","LEE'S SUMMIT MUNI","AIRPORT","38.95909666","-94.37189472","LEE'S SUMMIT","MO","US","","","122.8","","UNICOM","","1","Modified","FAC_NAME SERVICED_FAC_NAME"
"2025/01/23","LXT","KANSAS CITY/LEE'S SUMMIT RGNL","NON-ATCT","","","","LXT","KANSAS CITY/LEE'S SUMMIT RGNL","AIRPORT","38.95909666","-94.37189472","LEE'S SUMMIT","MO","US","","","122.8","","UNICOM","","2","Modified","FAC_NAME SERVICED_FAC_NAME"
"2024/12/26","M54","LEBANON MUNI","NON-ATCT","","","","M54","LEBANON MUNI","AIRPORT","36.19041122","-86.31569041","LEBANON","TN","US","","","122.725","","UNICOM","","2","Deleted",""
"2024/12/26","MANKATO","MANKATO","RCAG","ZMP","","","3MN6","MAYO CLINIC HEALTH SYSTEM/MANKATO","HELIPORT","44.16270722","-93.98469805","MANKATO","MN","US","","MINNEAPOLIS ARTCC","135.0","LOW","MANKATO RCAG","APCH/DEP SVC PRVDD BY MINNEAPOLIS ARTCC (ZMP) ON 135.0/306.9 (MANKATO RCAG).","1","Modified","LAT_DECIMAL LONG_DECIMAL"
"2025/01/23","MANKATO","MANKATO","RCAG","ZMP","","","3MN6","MAYO CLINIC HEALTH SYSTEM/MANKATO","HELIPORT","44.16332638","-93.98395555","MANKATO","MN","US","","MINNEAPOLIS ARTCC","135.0","LOW","MANKATO RCAG","APCH/DEP SVC PRVDD BY MINNEAPOLIS ARTCC (ZMP) ON 135.0/306.9 (MANKATO RCAG).","2","Modified","LAT_DECIMAL LONG_DECIMAL"
"2024/12/26","MANKATO","MANKATO","RCAG","ZMP","","","3MN6","MAYO CLINIC HEALTH SYSTEM/MANKATO","HELIPORT","44.16270722","-93.98469805","MANKATO","MN","US","","MINNEAPOLIS ARTCC","306.9","LOW","MANKATO RCAG","APCH/DEP SVC PRVDD BY MINNEAPOLIS ARTCC (ZMP) ON 135.0/306.9 (MANKATO RCAG).","1","Modified","LAT_DECIMAL LONG_DECIMAL"
"2025/01/23","MANKATO","MANKATO","RCAG","ZMP","","","3MN6","MAYO CLINIC HEALTH SYSTEM/MANKATO","HELIPORT","44.16332638","-93.98395555","MANKATO","MN","US","","MINNEAPOLIS ARTCC","306.9","LOW","MANKATO RCAG","APCH/DEP SVC PRVDD BY MINNEAPOLIS ARTCC (ZMP) ON 135.0/306.9 (MANKATO RCAG).","2","Modified","LAT_DECIMAL LONG_DECIMAL"
"2024/12/26","MCI","KANSAS CITY INTL","ATCT-TRACON","","","","LXT","LEE'S SUMMIT MUNI","AIRPORT","38.95909666","-94.37189472","LEE'S SUMMIT","MO","US","","KANSAS CITY","118.4","","APCH/P DEP/P","","1","Modified","SERVICED_FAC_NAME"
"2025/01/23","MCI","KANSAS CITY INTL","ATCT-TRACON","","","","LXT","KANSAS CITY/LEE'S SUMMIT RGNL","AIRPORT","38.95909666","-94.37189472","LEE'S SUMMIT","MO","US","","KANSAS CITY","118.4","","APCH/P DEP/P","","2","Modified","SERVICED_FAC_NAME"
"2024/12/26","MCI","KANSAS CITY INTL","ATCT-TRACON","","","","LXT","LEE'S SUMMIT MUNI","AIRPORT","38.95909666","-94.37189472","LEE'S SUMMIT","MO","US","","KANSAS CITY","118.45","","CD/P","","1","Modified","SERVICED_FAC_NAME"
"2025/01/23","MCI","KANSAS CITY INTL","ATCT-TRACON","","","","LXT","KANSAS CITY/LEE'S SUMMIT RGNL","AIRPORT","38.95909666","-94.37189472","LEE'S SUMMIT","MO","US","","KANSAS CITY","118.45","","CD/P","","2","Modified","SERVICED_FAC_NAME"
"2024/12/26","MCI","KANSAS CITY INTL","ATCT-TRACON","","","","LXT","LEE'S SUMMIT MUNI","AIRPORT","38.95909666","-94.37189472","LEE'S SUMMIT","MO","US","","KANSAS CITY","120.95","","BRAYMER STAR","","1","Modified","SERVICED_FAC_NAME"
"2025/01/23","MCI","KANSAS CITY INTL","ATCT-TRACON","","","","LXT","KANSAS CITY/LEE'S SUMMIT RGNL","AIRPORT","38.95909666","-94.37189472","LEE'S SUMMIT","MO","US","","KANSAS CITY","120.95","","BRAYMER STAR","","2","Modified","SERVICED_FAC_NAME"
"2024/12/26","MCI","KANSAS CITY INTL","ATCT-TRACON","","","","LXT","LEE'S SUMMIT MUNI","AIRPORT","38.95909666","-94.37189472","LEE'S SUMMIT","MO","US","","KANSAS CITY","120.95","","JHAWK STAR","","1","Modified","SERVICED_FAC_NAME"
"2025/01/23","MCI","KANSAS CITY INTL","ATCT-TRACON","","","","LXT","KANSAS CITY/LEE'S SUMMIT RGNL","AIRPORT","38.95909666","-94.37189472","LEE'S SUMMIT","MO","US","","KANSAS CITY","120.95","","JHAWK STAR","","2","Modified","SERVICED_FAC_NAME"
"2024/12/26","MCI","KANSAS CITY INTL","ATCT-TRACON","","","","LXT","LEE'S SUMMIT MUNI","AIRPORT","38.95909666","-94.37189472","LEE'S SUMMIT","MO","US","","KANSAS CITY","120.95","","TYGER STAR","","1","Modified","SERVICED_FAC_NAME"
"2025/01/23","MCI","KANSAS CITY INTL","ATCT-TRACON","","","","LXT","KANSAS CITY/LEE'S SUMMIT RGNL","AIRPORT","38.95909666","-94.37189472","LEE'S SUMMIT","MO","US","","KANSAS CITY","120.95","","TYGER STAR","","2","Modified","SERVICED_FAC_NAME"
"2024/12/26","MCI","KANSAS CITY INTL","ATCT-TRACON","","","","LXT","LEE'S SUMMIT MUNI","AIRPORT","38.95909666","-94.37189472","LEE'S SUMMIT","MO","US","","KANSAS CITY","307.35","","APCH/P DEP/P","","1","Modified","SERVICED_FAC_NAME"
"2025/01/23","MCI","KANSAS CITY INTL","ATCT-TRACON","","","","LXT","KANSAS CITY/LEE'S SUMMIT RGNL","AIRPORT","38.95909666","-94.37189472","LEE'S SUMMIT","MO","US","","KANSAS CITY","307.35","","APCH/P DEP/P","","2","Modified","SERVICED_FAC_NAME"
"2024/12/26","MCI","KANSAS CITY INTL","ATCT-TRACON","","","","LXT","LEE'S SUMMIT MUNI","AIRPORT","38.95909666","-94.37189472","LEE'S SUMMIT","MO","US","","KANSAS CITY","318.1","","BRAYMER STAR","","1","Modified","SERVICED_FAC_NAME"
"2025/01/23","MCI","KANSAS CITY INTL","ATCT-TRACON","","","","LXT","KANSAS CITY/LEE'S SUMMIT RGNL","AIRPORT","38.95909666","-94.37189472","LEE'S SUMMIT","MO","US","","KANSAS CITY","318.1","","BRAYMER STAR","","2","Modified","SERVICED_FAC_NAME"
"2024/12/26","MCI","KANSAS CITY INTL","ATCT-TRACON","","","","LXT","LEE'S SUMMIT MUNI","AIRPORT","38.95909666","-94.37189472","LEE'S SUMMIT","MO","US","","KANSAS CITY","318.1","","JHAWK STAR","","1","Modified","SERVICED_FAC_NAME"
"2025/01/23","MCI","KANSAS CITY INTL","ATCT-TRACON","","","","LXT","KANSAS CITY/LEE'S SUMMIT RGNL","AIRPORT","38.95909666","-94.37189472","LEE'S SUMMIT","MO","US","","KANSAS CITY","318.1","","JHAWK STAR","","2","Modified","SERVICED_FAC_NAME"
"2024/12/26","MCI","KANSAS CITY INTL","ATCT-TRACON","","","","LXT","LEE'S SUMMIT MUNI","AIRPORT","38.95909666","-94.37189472","LEE'S SUMMIT","MO","US","","KANSAS CITY","318.1","","TYGER STAR","","1","Modified","SERVICED_FAC_NAME"
"2025/01/23","MCI","KANSAS CITY INTL","ATCT-TRACON","","","","LXT","KANSAS CITY/LEE'S SUMMIT RGNL","AIRPORT","38.95909666","-94.37189472","LEE'S SUMMIT","MO","US","","KANSAS CITY","318.1","","TYGER STAR","","2","Modified","SERVICED_FAC_NAME"
"2024/12/26","MOSINEE","MOSINEE","RCAG","ZMP","","","OCQ","OCONTO/J DOUGLAS BAKE MUNI","AIRPORT","44.87405558","-87.9097705","OCONTO","WI","US","","GREEN BAY","124.4","LOW","MOSINEE RCAG","APCH/DEP SVC PRVDD BY MINNEAPOLIS ARTCC ON 124.4/317.7 (MOSINEE RCAG) WHEN GREEN BAY APCH CLSD.","1","Modified","LAT_DECIMAL LONG_DECIMAL"
"2025/01/23","MOSINEE","MOSINEE","RCAG","ZMP","","","OCQ","OCONTO/J DOUGLAS BAKE MUNI","AIRPORT","44.87405555","-87.90977","OCONTO","WI","US","","GREEN BAY","124.4","LOW","MOSINEE RCAG","APCH/DEP SVC PRVDD BY MINNEAPOLIS ARTCC ON 124.4/317.7 (MOSINEE RCAG) WHEN GREEN BAY APCH CLSD.","2","Modified","LAT_DECIMAL LONG_DECIMAL"
"2024/12/26","MOSINEE","MOSINEE","RCAG","ZMP","","","OCQ","OCONTO/J DOUGLAS BAKE MUNI","AIRPORT","44.87405558","-87.9097705","OCONTO","WI","US","","GREEN BAY","317.7","LOW","MOSINEE RCAG","APCH/DEP SVC PRVDD BY MINNEAPOLIS ARTCC ON 124.4/317.7 (MOSINEE RCAG) WHEN GREEN BAY APCH CLSD.","1","Modified","LAT_DECIMAL LONG_DECIMAL"
"2025/01/23","MOSINEE","MOSINEE","RCAG","ZMP","","","OCQ","OCONTO/J DOUGLAS BAKE MUNI","AIRPORT","44.87405555","-87.90977","OCONTO","WI","US","","GREEN BAY","317.7","LOW","MOSINEE RCAG","APCH/DEP SVC PRVDD BY MINNEAPOLIS ARTCC ON 124.4/317.7 (MOSINEE RCAG) WHEN GREEN BAY APCH CLSD.","2","Modified","LAT_DECIMAL LONG_DECIMAL"
"2024/12/26","MUO","MOUNTAIN HOME AFB","ATCT-RAPCON","","","1400 - 0700Z++ MON - THU; 1400 - 0100Z++ FRI; 1500 - 2300Z++ SAT - SUN; CLSD HOL.","MUO","MOUNTAIN HOME AFB","AIRPORT","43.04359722","-115.87243333","MOUNTAIN HOME","ID","US","MOUNTAIN HOME","MOUNTAIN HOME","324.1","","PMSV METRO","BASE WX AVBL H24. REMOTE BRIEFING SVC AVBL FROM 25 OWS, DAVIS MONTHAN AFB, DSN 228-6598, COM (520) 228-6598.","1","Modified","REMARK"
"2025/01/23","MUO","MOUNTAIN HOME AFB","ATCT-RAPCON","","","1400 - 0700Z++ MON - THU; 1400 - 0100Z++ FRI; 1500 - 2300Z++ SAT - SUN; CLSD HOL.","MUO","MOUNTAIN HOME AFB","AIRPORT","43.04359722","-115.87243333","MOUNTAIN HOME","ID","US","MOUNTAIN HOME","MOUNTAIN HOME","324.1","","PMSV METRO","WX H24. REMOTE BRIEFING AVBL - 25 OWS, DAVIS MONTHAN AFB - D228-6598/C520-228-6598.","2","Modified","REMARK"
"2024/12/26","MWH","GRANT COUNTY INTL","ATCT-TRACON","","","","MWH","GRANT COUNTY INTL","AIRPORT","47.20858333","-119.31913888","MOSES LAKE","WA","US","","","118.25","","CTAF","ACTVT MALSR RWY 32R; REIL RWY 4; PAPI RWY 14L - CTAF.; EXTENSIVE HVY MIL JET ACFT NIGHT TRAINING 1900PM-0300AM LCL DAILY. ANNOUNCE LANDING INTENTIONS ON CTAF AFTER ATCT CLSD.","1","Modified","REMARK"
"2025/01/23","MWH","GRANT COUNTY INTL","ATCT-TRACON","","","","MWH","GRANT COUNTY INTL","AIRPORT","47.20858333","-119.31913888","MOSES LAKE","WA","US","","","118.25","","CTAF","ACTVT MALSR RWY 32R; REIL RWY 4; PAPI RWY 14L - CTAF.; HVY MIL JET NGT TRNG 1900-0300. WHEN ATCT CLSD ANNC LNDG INTNS - CTAF.","2","Modified","REMARK"
"2024/12/26","MWH","GRANT COUNTY INTL","ATCT-TRACON","","","","MWH","GRANT COUNTY INTL","AIRPORT","47.20858333","-119.31913888","MOSES LAKE","WA","US","","","122.95","","UNICOM","ALL RAPID RFL MIL HEL ACFT CTC MILLION AIR C509-762-2222 UNICOM 122.95 FOR SVC ONE HR PRIOR TO LNDG. PROCD TO TRML RAMP. RAPID RFL IS AVBL DALGT DLY.","1","Modified","REMARK"
"2025/01/23","MWH","GRANT COUNTY INTL","ATCT-TRACON","","","","MWH","GRANT COUNTY INTL","AIRPORT","47.20858333","-119.31913888","MOSES LAKE","WA","US","","","122.95","","UNICOM","","2","Modified","REMARK"
"2024/12/26","MYR","MYRTLE BEACH INTL","ATCT-TRACON","","","0600-2300","MYR","MYRTLE BEACH INTL","AIRPORT","33.67974111","-78.92832138","MYRTLE BEACH","SC","US","MYRTLE BEACH","MYRTLE BEACH","123.925","","ATIS","ATIS FREQ 123.925 USED TO TMT AWOS WX DATA WHEN ATCT CLOSES.","1","Modified","REMARK"
"2025/01/23","MYR","MYRTLE BEACH INTL","ATCT-TRACON","","","0600-2300","MYR","MYRTLE BEACH INTL","AIRPORT","33.67974111","-78.92832138","MYRTLE BEACH","SC","US","MYRTLE BEACH","MYRTLE BEACH","123.925","","ATIS","","2","Modified","REMARK"
"2024/12/26","NCT","NORTHERN CALIFORNIA TRACON","TRACON","","","","GOO","NEVADA COUNTY","AIRPORT","39.22405555","-121.00255555","GRASS VALLEY","CA","US","","NORCAL","125.4","","APCH/P DEP/P","","1","Modified","LAT_DECIMAL LONG_DECIMAL"
"2025/01/23","NCT","NORTHERN CALIFORNIA TRACON","TRACON","","","","GOO","NEVADA COUNTY","AIRPORT","39.22406027","-121.00254916","GRASS VALLEY","CA","US","","NORCAL","125.4","","APCH/P DEP/P","","2","Modified","LAT_DECIMAL LONG_DECIMAL"
"2024/12/26","NCT","NORTHERN CALIFORNIA TRACON","TRACON","","","","GOO","NEVADA COUNTY","AIRPORT","39.22405555","-121.00255555","GRASS VALLEY","CA","US","","NORCAL","259.1","","APCH/P DEP/P","","1","Modified","LAT_DECIMAL LONG_DECIMAL"
"2025/01/23","NCT","NORTHERN CALIFORNIA TRACON","TRACON","","","","GOO","NEVADA COUNTY","AIRPORT","39.22406027","-121.00254916","GRASS VALLEY","CA","US","","NORCAL","259.1","","APCH/P DEP/P","","2","Modified","LAT_DECIMAL LONG_DECIMAL"
"2024/12/26","NQI","KINGSVILLE NAS","ATCT-A/C","","","1345-0600Z++ MON-THU 1345-2345Z++ FRI; CLSD SAT, SUN & HOL EXC BY NOTAM. HRS SUBJECT TO CHG. ","NQI","KINGSVILLE NAS","AIRPORT","27.50451444","-97.80828944","KINGSVILLE","TX","US","KINGSVILLE","KINGSVILLE","119.9","","APCH/P","","1","Modified","LONG_DECIMAL"
"2025/01/23","NQI","KINGSVILLE NAS","ATCT-A/C","","","1345-0600Z++ MON-THU 1345-2345Z++ FRI; CLSD SAT, SUN & HOL EXC BY NOTAM. HRS SUBJECT TO CHG. ","NQI","KINGSVILLE NAS","AIRPORT","27.50451444","-97.80829","KINGSVILLE","TX","US","KINGSVILLE","KINGSVILLE","119.9","","APCH/P","","2","Modified","LONG_DECIMAL"
"2024/12/26","NQI","KINGSVILLE NAS","ATCT-A/C","","","1345-0600Z++ MON-THU 1345-2345Z++ FRI; CLSD SAT, SUN & HOL EXC BY NOTAM. HRS SUBJECT TO CHG. ","NQI","KINGSVILLE NAS","AIRPORT","27.50451444","-97.80828944","KINGSVILLE","TX","US","KINGSVILLE","KINGSVILLE","121.05","","DEP/P","","1","Modified","LONG_DECIMAL"
"2025/01/23","NQI","KINGSVILLE NAS","ATCT-A/C","","","1345-0600Z++ MON-THU 1345-2345Z++ FRI; CLSD SAT, SUN & HOL EXC BY NOTAM. HRS SUBJECT TO CHG. ","NQI","KINGSVILLE NAS","AIRPORT","27.50451444","-97.80829","KINGSVILLE","TX","US","KINGSVILLE","KINGSVILLE","121.05","","DEP/P","","2","Modified","LONG_DECIMAL"
"2024/12/26","NQI","KINGSVILLE NAS","ATCT-A/C","","","1345-0600Z++ MON-THU 1345-2345Z++ FRI; CLSD SAT, SUN & HOL EXC BY NOTAM. HRS SUBJECT TO CHG. ","NQI","KINGSVILLE NAS","AIRPORT","27.50451444","-97.80828944","KINGSVILLE","TX","US","KINGSVILLE","KINGSVILLE","121.5","","EMERG","","1","Modified","LONG_DECIMAL"
"2025/01/23","NQI","KINGSVILLE NAS","ATCT-A/C","","","1345-0600Z++ MON-THU 1345-2345Z++ FRI; CLSD SAT, SUN & HOL EXC BY NOTAM. HRS SUBJECT TO CHG. ","NQI","KINGSVILLE NAS","AIRPORT","27.50451444","-97.80829","KINGSVILLE","TX","US","KINGSVILLE","KINGSVILLE","121.5","","EMERG","","2","Modified","LONG_DECIMAL"
"2024/12/26","NQI","KINGSVILLE NAS","ATCT-A/C","","","1345-0600Z++ MON-THU 1345-2345Z++ FRI; CLSD SAT, SUN & HOL EXC BY NOTAM. HRS SUBJECT TO CHG. ","NQI","KINGSVILLE NAS","AIRPORT","27.50451444","-97.80828944","KINGSVILLE","TX","US","KINGSVILLE","KINGSVILLE","124.1","","LCL/P","","1","Modified","LONG_DECIMAL"
"2025/01/23","NQI","KINGSVILLE NAS","ATCT-A/C","","","1345-0600Z++ MON-THU 1345-2345Z++ FRI; CLSD SAT, SUN & HOL EXC BY NOTAM. HRS SUBJECT TO CHG. ","NQI","KINGSVILLE NAS","AIRPORT","27.50451444","-97.80829","KINGSVILLE","TX","US","KINGSVILLE","KINGSVILLE","124.1","","LCL/P","","2","Modified","LONG_DECIMAL"
"2024/12/26","NQI","KINGSVILLE NAS","ATCT-A/C","","","1345-0600Z++ MON-THU 1345-2345Z++ FRI; CLSD SAT, SUN & HOL EXC BY NOTAM. HRS SUBJECT TO CHG. ","NQI","KINGSVILLE NAS","AIRPORT","27.50451444","-97.80828944","KINGSVILLE","TX","US","KINGSVILLE","KINGSVILLE","225.6","","PMSV METRO","","1","Modified","LONG_DECIMAL"
"2025/01/23","NQI","KINGSVILLE NAS","ATCT-A/C","","","1345-0600Z++ MON-THU 1345-2345Z++ FRI; CLSD SAT, SUN & HOL EXC BY NOTAM. HRS SUBJECT TO CHG. ","NQI","KINGSVILLE NAS","AIRPORT","27.50451444","-97.80829","KINGSVILLE","TX","US","KINGSVILLE","KINGSVILLE","225.6","","PMSV METRO","","2","Modified","LONG_DECIMAL"
"2024/12/26","NQI","KINGSVILLE NAS","ATCT-A/C","","","1345-0600Z++ MON-THU 1345-2345Z++ FRI; CLSD SAT, SUN & HOL EXC BY NOTAM. HRS SUBJECT TO CHG. ","NQI","KINGSVILLE NAS","AIRPORT","27.50451444","-97.80828944","KINGSVILLE","TX","US","KINGSVILLE","KINGSVILLE","239.05","","GND/P","","1","Modified","LONG_DECIMAL"
"2025/01/23","NQI","KINGSVILLE NAS","ATCT-A/C","","","1345-0600Z++ MON-THU 1345-2345Z++ FRI; CLSD SAT, SUN & HOL EXC BY NOTAM. HRS SUBJECT TO CHG. ","NQI","KINGSVILLE NAS","AIRPORT","27.50451444","-97.80829","KINGSVILLE","TX","US","KINGSVILLE","KINGSVILLE","239.05","","GND/P","","2","Modified","LONG_DECIMAL"
"2024/12/26","NQI","KINGSVILLE NAS","ATCT-A/C","","","1345-0600Z++ MON-THU 1345-2345Z++ FRI; CLSD SAT, SUN & HOL EXC BY NOTAM. HRS SUBJECT TO CHG. ","NQI","KINGSVILLE NAS","AIRPORT","27.50451444","-97.80828944","KINGSVILLE","TX","US","KINGSVILLE","KINGSVILLE","243.0","","EMERG","","1","Modified","LONG_DECIMAL"
"2025/01/23","NQI","KINGSVILLE NAS","ATCT-A/C","","","1345-0600Z++ MON-THU 1345-2345Z++ FRI; CLSD SAT, SUN & HOL EXC BY NOTAM. HRS SUBJECT TO CHG. ","NQI","KINGSVILLE NAS","AIRPORT","27.50451444","-97.80829","KINGSVILLE","TX","US","KINGSVILLE","KINGSVILLE","243.0","","EMERG","","2","Modified","LONG_DECIMAL"
"2024/12/26","NQI","KINGSVILLE NAS","ATCT-A/C","","","1345-0600Z++ MON-THU 1345-2345Z++ FRI; CLSD SAT, SUN & HOL EXC BY NOTAM. HRS SUBJECT TO CHG. ","NQI","KINGSVILLE NAS","AIRPORT","27.50451444","-97.80828944","KINGSVILLE","TX","US","KINGSVILLE","KINGSVILLE","266.8","","DEP/P","","1","Modified","LONG_DECIMAL"
"2025/01/23","NQI","KINGSVILLE NAS","ATCT-A/C","","","1345-0600Z++ MON-THU 1345-2345Z++ FRI; CLSD SAT, SUN & HOL EXC BY NOTAM. HRS SUBJECT TO CHG. ","NQI","KINGSVILLE NAS","AIRPORT","27.50451444","-97.80829","KINGSVILLE","TX","US","KINGSVILLE","KINGSVILLE","266.8","","DEP/P","","2","Modified","LONG_DECIMAL"
"2024/12/26","NQI","KINGSVILLE NAS","ATCT-A/C","","","1345-0600Z++ MON-THU 1345-2345Z++ FRI; CLSD SAT, SUN & HOL EXC BY NOTAM. HRS SUBJECT TO CHG. ","NQI","KINGSVILLE NAS","AIRPORT","27.50451444","-97.80828944","KINGSVILLE","TX","US","KINGSVILLE","KINGSVILLE","274.8","","BASE OPS","","1","Modified","LONG_DECIMAL"
"2025/01/23","NQI","KINGSVILLE NAS","ATCT-A/C","","","1345-0600Z++ MON-THU 1345-2345Z++ FRI; CLSD SAT, SUN & HOL EXC BY NOTAM. HRS SUBJECT TO CHG. ","NQI","KINGSVILLE NAS","AIRPORT","27.50451444","-97.80829","KINGSVILLE","TX","US","KINGSVILLE","KINGSVILLE","274.8","","BASE OPS","","2","Modified","LONG_DECIMAL"
"2024/12/26","NQI","KINGSVILLE NAS","ATCT-A/C","","","1345-0600Z++ MON-THU 1345-2345Z++ FRI; CLSD SAT, SUN & HOL EXC BY NOTAM. HRS SUBJECT TO CHG. ","NQI","KINGSVILLE NAS","AIRPORT","27.50451444","-97.80828944","KINGSVILLE","TX","US","KINGSVILLE","KINGSVILLE","282.25","","ATIS","","1","Modified","LONG_DECIMAL"
"2025/01/23","NQI","KINGSVILLE NAS","ATCT-A/C","","","1345-0600Z++ MON-THU 1345-2345Z++ FRI; CLSD SAT, SUN & HOL EXC BY NOTAM. HRS SUBJECT TO CHG. ","NQI","KINGSVILLE NAS","AIRPORT","27.50451444","-97.80829","KINGSVILLE","TX","US","KINGSVILLE","KINGSVILLE","282.25","","ATIS","","2","Modified","LONG_DECIMAL"
"2024/12/26","NQI","KINGSVILLE NAS","ATCT-A/C","","","1345-0600Z++ MON-THU 1345-2345Z++ FRI; CLSD SAT, SUN & HOL EXC BY NOTAM. HRS SUBJECT TO CHG. ","NQI","KINGSVILLE NAS","AIRPORT","27.50451444","-97.80828944","KINGSVILLE","TX","US","KINGSVILLE","KINGSVILLE","290.45","","APCH/P","","1","Modified","LONG_DECIMAL"
"2025/01/23","NQI","KINGSVILLE NAS","ATCT-A/C","","","1345-0600Z++ MON-THU 1345-2345Z++ FRI; CLSD SAT, SUN & HOL EXC BY NOTAM. HRS SUBJECT TO CHG. ","NQI","KINGSVILLE NAS","AIRPORT","27.50451444","-97.80829","KINGSVILLE","TX","US","KINGSVILLE","KINGSVILLE","290.45","","APCH/P","","2","Modified","LONG_DECIMAL"
"2024/12/26","NQI","KINGSVILLE NAS","ATCT-A/C","","","1345-0600Z++ MON-THU 1345-2345Z++ FRI; CLSD SAT, SUN & HOL EXC BY NOTAM. HRS SUBJECT TO CHG. ","NQI","KINGSVILLE NAS","AIRPORT","27.50451444","-97.80828944","KINGSVILLE","TX","US","KINGSVILLE","KINGSVILLE","328.4","","CD/P","","1","Modified","LONG_DECIMAL"
"2025/01/23","NQI","KINGSVILLE NAS","ATCT-A/C","","","1345-0600Z++ MON-THU 1345-2345Z++ FRI; CLSD SAT, SUN & HOL EXC BY NOTAM. HRS SUBJECT TO CHG. ","NQI","KINGSVILLE NAS","AIRPORT","27.50451444","-97.80829","KINGSVILLE","TX","US","KINGSVILLE","KINGSVILLE","328.4","","CD/P","","2","Modified","LONG_DECIMAL"
"2024/12/26","NQI","KINGSVILLE NAS","ATCT-A/C","","","1345-0600Z++ MON-THU 1345-2345Z++ FRI; CLSD SAT, SUN & HOL EXC BY NOTAM. HRS SUBJECT TO CHG. ","NQI","KINGSVILLE NAS","AIRPORT","27.50451444","-97.80828944","KINGSVILLE","TX","US","KINGSVILLE","KINGSVILLE","377.05","","LCL/P","","1","Modified","LONG_DECIMAL"
"2025/01/23","NQI","KINGSVILLE NAS","ATCT-A/C","","","1345-0600Z++ MON-THU 1345-2345Z++ FRI; CLSD SAT, SUN & HOL EXC BY NOTAM. HRS SUBJECT TO CHG. ","NQI","KINGSVILLE NAS","AIRPORT","27.50451444","-97.80829","KINGSVILLE","TX","US","KINGSVILLE","KINGSVILLE","377.05","","LCL/P","","2","Modified","LONG_DECIMAL"
"2024/12/26","NQI","KINGSVILLE","NAVAID","","","","NQI","KINGSVILLE","TACAN","27.49923825","-97.80560008","KINGSVILLE","TX","US","","","117.8/125X","","NQI TACAN","","1","Modified","LAT_DECIMAL LONG_DECIMAL"
"2025/01/23","NQI","KINGSVILLE","NAVAID","","","","NQI","KINGSVILLE","TACAN","27.49923777","-97.80560072","KINGSVILLE","TX","US","","","117.8/125X","","NQI TACAN","","2","Modified","LAT_DECIMAL LONG_DECIMAL"
"2024/12/26","NSI","SAN NICOLAS","NAVAID","","","","NSI","SAN NICOLAS","TACAN","33.23507777","-119.45839722","SAN NICOLAS ISLAND","CA","US","","","110.2/39X","","NSI TACAN","","1","Modified","LAT_DECIMAL LONG_DECIMAL"
"2025/01/23","NSI","SAN NICOLAS","NAVAID","","","","NSI","SAN NICOLAS","TACAN","33.23507694","-119.45839783","SAN NICOLAS ISLAND","CA","US","","","110.2/39X","","NSI TACAN","","2","Modified","LAT_DECIMAL LONG_DECIMAL"
"2024/12/26","NUC","SAN CLEMENTE","NAVAID","","","","NUC","SAN CLEMENTE","TACAN","33.02693094","-118.57959897","SAN CLEMENTE ISLAND","CA","US","","","117.6/123X","","NUC TACAN","","1","Modified","LAT_DECIMAL LONG_DECIMAL"
"2025/01/23","NUC","SAN CLEMENTE","NAVAID","","","","NUC","SAN CLEMENTE","TACAN","33.02693263","-118.57960294","SAN CLEMENTE ISLAND","CA","US","","","117.6/123X","","NUC TACAN","","2","Modified","LAT_DECIMAL LONG_DECIMAL"
"2024/12/26","OAK","OAKLAND","FSS","","","","OAK","OAKLAND","RADIO","","","OAKLAND","CA","US","OAKLAND","","10057 CENTRAL EAST PACIFIC FAMILY ONE","","OAK RADIO","","1","Modified","LAT_DECIMAL LONG_DECIMAL"
"2025/01/23","OAK","OAKLAND","FSS","","","","OAK","OAKLAND","RADIO","37.72126138","-122.22115055","OAKLAND","CA","US","OAKLAND","","10057 CENTRAL EAST PACIFIC FAMILY ONE","","OAK RADIO","","2","Modified","LAT_DECIMAL LONG_DECIMAL"
"2024/12/26","OAK","OAKLAND","FSS","","","","OAK","OAKLAND","RADIO","","","OAKLAND","CA","US","OAKLAND","","11282 CENTRAL EAST PACIFIC FAMILY TWO","","OAK RADIO","","1","Modified","LAT_DECIMAL LONG_DECIMAL"
"2025/01/23","OAK","OAKLAND","FSS","","","","OAK","OAKLAND","RADIO","37.72126138","-122.22115055","OAKLAND","CA","US","OAKLAND","","11282 CENTRAL EAST PACIFIC FAMILY TWO","","OAK RADIO","","2","Modified","LAT_DECIMAL LONG_DECIMAL"
"2024/12/26","OAK","OAKLAND","FSS","","","","OAK","OAKLAND","RADIO","","","OAKLAND","CA","US","OAKLAND","","13288 CENTRAL EAST PACIFIC FAMILY ONE","","OAK RADIO","","1","Modified","LAT_DECIMAL LONG_DECIMAL"
"2025/01/23","OAK","OAKLAND","FSS","","","","OAK","OAKLAND","RADIO","37.72126138","-122.22115055","OAKLAND","CA","US","OAKLAND","","13288 CENTRAL EAST PACIFIC FAMILY ONE","","OAK RADIO","","2","Modified","LAT_DECIMAL LONG_DECIMAL"
"2024/12/26","OAK","OAKLAND","FSS","","","","OAK","OAKLAND","RADIO","","","OAKLAND","CA","US","OAKLAND","","13288 CENTRAL EAST PACIFIC FAMILY TWO","","OAK RADIO","","1","Modified","LAT_DECIMAL LONG_DECIMAL"
"2025/01/23","OAK","OAKLAND","FSS","","","","OAK","OAKLAND","RADIO","37.72126138","-122.22115055","OAKLAND","CA","US","OAKLAND","","13288 CENTRAL EAST PACIFIC FAMILY TWO","","OAK RADIO","","2","Modified","LAT_DECIMAL LONG_DECIMAL"
"2024/12/26","OAK","OAKLAND","FSS","","","","OAK","OAKLAND","RADIO","","","OAKLAND","CA","US","OAKLAND","","17904 CENTRAL EAST PACIFIC FAMILY ONE","","OAK RADIO","","1","Modified","LAT_DECIMAL LONG_DECIMAL"
"2025/01/23","OAK","OAKLAND","FSS","","","","OAK","OAKLAND","RADIO","37.72126138","-122.22115055","OAKLAND","CA","US","OAKLAND","","17904 CENTRAL EAST PACIFIC FAMILY ONE","","OAK RADIO","","2","Modified","LAT_DECIMAL LONG_DECIMAL"
"2024/12/26","OAK","OAKLAND","FSS","","","","OAK","OAKLAND","RADIO","","","OAKLAND","CA","US","OAKLAND","","17904 CENTRAL EAST PACIFIC FAMILY TWO","","OAK RADIO","","1","Modified","LAT_DECIMAL LONG_DECIMAL"
"2025/01/23","OAK","OAKLAND","FSS","","","","OAK","OAKLAND","RADIO","37.72126138","-122.22115055","OAKLAND","CA","US","OAKLAND","","17904 CENTRAL EAST PACIFIC FAMILY TWO","","OAK RADIO","","2","Modified","LAT_DECIMAL LONG_DECIMAL"
"2024/12/26","OAK","OAKLAND","FSS","","","","OAK","OAKLAND","RADIO","","","OAKLAND","CA","US","OAKLAND","","2869 CENTRAL EAST PACIFIC TWO","","OAK RADIO","","1","Modified","LAT_DECIMAL LONG_DECIMAL"
"2025/01/23","OAK","OAKLAND","FSS","","","","OAK","OAKLAND","RADIO","37.72126138","-122.22115055","OAKLAND","CA","US","OAKLAND","","2869 CENTRAL EAST PACIFIC TWO","","OAK RADIO","","2","Modified","LAT_DECIMAL LONG_DECIMAL"
"2024/12/26","OAK","OAKLAND","FSS","","","","OAK","OAKLAND","RADIO","","","OAKLAND","CA","US","OAKLAND","","3413 CENTRAL EAST PACIFIC FAMILY ONE","","OAK RADIO","","1","Modified","LAT_DECIMAL LONG_DECIMAL"
"2025/01/23","OAK","OAKLAND","FSS","","","","OAK","OAKLAND","RADIO","37.72126138","-122.22115055","OAKLAND","CA","US","OAKLAND","","3413 CENTRAL EAST PACIFIC FAMILY ONE","","OAK RADIO","","2","Modified","LAT_DECIMAL LONG_DECIMAL"
"2024/12/26","OAK","OAKLAND","FSS","","","","OAK","OAKLAND","RADIO","","","OAKLAND","CA","US","OAKLAND","","5547 CENTRAL EAST PACIFIC FAMILY ONE","","OAK RADIO","","1","Modified","LAT_DECIMAL LONG_DECIMAL"
"2025/01/23","OAK","OAKLAND","FSS","","","","OAK","OAKLAND","RADIO","37.72126138","-122.22115055","OAKLAND","CA","US","OAKLAND","","5547 CENTRAL EAST PACIFIC FAMILY ONE","","OAK RADIO","","2","Modified","LAT_DECIMAL LONG_DECIMAL"
"2024/12/26","OAK","OAKLAND","FSS","","","","OAK","OAKLAND","RADIO","","","OAKLAND","CA","US","OAKLAND","","5547 CENTRAL EAST PACIFIC TWO","","OAK RADIO","","1","Modified","LAT_DECIMAL LONG_DECIMAL"
"2025/01/23","OAK","OAKLAND","FSS","","","","OAK","OAKLAND","RADIO","37.72126138","-122.22115055","OAKLAND","CA","US","OAKLAND","","5547 CENTRAL EAST PACIFIC TWO","","OAK RADIO","","2","Modified","LAT_DECIMAL LONG_DECIMAL"
"2024/12/26","OAK","OAKLAND","FSS","","","","OAK","OAKLAND","RADIO","","","OAKLAND","CA","US","OAKLAND","","6673 CENTRAL EAST PACIFIC FAMILY TWO","","OAK RADIO","","1","Modified","LAT_DECIMAL LONG_DECIMAL"
"2025/01/23","OAK","OAKLAND","FSS","","","","OAK","OAKLAND","RADIO","37.72126138","-122.22115055","OAKLAND","CA","US","OAKLAND","","6673 CENTRAL EAST PACIFIC FAMILY TWO","","OAK RADIO","","2","Modified","LAT_DECIMAL LONG_DECIMAL"
"2024/12/26","OAK","OAKLAND","FSS","","","","OAK","OAKLAND","RADIO","","","OAKLAND","CA","US","OAKLAND","","8843 CENTRAL EAST PACIFIC ONE","","OAK RADIO","","1","Modified","LAT_DECIMAL LONG_DECIMAL"
"2025/01/23","OAK","OAKLAND","FSS","","","","OAK","OAKLAND","RADIO","37.72126138","-122.22115055","OAKLAND","CA","US","OAKLAND","","8843 CENTRAL EAST PACIFIC ONE","","OAK RADIO","","2","Modified","LAT_DECIMAL LONG_DECIMAL"
"2024/12/26","OCQ","OCONTO/J DOUGLAS BAKE MUNI","NON-ATCT","","","","OCQ","OCONTO/J DOUGLAS BAKE MUNI","AIRPORT","44.87405558","-87.9097705","OCONTO","WI","US","","","122.8","","CTAF","MIRL RWY 11/29 PRESET TO LOW SS-SR; TO INCR INTST AND ACTVT REIL RWY 11 & 29; MIRL RWY 11/29 - CTAF. PAPI RWY 11 & 29 OPS CONSLY.","1","Modified","LAT_DECIMAL LONG_DECIMAL"
"2025/01/23","OCQ","OCONTO/J DOUGLAS BAKE MUNI","NON-ATCT","","","","OCQ","OCONTO/J DOUGLAS BAKE MUNI","AIRPORT","44.87405555","-87.90977","OCONTO","WI","US","","","122.8","","CTAF","MIRL RWY 11/29 PRESET TO LOW SS-SR; TO INCR INTST AND ACTVT REIL RWY 11 & 29; MIRL RWY 11/29 - CTAF. PAPI RWY 11 & 29 OPS CONSLY.","2","Modified","LAT_DECIMAL LONG_DECIMAL"
"2024/12/26","OCQ","OCONTO/J DOUGLAS BAKE MUNI","NON-ATCT","","","","OCQ","OCONTO/J DOUGLAS BAKE MUNI","AIRPORT","44.87405558","-87.9097705","OCONTO","WI","US","","","122.8","","UNICOM","","1","Modified","LAT_DECIMAL LONG_DECIMAL"
"2025/01/23","OCQ","OCONTO/J DOUGLAS BAKE MUNI","NON-ATCT","","","","OCQ","OCONTO/J DOUGLAS BAKE MUNI","AIRPORT","44.87405555","-87.90977","OCONTO","WI","US","","","122.8","","UNICOM","","2","Modified","LAT_DECIMAL LONG_DECIMAL"
"2024/12/26","OKC","OKC WILL ROGERS INTL","ATCT-TRACON","","","24","OKC","OKC WILL ROGERS INTL","AIRPORT","35.39307277","-97.60076555","OKLAHOMA CITY","OK","US","ROGERS","OKE CITY","125.85","","D-ATIS","","2","Deleted",""
"2024/12/26","OLM","","ASOS_AWOS","","","","OLM","","ASOS","46.96940444","-122.90254472","OLYMPIA","WA","US","","","135.725","","OLM ASOS","","2","Deleted",""
"2024/12/26","OME","NOME","FSS","","","","OME","NOME","FSS","64.512555","-165.44439388","NOME","AK","US","NOME","","119.925","","OME FSS","","1","Modified","REMARK"
"2025/01/23","OME","NOME","FSS","","","","OME","NOME","FSS","64.512555","-165.44439388","NOME","AK","US","NOME","","119.925","","OME FSS","AFIS FREQUENCY.","2","Modified","REMARK"
"2024/12/26","ORE","ORANGE MUNI","NON-ATCT","","","","ORE","ORANGE MUNI","AIRPORT","42.5699975","-72.28849777","ORANGE","MA","US","","","122.8","","CTAF","DUSK-DAWN. ACTVT MIRL RWYS 01/19 & 14/32 - CTAF. PAPI RWY 01 OPR CONSLY.","1","Modified","LAT_DECIMAL LONG_DECIMAL"
"2025/01/23","ORE","ORANGE MUNI","NON-ATCT","","","","ORE","ORANGE MUNI","AIRPORT","42.56999694","-72.28849833","ORANGE","MA","US","","","122.8","","CTAF","DUSK-DAWN. ACTVT MIRL RWYS 01/19 & 14/32 - CTAF. PAPI RWY 01 OPR CONSLY.","2","Modified","LAT_DECIMAL LONG_DECIMAL"
"2024/12/26","ORE","ORANGE MUNI","NON-ATCT","","","","ORE","ORANGE MUNI","AIRPORT","42.5699975","-72.28849777","ORANGE","MA","US","","","122.8","","UNICOM","","1","Modified","LAT_DECIMAL LONG_DECIMAL"
"2025/01/23","ORE","ORANGE MUNI","NON-ATCT","","","","ORE","ORANGE MUNI","AIRPORT","42.56999694","-72.28849833","ORANGE","MA","US","","","122.8","","UNICOM","","2","Modified","LAT_DECIMAL LONG_DECIMAL"
"2024/12/26","OTZ","KOTZEBUE","FSS","","","","OTZ","KOTZEBUE","FSS","66.88480555","-162.59813888","KOTZEBUE","AK","US","KOTZEBUE","","135.45","","OTZ FSS","","1","Modified","REMARK"
"2025/01/23","OTZ","KOTZEBUE","FSS","","","","OTZ","KOTZEBUE","FSS","66.88480555","-162.59813888","KOTZEBUE","AK","US","KOTZEBUE","","135.45","","OTZ FSS","AFIS FREQUENCY.","2","Modified","REMARK"
"2024/12/26","PAE","SEATTLE PAINE FLD INTL","ATCT","","","","PAE","SEATTLE PAINE FLD INTL","AIRPORT","47.90731805","-122.28209388","EVERETT","WA","US","","","132.95","","CTAF","WHEN ATCT CLSD, ACTVT MALSR RWY 16R; PAPI RWY 34L; HIRL RWY 16R/34L  - CTAF.","1","Modified","REMARK"
"2025/01/23","PAE","SEATTLE PAINE FLD INTL","ATCT","","","","PAE","SEATTLE PAINE FLD INTL","AIRPORT","47.90731805","-122.28209388","EVERETT","WA","US","","","132.95","","CTAF","WHEN ATCT CLSD, ACTVT MALSR RWY 16R; MALSF 34L; HIRL RWY 16R/34L - CTAF. PAPI RWY 34L OPR CONSLY.","2","Modified","REMARK"
"2024/12/26","PAQ","PALMER","FSS","","","","PAQ","PALMER","FSS","61.59491666","-149.08872222","PALMER","AK","US","PALMER","","134.75","","PAQ FSS","","1","Modified","REMARK"
"2025/01/23","PAQ","PALMER","FSS","","","","PAQ","PALMER","FSS","61.59491666","-149.08872222","PALMER","AK","US","PALMER","","134.75","","PAQ FSS","ALSO AFIS FREQUENCY.","2","Modified","REMARK"
"2024/12/26","PCT","POTOMAC TRACON","TRACON","","","","GVE","GORDONSVILLE MUNI","AIRPORT","38.15599611","-78.16578","GORDONSVILLE","VA","US","","POTOMAC","132.85","","APCH/P DEP/P","","1","Modified","LAT_DECIMAL LONG_DECIMAL"
"2025/01/23","PCT","POTOMAC TRACON","TRACON","","","","GVE","GORDONSVILLE MUNI","AIRPORT","38.15598416","-78.16577972","GORDONSVILLE","VA","US","","POTOMAC","132.85","","APCH/P DEP/P","","2","Modified","LAT_DECIMAL LONG_DECIMAL"
"2024/12/26","PCT","POTOMAC TRACON","TRACON","","","","GVE","GORDONSVILLE MUNI","AIRPORT","38.15599611","-78.16578","GORDONSVILLE","VA","US","","POTOMAC","323.125","","APCH/P DEP/P","","1","Modified","LAT_DECIMAL LONG_DECIMAL"
"2025/01/23","PCT","POTOMAC TRACON","TRACON","","","","GVE","GORDONSVILLE MUNI","AIRPORT","38.15598416","-78.16577972","GORDONSVILLE","VA","US","","POTOMAC","323.125","","APCH/P DEP/P","","2","Modified","LAT_DECIMAL LONG_DECIMAL"
"2024/12/26","PINE BLUFF","PINE BLUFF","RCAG","ZME","","","3M9","WARREN MUNI","AIRPORT","33.56044333","-92.08538861","WARREN","AR","US","","MEMPHIS ARTCC","135.875","LOW","PINE BLUFF RCAG","APCH/DEP SVC PRVDD BY MEMPHIS ARTCC ON FREQS 135.875/269.35 (GREENVILLE RCAG & PINE BLUFF RCAG).","1","Modified","SERVICED_FAC_NAME"
"2025/01/23","PINE BLUFF","PINE BLUFF","RCAG","ZME","","","3M9","WARREN MUNI/JOHN B FRAZER JR FLD","AIRPORT","33.56044333","-92.08538861","WARREN","AR","US","","MEMPHIS ARTCC","135.875","LOW","PINE BLUFF RCAG","APCH/DEP SVC PRVDD BY MEMPHIS ARTCC ON FREQS 135.875/269.35 (GREENVILLE RCAG & PINE BLUFF RCAG).","2","Modified","SERVICED_FAC_NAME"
"2024/12/26","PINE BLUFF","PINE BLUFF","RCAG","ZME","","","3M9","WARREN MUNI","AIRPORT","33.56044333","-92.08538861","WARREN","AR","US","","MEMPHIS ARTCC","269.35","LOW","PINE BLUFF RCAG","APCH/DEP SVC PRVDD BY MEMPHIS ARTCC ON FREQS 135.875/269.35 (GREENVILLE RCAG & PINE BLUFF RCAG).","1","Modified","SERVICED_FAC_NAME"
"2025/01/23","PINE BLUFF","PINE BLUFF","RCAG","ZME","","","3M9","WARREN MUNI/JOHN B FRAZER JR FLD","AIRPORT","33.56044333","-92.08538861","WARREN","AR","US","","MEMPHIS ARTCC","269.35","LOW","PINE BLUFF RCAG","APCH/DEP SVC PRVDD BY MEMPHIS ARTCC ON FREQS 135.875/269.35 (GREENVILLE RCAG & PINE BLUFF RCAG).","2","Modified","SERVICED_FAC_NAME"
"2024/12/26","PRC","PRESCOTT RGNL/ERNEST A LOVE FLD","ATCT","","","","PRC","PRESCOTT RGNL/ERNEST A LOVE FLD","AIRPORT","34.65483333","-112.41922222","PRESCOTT","AZ","US","","","125.3","","CTAF","AFT 2200; ACTVT MALSR RWY 21L; REIL RWY 03R; PAPI RWY 03R & 21L - CTAF. ACTVT REIL RWY 12 & 30; PAPI RWY 12/30; MIRL RWY 12/30 - 128.75.","1","Modified","REMARK"
"2025/01/23","PRC","PRESCOTT RGNL/ERNEST A LOVE FLD","ATCT","","","","PRC","PRESCOTT RGNL/ERNEST A LOVE FLD","AIRPORT","34.65483333","-112.41922222","PRESCOTT","AZ","US","","","125.3","","CTAF","WHEN ATCT CLSD: ACTVT MALSR RWY 21L; REIL RWY 03R; PAPI RWY 03R & 21L - CTAF. ACTVT REIL RWY 12 & 30; PAPI RWY 12/30; MIRL RWY 12/30 - 128.75.","2","Modified","REMARK"
"2024/12/26","PUW","PULLMAN/MOSCOW RGNL","NON-ATCT","","","","PUW","PULLMAN/MOSCOW RGNL","AIRPORT","46.74169138","-117.11161916","PULLMAN/MOSCOW","WA","US","","","122.8","","CTAF","ACTVT MALSR RWY 05; REIL RWY 23; PAPI RWY 05 & 23; HIRL RWY 5/23 - CTAF","1","Modified","REMARK"
"2025/01/23","PUW","PULLMAN/MOSCOW RGNL","NON-ATCT","","","","PUW","PULLMAN/MOSCOW RGNL","AIRPORT","46.74169138","-117.11161916","PULLMAN/MOSCOW","WA","US","","","122.8","","CTAF","ACTVT MALSR RWY 05; REIL RWY 23; PAPI RWY 05 & 23; HIRL RWY 5/23 - CTAF.","2","Modified","REMARK"
"2024/12/26","PWM","PORTLAND INTL JETPORT","ATCT-TRACON","","","","68ME","MAINE MEDICAL CENTER","HELIPORT","43.65396388","-70.27695","PORTLAND","ME","US","","PORTLAND","119.75","","APCH/P DEP/P","","1","Modified","LAT_DECIMAL LONG_DECIMAL"
"2025/01/23","PWM","PORTLAND INTL JETPORT","ATCT-TRACON","","","","68ME","MAINE MEDICAL CENTER","HELIPORT","43.654071","-70.275649","PORTLAND","ME","US","","PORTLAND","119.75","","APCH/P DEP/P","","2","Modified","LAT_DECIMAL LONG_DECIMAL"
"2024/12/26","PWM","PORTLAND INTL JETPORT","ATCT-TRACON","","","","68ME","MAINE MEDICAL CENTER","HELIPORT","43.65396388","-70.27695","PORTLAND","ME","US","","PORTLAND","120.9","","LCL/P","","1","Modified","LAT_DECIMAL LONG_DECIMAL"
"2025/01/23","PWM","PORTLAND INTL JETPORT","ATCT-TRACON","","","","68ME","MAINE MEDICAL CENTER","HELIPORT","43.654071","-70.275649","PORTLAND","ME","US","","PORTLAND","120.9","","LCL/P","","2","Modified","LAT_DECIMAL LONG_DECIMAL"
"2024/12/26","PWM","PORTLAND INTL JETPORT","ATCT-TRACON","","","","68ME","MAINE MEDICAL CENTER","HELIPORT","43.65396388","-70.27695","PORTLAND","ME","US","","PORTLAND","257.8","","LCL/P","","1","Modified","LAT_DECIMAL LONG_DECIMAL"
"2025/01/23","PWM","PORTLAND INTL JETPORT","ATCT-TRACON","","","","68ME","MAINE MEDICAL CENTER","HELIPORT","43.654071","-70.275649","PORTLAND","ME","US","","PORTLAND","257.8","","LCL/P","","2","Modified","LAT_DECIMAL LONG_DECIMAL"
"2024/12/26","PWM","PORTLAND INTL JETPORT","ATCT-TRACON","","","","68ME","MAINE MEDICAL CENTER","HELIPORT","43.65396388","-70.27695","PORTLAND","ME","US","","PORTLAND","269.35","","APCH/P DEP/P","","1","Modified","LAT_DECIMAL LONG_DECIMAL"
"2025/01/23","PWM","PORTLAND INTL JETPORT","ATCT-TRACON","","","","68ME","MAINE MEDICAL CENTER","HELIPORT","43.654071","-70.275649","PORTLAND","ME","US","","PORTLAND","269.35","","APCH/P DEP/P","","2","Modified","LAT_DECIMAL LONG_DECIMAL"
"2024/12/26","RUT","RUTLAND/SOUTHERN VERMONT RGNL","NON-ATCT","","","","RUT","RUTLAND/SOUTHERN VERMONT RGNL","AIRPORT","43.52973027","-72.94962611","RUTLAND","VT","US","","","122.8","","CTAF","ACTVT MALSR RWY 19; REIL RWY 13; MIRL RWY 01/19 & 13/31 - CTAF.","1","Modified","REMARK"
"2025/01/23","RUT","RUTLAND/SOUTHERN VERMONT RGNL","NON-ATCT","","","","RUT","RUTLAND/SOUTHERN VERMONT RGNL","AIRPORT","43.52973027","-72.94962611","RUTLAND","VT","US","","","122.8","","CTAF","ACTVT MALSR RWY 19; REIL RWY 13; HIRL RWY 01/19; MIRL RWY 13/31 - CTAF.","2","Modified","REMARK"
"2024/12/26","SACRAMENTO","SACRAMENTO","RCAG","ZOA","","","SACRAMENTO","SACRAMENTO","RCAG","38.699625","-121.59356944","","CA","","","","269.1","HIGH","SACRAMENTO RCAG","","2","Deleted",""
"2024/12/26","SARITA","SARITA","RCAG","ZHU","","","NQI","KINGSVILLE NAS","AIRPORT","27.50451444","-97.80828944","KINGSVILLE","TX","US","KINGSVILLE","KINGSVILLE","128.15","LOW","SARITA RCAG","","1","Modified","LONG_DECIMAL"
"2025/01/23","SARITA","SARITA","RCAG","ZHU","","","NQI","KINGSVILLE NAS","AIRPORT","27.50451444","-97.80829","KINGSVILLE","TX","US","KINGSVILLE","KINGSVILLE","128.15","LOW","SARITA RCAG","","2","Modified","LONG_DECIMAL"
"2024/12/26","SARITA","SARITA","RCAG","ZHU","","","NQI","KINGSVILLE NAS","AIRPORT","27.50451444","-97.80828944","KINGSVILLE","TX","US","KINGSVILLE","KINGSVILLE","350.3","LOW","SARITA RCAG","","1","Modified","LONG_DECIMAL"
"2025/01/23","SARITA","SARITA","RCAG","ZHU","","","NQI","KINGSVILLE NAS","AIRPORT","27.50451444","-97.80829","KINGSVILLE","TX","US","KINGSVILLE","KINGSVILLE","350.3","LOW","SARITA RCAG","","2","Modified","LONG_DECIMAL"
"2024/12/26","SCT","SOUTHERN CALIFORNIA TRACON","TRACON","","","","SNA","JOHN WAYNE/ORANGE COUNTY","AIRPORT","33.67566194","-117.86823305","SANTA ANA","CA","US","JOHN WAYNE","SOCAL","263.025","","TILLT STAR","","2","Deleted",""
"2024/12/26","SFQ","SUFFOLK EXEC","NON-ATCT","","","","SFQ","SUFFOLK EXEC","AIRPORT","36.68288844","-76.59962316","SUFFOLK","VA","US","","","122.7","","CTAF","ACTVT REIL RWYS 04 & 22; HIRL RWY 04/22; MIRL RWY 07/25 - CTAF.","1","Modified","REMARK"
"2025/01/23","SFQ","SUFFOLK EXEC","NON-ATCT","","","","SFQ","SUFFOLK EXEC","AIRPORT","36.68288844","-76.59962316","SUFFOLK","VA","US","","","122.7","","CTAF","ACTVT REIL RWY 04 & 22;  HIRL RWY 04/22 - CTAF.","2","Modified","REMARK"
"2024/12/26","SIT","SITKA","FSS","","","","SIT","SITKA","FSS","57.04683436","-135.36106869","SITKA","AK","US","SITKA","","135.9","","SIT FSS","","1","Modified","REMARK"
"2025/01/23","SIT","SITKA","FSS","","","","SIT","SITKA","FSS","57.04683436","-135.36106869","SITKA","AK","US","SITKA","","135.9","","SIT FSS","AFIS FREQUENCY.","2","Modified","REMARK"
"2024/12/26","SNH","SAVANNAH-HARDIN COUNTY","NON-ATCT","","","","SNH","SAVANNAH-HARDIN COUNTY","AIRPORT","35.17024638","-88.21672611","SAVANNAH","TN","US","","","122.8","","CTAF","","1","Modified","REMARK"
"2025/01/23","SNH","SAVANNAH-HARDIN COUNTY","NON-ATCT","","","","SNH","SAVANNAH-HARDIN COUNTY","AIRPORT","35.17024638","-88.21672611","SAVANNAH","TN","US","","","122.8","","CTAF","REIL RWY  01 & 19 OPR SS-SR; ACTVT MIRL RWY 01/19 - CTAF. PAPI RWY 01 & 19 OPR CONSLY.","2","Modified","REMARK"
"2024/12/26","SNH","SAVANNAH-HARDIN COUNTY","NON-ATCT","","","","SNH","SAVANNAH-HARDIN COUNTY","AIRPORT","35.17024638","-88.21672611","SAVANNAH","TN","US","","","122.8","","UNICOM","","2","Deleted",""
"2024/12/26","SUN","FRIEDMAN MEML","ATCT","","","","SUN","FRIEDMAN MEML","AIRPORT","43.50378055","-114.29555833","HAILEY","ID","US","","","125.6","","CTAF","WHEN ATCT CLSD, ACTVT HIRL RWY 13/31 - CTAF.  PAPI RWY 31 OPR CONSLY.; ALL ARRG ACFT FM 2300 TO 0700L REQD TO ANNC CTAF 125.6 WHEN THEY ARE 20, 15, 10 AND 5 MIS OUT AND SHRT FINAL. EQPT MAY BE ON RWY.","1","Modified","REMARK"
"2025/01/23","SUN","FRIEDMAN MEML","ATCT","","","","SUN","FRIEDMAN MEML","AIRPORT","43.50378055","-114.29555833","HAILEY","ID","US","","","125.6","","CTAF","WHEN ATCT CLSD ACTVT HIRL RWY 13/31 - CTAF. PAPI RWY 31 OPR CONSLY.","2","Modified","REMARK"
"2024/12/26","T28","CAIN","NON-ATCT","","","","T28","CAIN","AIRPORT","33.35449444","-97.43905833","SLIDELL","TX","US","","","122.9","","CTAF","","1","Modified","LAT_DECIMAL LONG_DECIMAL"
"2025/01/23","T28","CAIN","NON-ATCT","","","","T28","CAIN","AIRPORT","33.35444027","-97.43914722","SLIDELL","TX","US","","","122.9","","CTAF","","2","Modified","LAT_DECIMAL LONG_DECIMAL"
"2024/12/26","TKA","TALKEETNA","FSS","","","","TKA","TALKEETNA","FSS","62.32137194","-150.09271833","TALKEETNA","AK","US","TALKEETNA","","135.2","","TKA FSS","","1","Modified","REMARK"
"2025/01/23","TKA","TALKEETNA","FSS","","","","TKA","TALKEETNA","FSS","62.32137194","-150.09271833","TALKEETNA","AK","US","TALKEETNA","","135.2","","TKA FSS","AFIS FREQUENCY.","2","Modified","REMARK"
"2024/12/26","TRL","TERRELL MUNI","NON-ATCT","","","","TRL","TERRELL MUNI","AIRPORT","32.70849444","-96.26709444","TERRELL","TX","US","","","123.075","","CTAF","MIRL RWY 18/36 PRESET LOW INTST; TO INCR INTST & ACTVT RLLS RWY 18; PAPI RWYS 18 & 36 - CTAF.","1","Modified","REMARK"
"2025/01/23","TRL","TERRELL MUNI","NON-ATCT","","","","TRL","TERRELL MUNI","AIRPORT","32.70849444","-96.26709444","TERRELL","TX","US","","","123.075","","CTAF","MIRL RWY 18/36 PRESET LOW INTST; TO INCR INTST & ACTVT RLLS RWY 18, PAPI RWYS 18 & 36 - CTAF.","2","Modified","REMARK"
"2024/12/26","UKN","WAUKON","NAVAID","","","","UKN","WAUKON","DME","43.28008547","-91.53736183","WAUKON","IA","US","","","116.6/113X","","UKN DME","","2","Deleted",""
"2024/12/26","VCT","","ASOS_AWOS","","","","VCT","","ASOS","28.84854166","-96.91675277","VICTORIA","TX","US","","","119.025","","VCT ASOS","","2","Deleted",""
"2024/12/26","VES","","ASOS_AWOS","","","","VES","","AWOS-3T","40.20557988","-84.53455508","VERSAILLES","OH","US","","","125.9","","VES AWOS-3T","","2","Deleted",""
"2024/12/26","VRB","VERO BEACH RGNL","ATCT","","","0700-2100","VRB","VERO BEACH RGNL","AIRPORT","27.655555","-80.41795416","VERO BEACH","FL","US","VERO BEACH","PALM BEACH","120.575","","ATIS","","1","Modified","TOWER_HRS"
"2025/01/23","VRB","VERO BEACH RGNL","ATCT","","","0700-2300","VRB","VERO BEACH RGNL","AIRPORT","27.655555","-80.41795416","VERO BEACH","FL","US","VERO BEACH","PALM BEACH","120.575","","ATIS","","2","Modified","TOWER_HRS"
"2024/12/26","VRB","VERO BEACH RGNL","ATCT","","","0700-2100","VRB","VERO BEACH RGNL","AIRPORT","27.655555","-80.41795416","VERO BEACH","FL","US","VERO BEACH","PALM BEACH","126.3","","LCL/P","","1","Modified","TOWER_HRS"
"2025/01/23","VRB","VERO BEACH RGNL","ATCT","","","0700-2300","VRB","VERO BEACH RGNL","AIRPORT","27.655555","-80.41795416","VERO BEACH","FL","US","VERO BEACH","PALM BEACH","126.3","","LCL/P","","2","Modified","TOWER_HRS"
"2024/12/26","VRB","VERO BEACH RGNL","ATCT","","","0700-2100","VRB","VERO BEACH RGNL","AIRPORT","27.655555","-80.41795416","VERO BEACH","FL","US","VERO BEACH","PALM BEACH","127.45","","GND/P","","1","Modified","TOWER_HRS"
"2025/01/23","VRB","VERO BEACH RGNL","ATCT","","","0700-2300","VRB","VERO BEACH RGNL","AIRPORT","27.655555","-80.41795416","VERO BEACH","FL","US","VERO BEACH","PALM BEACH","127.45","","GND/P","","2","Modified","TOWER_HRS"
"2024/12/26","VRB","VERO BEACH RGNL","ATCT","","","0700-2100","VRB","VERO BEACH RGNL","AIRPORT","27.655555","-80.41795416","VERO BEACH","FL","US","VERO BEACH","PALM BEACH","133.15","","LCL/S","","1","Modified","TOWER_HRS"
"2025/01/23","VRB","VERO BEACH RGNL","ATCT","","","0700-2300","VRB","VERO BEACH RGNL","AIRPORT","27.655555","-80.41795416","VERO BEACH","FL","US","VERO BEACH","PALM BEACH","133.15","","LCL/S","","2","Modified","TOWER_HRS"
"2024/12/26","VRB","VERO BEACH RGNL","ATCT","","","0700-2100","VRB","VERO BEACH RGNL","AIRPORT","27.655555","-80.41795416","VERO BEACH","FL","US","VERO BEACH","PALM BEACH","134.975","","CD/P","","1","Modified","TOWER_HRS"
"2025/01/23","VRB","VERO BEACH RGNL","ATCT","","","0700-2300","VRB","VERO BEACH RGNL","AIRPORT","27.655555","-80.41795416","VERO BEACH","FL","US","VERO BEACH","PALM BEACH","134.975","","CD/P","","2","Modified","TOWER_HRS"
"2024/12/26","VUO","PEARSON FLD","NON-ATCT","","","","VUO","PEARSON FLD","AIRPORT","45.6204525","-122.65648833","VANCOUVER","WA","US","","","119.0","","CTAF","ACTVT PAPI RWY 26; MIRL RWY 08/26 - CTAF.","1","Modified","REMARK"
"2025/01/23","VUO","PEARSON FLD","NON-ATCT","","","","VUO","PEARSON FLD","AIRPORT","45.6204525","-122.65648833","VANCOUVER","WA","US","","","119.0","","CTAF","ACTVT PAPI RWY 26; MIRL RWY 08/26 - CTAF.; ARR PRIOR TO ENTERING SFRA FAR 93.163 & DEP BFR TKOF - CTC CTAF.; MANDATORY VFR ADVZY SVC - CTC CTAF.","2","Modified","REMARK"
"2024/12/26","W01","TONASKET MUNI","NON-ATCT","","","","W01","TONASKET MUNI","AIRPORT","48.72486833","-119.46563472","TONASKET","WA","US","","","122.9","","CTAF","ACTIVATE MIRL RY 15/33 - CTAF.","1","Modified","REMARK"
"2025/01/23","W01","TONASKET MUNI","NON-ATCT","","","","W01","TONASKET MUNI","AIRPORT","48.72486833","-119.46563472","TONASKET","WA","US","","","122.9","","CTAF","ACTVT MIRL RWY 15/33 - CTAF.","2","Modified","REMARK"
"2024/12/26","W91","SMITH MOUNTAIN LAKE","NON-ATCT","","","","W91","SMITH MOUNTAIN LAKE","AIRPORT","37.10772222","-79.59247222","MONETA","VA","US","","","122.975","","CTAF","ACTVT MIRL RWY 05/23 - CTAF.","1","Modified","REMARK"
"2025/01/23","W91","SMITH MOUNTAIN LAKE","NON-ATCT","","","","W91","SMITH MOUNTAIN LAKE","AIRPORT","37.10772222","-79.59247222","MONETA","VA","US","","","122.975","","CTAF","ACTVT MIRL RWY 05/23 - CTAF.  PAUSE 1 SECOND BETWEEN CLICKS.","2","Modified","REMARK"
"2024/12/26","WATERBORO","WATERBORO","RCAG","ZBW","","","68ME","MAINE MEDICAL CENTER","HELIPORT","43.65396388","-70.27695","PORTLAND","ME","US","","PORTLAND","128.2","LOW","WATERBORO RCAG","APCH/DEP SVC PRVDD BY BOSTON ARTCC ON FREQS 128.2/263.05 (WATERBORO RCAG) WHEN PORTLAND APCH CTL CLSD.","1","Modified","LAT_DECIMAL LONG_DECIMAL"
"2025/01/23","WATERBORO","WATERBORO","RCAG","ZBW","","","68ME","MAINE MEDICAL CENTER","HELIPORT","43.654071","-70.275649","PORTLAND","ME","US","","PORTLAND","128.2","LOW","WATERBORO RCAG","APCH/DEP SVC PRVDD BY BOSTON ARTCC ON FREQS 128.2/263.05 (WATERBORO RCAG) WHEN PORTLAND APCH CTL CLSD.","2","Modified","LAT_DECIMAL LONG_DECIMAL"
"2024/12/26","WATERBORO","WATERBORO","RCAG","ZBW","","","68ME","MAINE MEDICAL CENTER","HELIPORT","43.65396388","-70.27695","PORTLAND","ME","US","","PORTLAND","263.05","LOW","WATERBORO RCAG","APCH/DEP SVC PRVDD BY BOSTON ARTCC ON FREQS 128.2/263.05 (WATERBORO RCAG) WHEN PORTLAND APCH CTL CLSD.","1","Modified","LAT_DECIMAL LONG_DECIMAL"
"2025/01/23","WATERBORO","WATERBORO","RCAG","ZBW","","","68ME","MAINE MEDICAL CENTER","HELIPORT","43.654071","-70.275649","PORTLAND","ME","US","","PORTLAND","263.05","LOW","WATERBORO RCAG","APCH/DEP SVC PRVDD BY BOSTON ARTCC ON FREQS 128.2/263.05 (WATERBORO RCAG) WHEN PORTLAND APCH CTL CLSD.","2","Modified","LAT_DECIMAL LONG_DECIMAL"
"2024/12/26","WDR","BARROW COUNTY","NON-ATCT","","","","WDR","BARROW COUNTY","AIRPORT","33.98268972","-83.66721666","WINDER","GA","US","","","123.0","","CTAF","HIRL RWY 13/31 PRESET LOW INTST; TO INCR INTST AND ACTVT MALSR RWY 31; PAPI RWYS 05, 23, 13, & 31; MIRL RWY 05/23; AND TWY LGTS - CTAF.","1","Modified","REMARK"
"2025/01/23","WDR","BARROW COUNTY","NON-ATCT","","","","WDR","BARROW COUNTY","AIRPORT","33.98268972","-83.66721666","WINDER","GA","US","","","123.0","","CTAF","HIRL RWY 13/31 PRESET LOW INTST. TO INCREASE INTST & ACTVT MALSR RWY 31; PAPI RWYS 05, 13, 23 & 31; MIRL RWY 05/23; AND TWY LGTS - CTAF.","2","Modified","REMARK"
"2024/12/26","WMC","WINNEMUCCA MUNI","NON-ATCT","","","","WMC","WINNEMUCCA MUNI","AIRPORT","40.89661111","-117.80588888","WINNEMUCCA","NV","US","","","122.8","","CTAF","MIRL RY 14/32 PRESET LOW INTST; TO INCR INTST ACTVT - CTAF.","1","Modified","REMARK"
"2025/01/23","WMC","WINNEMUCCA MUNI","NON-ATCT","","","","WMC","WINNEMUCCA MUNI","AIRPORT","40.89661111","-117.80588888","WINNEMUCCA","NV","US","","","122.8","","CTAF","ACTVT REIL RWYS 14 & 32, 20; MIRL RWY 14/32 - CTAF.  PRESET LO INTST; INCR/DECR INTST - CTAF.","2","Modified","REMARK"
"2024/12/26","WS20","YOUNG TACTICAL LANDING SITE","NON-ATCT","","","","WS20","YOUNG TACTICAL LANDING SITE","AIRPORT","43.95376666","-90.66410555","FORT MC COY","WI","US","","","124.6","","APT REMARK 4 WITH CTAF FREQ","KCMY 3 MILES W SAME RWY HDG. CTC KCMY TWR (MON-FRI 1400-2200Z++) ON 124.6 PRIOR TO ENTERING CL D. USE CTAF 124.6 WHEN TWR IS CLSD. FARP AND STNR C-130 LOAD TRAINER. DUE TO INCLEMENT WX SFCS MAY BE UNUSBL BY FIXED WING ACFT. CTC RANGE OPNS FOR CURRENT SFC CONDS.","1","Modified","REMARK"
"2025/01/23","WS20","YOUNG TACTICAL LANDING SITE","NON-ATCT","","","","WS20","YOUNG TACTICAL LANDING SITE","AIRPORT","43.95376666","-90.66410555","FORT MC COY","WI","US","","","124.6","","APT REMARK 4 WITH CTAF FREQ","KCMY 3 MILES W SAME RWY HDG. CTC KCMY TWR (MON-FRI 1400-2200Z++) ON 124.6 PRIOR TO ENTERING CL D. USE CTAF 124.6 WHEN TWR IS CLSD. FARP AND STNR C-130 AND C-17 LOAD TRAINERS. DUE TO INCLEMENT WX SFCS MAY BE UNUSBL BY FIXED WING ACFT. CTC RANGE OPNS FOR CURRENT SFC CONDS.","2","Modified","REMARK"
"2025/01/23","16VG","COASTAL SEAPLANES CAPE CHARLES","NON-ATCT","","","","16VG","COASTAL SEAPLANES CAPE CHARLES","SEAPLANE BASE","37.2717115","-76.02622","CAPE CHARLES","VA","US","","","122.9","","CTAF","","2","Added",""
"2025/01/23","1A5","","ASOS_AWOS","","","","1A5","","AWOS-3P","35.22274722","-83.41495555","FRANKLIN","NC","US","","","118.225","","1A5 AWOS-3P","","2","Added",""
"2025/01/23","1WA","SCOTT","NON-ATCT","","","","1WA","SCOTT","SEAPLANE BASE","48.97214472","-119.43933313","OROVILLE","WA","US","","","122.9","","CTAF","","2","Added",""
"2025/01/23","2MY5","SEVCIK FARMS","NON-ATCT","","","","2MY5","SEVCIK FARMS","AIRPORT","44.214125","-93.32613888","FARIBAULT","MN","US","","","122.9","","CTAF","","2","Added",""
"2025/01/23","40OR","MEDELLA BISON RANCH","NON-ATCT","","","","40OR","MEDELLA BISON RANCH","AIRPORT","42.2125765","-122.722839","ASHLAND","OR","US","","","122.8","","CTAF","ALL OPS ANNC ON CTAF - 122.8.","2","Added",""
"2025/01/23","44NE","LAST ENCHANTMENT","NON-ATCT","","","","44NE","LAST ENCHANTMENT","HELIPORT","40.983227","-96.709677","DAVEY","NE","US","","","122.9","","CTAF","","2","Added",""
"2025/01/23","49MY","DELONG SEAPLANE/SKIPLANE BASE","NON-ATCT","","","","49MY","DELONG SEAPLANE/SKIPLANE BASE","SEAPLANE BASE","45.2840818","-92.96267238","FOREST LAKE","MN","US","","","122.9","","CTAF","","2","Added",""
"2025/01/23","51MY","AB SQUARED","NON-ATCT","","","","51MY","AB SQUARED","SEAPLANE BASE","47.89519936","-92.27832863","TOWER","MN","US","","","122.9","","CTAF","","2","Added",""
"2025/01/23","58PN","J WALKER LANDING","NON-ATCT","","","","58PN","J WALKER LANDING","HELIPORT","41.26666666","-76.810125","MUNCY","PA","US","","","122.9","","CTAF","","2","Added",""
"2025/01/23","64MN","BABY LAKE","NON-ATCT","","","","64MN","BABY LAKE","SEAPLANE BASE","46.9677065","-94.3619475","HACKENSACK","MN","US","","","122.9","","CTAF","","2","Added",""
"2025/01/23","6K4","","ASOS_AWOS","","","","6K4","","AWOS-3PT","36.289675","-98.47412222","FAIRVIEW","OK","US","","","120.00","","6K4 AWOS-3PT","","2","Added",""
"2025/01/23","79MT","JOHNY CREEK","NON-ATCT","","","","79MT","JOHNY CREEK","AIRPORT","46.43038563","-104.24419369","BAKER","MT","US","","","122.9","","CTAF","CTN: 79MT & BHK SHARE CTAF.","2","Added",""
"2025/01/23","7MN0","CORMORANT COVE","NON-ATCT","","","","7MN0","CORMORANT COVE","SEAPLANE BASE","46.75501463","-96.04981447","AUDUBON","MN","US","","","122.9","","CTAF","","2","Added",""
"2025/01/23","7VG4","COASTAL SEAPLANES","NON-ATCT","","","","7VG4","COASTAL SEAPLANES","SEAPLANE BASE","37.4886265","-76.2966945","GRIMSTEAD","VA","US","","","122.9","","CTAF","","2","Added",""
"2025/01/23","8DC8","CONGRESSIONAL","NON-ATCT","","","","8DC8","CONGRESSIONAL","HELIPORT","38.89969444","-76.95947222","WASHINGTON","DC","US","","","122.9","","CTAF","","2","Added",""
"2025/01/23","95SC","BUCKEYE FLD","NON-ATCT","","","","95SC","BUCKEYE FLD","AIRPORT","33.3717605","-81.4639865","WILLISTON","SC","US","","","122.9","","CTAF","","2","Added",""
"2025/01/23","96MN","PIPESTONE COUNTY MEDICAL CENTER","NON-ATCT","","","","96MN","PIPESTONE COUNTY MEDICAL CENTER","HELIPORT","43.99027777","-96.32333333","PIPESTONE","MN","US","","","122.9","","CTAF","","2","Added",""
"2025/01/23","9OI2","CLEVELAND CLINIC MENTOR HOSPITAL","NON-ATCT","","","","9OI2","CLEVELAND CLINIC MENTOR HOSPITAL","HELIPORT","41.65062222","-81.34116666","MENTOR","OH","US","","","122.9","","CTAF","","2","Added",""
"2025/01/23","ANGELS CAMP","ANGELS CAMP","RCAG","ZOA","","","ANGELS CAMP","ANGELS CAMP","RCAG","38.02047777","-120.58492222","","CA","","","","126.85","LOW","ANGELS CAMP RCAG","","2","Added",""
"2025/01/23","AUS","AUSTIN-BERGSTROM INTL","ATCT-TRACON","","CPDLC (LOGON KUSA)","24","AUS","AUSTIN-BERGSTROM INTL","AIRPORT","30.19452722","-97.66987611","AUSTIN","TX","US","AUSTIN","AUSTIN","118.15","SFC-80 WEST","CLASS C","","2","Added",""
"2025/01/23","AUS","AUSTIN-BERGSTROM INTL","ATCT-TRACON","","CPDLC (LOGON KUSA)","24","AUS","AUSTIN-BERGSTROM INTL","AIRPORT","30.19452722","-97.66987611","AUSTIN","TX","US","AUSTIN","AUSTIN","119.0","85 & ABV WEST","CLASS C","","2","Added",""
"2025/01/23","AUS","AUSTIN-BERGSTROM INTL","ATCT-TRACON","","CPDLC (LOGON KUSA)","24","AUS","AUSTIN-BERGSTROM INTL","AIRPORT","30.19452722","-97.66987611","AUSTIN","TX","US","AUSTIN","AUSTIN","120.875","SFC - 8,000 FT, EAST","CLASS C","","2","Added",""
"2025/01/23","AUS","AUSTIN-BERGSTROM INTL","ATCT-TRACON","","CPDLC (LOGON KUSA)","24","AUS","AUSTIN-BERGSTROM INTL","AIRPORT","30.19452722","-97.66987611","AUSTIN","TX","US","AUSTIN","AUSTIN","120.875","SFC-80 EAST","CLASS C","","2","Added",""
"2025/01/23","AUS","AUSTIN-BERGSTROM INTL","ATCT-TRACON","","CPDLC (LOGON KUSA)","24","AUS","AUSTIN-BERGSTROM INTL","AIRPORT","30.19452722","-97.66987611","AUSTIN","TX","US","AUSTIN","AUSTIN","127.225","85 & ABV EAST","CLASS C","","2","Added",""
"2025/01/23","AUS","AUSTIN-BERGSTROM INTL","ATCT-TRACON","","CPDLC (LOGON KUSA)","24","AUS","AUSTIN-BERGSTROM INTL","AIRPORT","30.19452722","-97.66987611","AUSTIN","TX","US","AUSTIN","AUSTIN","270.25","SFC-80 EAST","CLASS C","","2","Added",""
"2025/01/23","AUS","AUSTIN-BERGSTROM INTL","ATCT-TRACON","","CPDLC (LOGON KUSA)","24","AUS","AUSTIN-BERGSTROM INTL","AIRPORT","30.19452722","-97.66987611","AUSTIN","TX","US","AUSTIN","AUSTIN","317.65","85 & ABV EAST","CLASS C","","2","Added",""
"2025/01/23","AUS","AUSTIN-BERGSTROM INTL","ATCT-TRACON","","CPDLC (LOGON KUSA)","24","AUS","AUSTIN-BERGSTROM INTL","AIRPORT","30.19452722","-97.66987611","AUSTIN","TX","US","AUSTIN","AUSTIN","350.25","SFC-80 WEST","CLASS C","","2","Added",""
"2025/01/23","AUS","AUSTIN-BERGSTROM INTL","ATCT-TRACON","","CPDLC (LOGON KUSA)","24","AUS","AUSTIN-BERGSTROM INTL","AIRPORT","30.19452722","-97.66987611","AUSTIN","TX","US","AUSTIN","AUSTIN","370.85","85 & ABV WEST","CLASS C","","2","Added",""
"2025/01/23","BNL","","ASOS_AWOS","","","","BNL","","AWOS-3PT","33.26005555","-81.387","BARNWELL","SC","US","","","119.775","","BNL AWOS-3PT","","2","Added",""
"2025/01/23","BYY","","ASOS_AWOS","","","","BYY","","AWOS-3PT","28.97175","-95.85836111","BAY CITY","TX","US","","","118.075","","BYY AWOS-3PT","","2","Added",""
"2025/01/23","CARIBOU","CARIBOU","RCAG","ZBW","","","16ME","AR GOULD HOSPITAL","HELIPORT","46.67591944","-67.99898055","PRESQUE ISLE","ME","US","","BOSTON ARTCC","124.75","LOW","CARIBOU RCAG","APCH/DEP SVC PRVDD BY BOSTON ARTCC ON FREQ 124.75/239.05 (CARIBOU RCAG).","2","Added",""
"2025/01/23","CARIBOU","CARIBOU","RCAG","ZBW","","","16ME","AR GOULD HOSPITAL","HELIPORT","46.67591944","-67.99898055","PRESQUE ISLE","ME","US","","BOSTON ARTCC","239.05","LOW","CARIBOU RCAG","APCH/DEP SVC PRVDD BY BOSTON ARTCC ON FREQ 124.75/239.05 (CARIBOU RCAG).","2","Added",""
"2025/01/23","DWH","","ASOS_AWOS","","","","DWH","","ASOS","30.06183333","-95.55277777","HOUSTON","TX","US","","","128.375","","DWH ASOS","","2","Added",""
"2025/01/23","FA63","FOXRAVEN FLD","NON-ATCT","","","","FA63","FOXRAVEN FLD","AIRPORT","28.51855555","-82.27614027","BROOKSVILLE","FL","US","","","122.9","","CTAF","","2","Added",""
"2025/01/23","FEW","FRANCIS E WARREN AFB","NON-ATCT","","","","FEW","FRANCIS E WARREN AFB","HELIPORT","41.14166666","-104.87138888","CHEYENNE","WY","US","","","134.425","","ATIS","","2","Added",""
"2025/01/23","FEW","FRANCIS E WARREN AFB","NON-ATCT","","","","FEW","FRANCIS E WARREN AFB","HELIPORT","41.14166666","-104.87138888","CHEYENNE","WY","US","","","278.3","","ATIS","","2","Added",""
"2025/01/23","FSD","JOE FOSS FLD","ATCT-TRACON","","","0500-0000","FSD","JOE FOSS FLD","AIRPORT","43.58201805","-96.74192527","SIOUX FALLS","SD","US","SIOUX FALLS","SIOUX FALLS","284.725","","APCH/P DEP/P","","2","Added",""
"2025/01/23","HALF MOON BAY","HALF MOON BAY","RCAG","ZOA","","","HALF MOON BAY","HALF MOON BAY","RCAG","37.52882777","-122.42747222","","CA","","","","133.7","HIGH","HALF MOON BAY RCAG","","2","Added",""
"2025/01/23","HALF MOON BAY","HALF MOON BAY","RCAG","ZOA","","","HALF MOON BAY","HALF MOON BAY","RCAG","37.52882777","-122.42747222","","CA","","","","236.77","LOW","HALF MOON BAY RCAG","","2","Added",""
"2025/01/23","HALF MOON BAY","HALF MOON BAY","RCAG","ZOA","","","HALF MOON BAY","HALF MOON BAY","RCAG","37.52882777","-122.42747222","","CA","","","","269.35","HIGH","HALF MOON BAY RCAG","","2","Added",""
"2025/01/23","HOLLISTER","HOLLISTER","RCAG","ZOA","","","HOLLISTER","HOLLISTER","RCAG","36.887175","-121.40215555","","CA","","","","269.35","HIGH","HOLLISTER RCAG","","2","Added",""
"2025/01/23","ICT","WICHITA DWIGHT D EISENHOWER NTL","ATCT-TRACON","","","","K50","COOK AIRFIELD","AIRPORT","37.56538513","-97.17462491","ROSE HILL","KS","US","","WICHITA","134.8","","APCH/P DEP/P","","2","Added",""
"2025/01/23","ICT","WICHITA DWIGHT D EISENHOWER NTL","ATCT-TRACON","","","","K50","COOK AIRFIELD","AIRPORT","37.56538513","-97.17462491","ROSE HILL","KS","US","","WICHITA","269.1","","APCH/P DEP/P","","2","Added",""
"2025/01/23","LHD","","ASOS_AWOS","","","","LHD","","ASOS","61.18","-149.97194444","ANCHORAGE","AK","US","","","125.6","","LHD ASOS","","2","Added",""
"2025/01/23","MN56","METHODIST/CHARLTON BUILDING","NON-ATCT","","","","MN56","METHODIST/CHARLTON BUILDING","HELIPORT","44.023993","-92.466975","ROCHESTER","MN","US","","","122.9","","CTAF","","2","Added",""
"2025/01/23","MOUNT TAMALPAIS","MOUNT TAMALPAIS","RCAG","ZOA","","","MOUNT TAMALPAIS","MOUNT TAMALPAIS","RCAG","37.92686944","-122.62886944","","CA","","","","125.85","LOW","MOUNT TAMALPAIS RCAG","","2","Added",""
"2025/01/23","MOUNT TAMALPAIS","MOUNT TAMALPAIS","RCAG","ZOA","","","MOUNT TAMALPAIS","MOUNT TAMALPAIS","RCAG","37.92686944","-122.62886944","","CA","","","","323.0","LOW","MOUNT TAMALPAIS RCAG","","2","Added",""
"2025/01/23","MY88","HENNING/BOLDT","NON-ATCT","","","","MY88","HENNING/BOLDT","AIRPORT","43.55977797","-95.82595777","RUSHMORE","MN","US","","","122.9","","CTAF","","2","Added",""
"2025/01/23","NR85","UNC REX HOLLY SPRINGS","NON-ATCT","","","","NR85","UNC REX HOLLY SPRINGS","HELIPORT","35.641825","-78.83554444","HOLLY SPRINGS","NC","US","","","122.9","","CTAF","","2","Added",""
"2025/01/23","OKC","OKC WILL ROGERS INTL","ATCT-TRACON","","","24","OKC","OKC WILL ROGERS INTL","AIRPORT","35.39307277","-97.60076555","OKLAHOMA CITY","OK","US","ROGERS","OKE CITY","125.85","ARR/DEP","D-ATIS","","2","Added",""
"2025/01/23","PN47","GRAND VIEW HOSPITAL","NON-ATCT","","","","PN47","GRAND VIEW HOSPITAL","HELIPORT","40.36222222","-75.32580555","SELLERSVILLE","PA","US","","","122.9","","CTAF","","2","Added",""
"2025/01/23","PN85","LINDEN HALL LANDING","NON-ATCT","","","","PN85","LINDEN HALL LANDING","HELIPORT","40.80305555","-77.76944444","STATE COLLEGE","PA","US","","","122.9","","CTAF","","2","Added",""
"2025/01/23","R90","OMAHA TRACON","TRACON","","","","OMA","EPPLEY AIRFIELD","AIRPORT","41.30316666","-95.89405555","OMAHA","NE","US","OMAHA","OMAHA","124.5","EAST","OMAHA DP","","2","Added",""
"2025/01/23","R90","OMAHA TRACON","TRACON","","","","OMA","EPPLEY AIRFIELD","AIRPORT","41.30316666","-95.89405555","OMAHA","NE","US","OMAHA","OMAHA","135.875","WEST","OMAHA DP","","2","Added",""
"2025/01/23","R90","OMAHA TRACON","TRACON","","","","OMA","EPPLEY AIRFIELD","AIRPORT","41.30316666","-95.89405555","OMAHA","NE","US","OMAHA","OMAHA","263.0","EAST","OMAHA DP","","2","Added",""
"2025/01/23","R90","OMAHA TRACON","TRACON","","","","OMA","EPPLEY AIRFIELD","AIRPORT","41.30316666","-95.89405555","OMAHA","NE","US","OMAHA","OMAHA","354.05","WEST","OMAHA DP","","2","Added",""
"2025/01/23","S46","SEATTLE-TACOMA APPROACH CONTROL","TRACON","","","","SEA","SEATTLE-TACOMA INTL","AIRPORT","47.44988888","-122.31177777","SEATTLE","WA","US","SEATTLE","SEATTLE","125.6","","HAWKZ RNAV STAR","","2","Added",""
"2025/01/23","S46","SEATTLE-TACOMA APPROACH CONTROL","TRACON","","","","SEA","SEATTLE-TACOMA INTL","AIRPORT","47.44988888","-122.31177777","SEATTLE","WA","US","SEATTLE","SEATTLE","125.6","","MARNR RNAV STAR","","2","Added",""
"2025/01/23","S46","SEATTLE-TACOMA APPROACH CONTROL","TRACON","","","","SEA","SEATTLE-TACOMA INTL","AIRPORT","47.44988888","-122.31177777","SEATTLE","WA","US","SEATTLE","SEATTLE","273.45","","HAWKZ RNAV STAR","","2","Added",""
"2025/01/23","S46","SEATTLE-TACOMA APPROACH CONTROL","TRACON","","","","SEA","SEATTLE-TACOMA INTL","AIRPORT","47.44988888","-122.31177777","SEATTLE","WA","US","SEATTLE","SEATTLE","273.45","","MARNR RNAV STAR","","2","Added",""
"2025/01/23","SACRAMENTO","SACRAMENTO","RCAG","ZOA","","","SACRAMENTO","SACRAMENTO","RCAG","38.699625","-121.59356944","","CA","","","","127.95","LOW","SACRAMENTO RCAG","","2","Added",""
"2025/01/23","SCT","SOUTHERN CALIFORNIA TRACON","TRACON","","","","PSP","PALM SPRINGS INTL","AIRPORT","33.82966972","-116.50669416","PALM SPRINGS","CA","US","PALM SPRINGS","SOCAL","126.7","",";WWRRD DP","","2","Added",""
"2025/01/23","SCT","SOUTHERN CALIFORNIA TRACON","TRACON","","","","PSP","PALM SPRINGS INTL","AIRPORT","33.82966972","-116.50669416","PALM SPRINGS","CA","US","PALM SPRINGS","SOCAL","126.7","","JEEON DP","","2","Added",""
"2025/01/23","SCT","SOUTHERN CALIFORNIA TRACON","TRACON","","","","PSP","PALM SPRINGS INTL","AIRPORT","33.82966972","-116.50669416","PALM SPRINGS","CA","US","PALM SPRINGS","SOCAL","126.7","","RDBUL STAR","","2","Added",""
"2025/01/23","SCT","SOUTHERN CALIFORNIA TRACON","TRACON","","","","PSP","PALM SPRINGS INTL","AIRPORT","33.82966972","-116.50669416","PALM SPRINGS","CA","US","PALM SPRINGS","SOCAL","370.95","","JEEON DP","","2","Added",""
"2025/01/23","SCT","SOUTHERN CALIFORNIA TRACON","TRACON","","","","PSP","PALM SPRINGS INTL","AIRPORT","33.82966972","-116.50669416","PALM SPRINGS","CA","US","PALM SPRINGS","SOCAL","370.95","","RDBUL STAR","","2","Added",""
"2025/01/23","SCT","SOUTHERN CALIFORNIA TRACON","TRACON","","","","PSP","PALM SPRINGS INTL","AIRPORT","33.82966972","-116.50669416","PALM SPRINGS","CA","US","PALM SPRINGS","SOCAL","370.95","","WWRRD DP","","2","Added",""
"2025/01/23","SCT","SOUTHERN CALIFORNIA TRACON","TRACON","","","","PSP","PALM SPRINGS INTL","AIRPORT","33.82966972","-116.50669416","PALM SPRINGS","CA","US","PALM SPRINGS","SOCAL","370.95","","YUUCA DP","","2","Added",""
"2025/01/23","SCT","SOUTHERN CALIFORNIA TRACON","TRACON","","","","SCT","SOUTHERN CALIFORNIA TRACON","TRACON","","","SAN DIEGO","CA","US","","SOCAL","126.7","","YUCCA DP","","2","Added",""
"2025/01/23","TRR","","ASOS_AWOS","","","","TRR","","AWOS-3PT","27.07933333","-92.23055555","WALKER RIDGE BLK 551","LA","US","","","118.0","","TRR AWOS-3PT","","2","Added",""
"2025/01/23","UKN","WAUKON","NAVAID","","","","UKN","WAUKON","DME","43.28008547","-91.53736183","WAUKON","IA","US","","","115.85/105Y","","UKN DME","","2","Added",""
"2025/01/23","VES","","ASOS_AWOS","","","","VES","","AWOS-3PT","40.20557988","-84.53455508","VERSAILLES","OH","US","","","125.9","","VES AWOS-3PT","","2","Added",""
