"EFF_DATE","FSS_ID","NAME","UPDATE_DATE","FSS_FAC_TYPE","VOICE_CALL","CITY","STATE_CODE","COUNTRY_CODE","LAT_DEG","LAT_MIN","LAT_SEC","LAT_HEMIS","LAT_DECIMAL","LONG_DEG","LONG_MIN","LONG_SEC","LONG_HEMIS","LONG_DECIMAL","OPR_HOURS","FAC_STATUS","ALTERNATE_FSS","WEA_RADAR_FLAG","PHONE_NO","TOLL_FREE_NO","File","Action","Mods"
"2024/12/26","ABQ","ALBUQUERQUE","2024/03/25","RADIO","ALBUQUERQUE","ALBUQUERQUE","NM","US","","","","","","","","","","","24","A","","N","","1-800-WX-BRIEF","1","Modified","UPDATE_DATE LAT_DEG LAT_MIN LAT_SEC LAT_HEMIS LAT_DECIMAL LONG_DEG LONG_MIN LONG_SEC LONG_HEMIS LONG_DECIMAL"
"2025/01/23","ABQ","ALBUQUERQUE","2024/11/27","RADIO","ALBUQUERQUE","ALBUQUERQUE","NM","US","35","2","20.1536","N","35.03893155","106","36","29.7438","W","-106.60826216","24","A","","N","","1-800-WX-BRIEF","2","Modified","UPDATE_DATE LAT_DEG LAT_MIN LAT_SEC LAT_HEMIS LAT_DECIMAL LONG_DEG LONG_MIN LONG_SEC LONG_HEMIS LONG_DECIMAL"
"2024/12/26","BRW","BARROW","2024/11/14","FSS","BARROW","UTQIAGVIK","AK","US","71","17","5.5","N","71.28486111","156","46","6.9","W","-156.76858333","0600-2200; OT CTC FAIRBANKS FSS.","A","FAI","N","907-852-2511","LC852-2511","1","Modified","UPDATE_DATE"
"2025/01/23","BRW","BARROW","2024/11/26","FSS","BARROW","UTQIAGVIK","AK","US","71","17","5.5","N","71.28486111","156","46","6.9","W","-156.76858333","0600-2200; OT CTC FAIRBANKS FSS.","A","FAI","N","907-852-2511","LC852-2511","2","Modified","UPDATE_DATE"
"2024/12/26","DEN","DENVER","2023/04/17","RADIO","DENVER","DENVER","CO","US","","","","","","","","","","","24","A","","N","","1-800-WX-BRIEF","1","Modified","UPDATE_DATE LAT_DEG LAT_MIN LAT_SEC LAT_HEMIS LAT_DECIMAL LONG_DEG LONG_MIN LONG_SEC LONG_HEMIS LONG_DECIMAL"
"2025/01/23","DEN","DENVER","2024/11/27","RADIO","DENVER","DENVER","CO","US","39","51","42","N","39.86166666","104","40","23.4","W","-104.67316666","24","A","","N","","1-800-WX-BRIEF","2","Modified","UPDATE_DATE LAT_DEG LAT_MIN LAT_SEC LAT_HEMIS LAT_DECIMAL LONG_DEG LONG_MIN LONG_SEC LONG_HEMIS LONG_DECIMAL"
"2024/12/26","DLG","DILLINGHAM","2024/11/14","FSS","DILLINGHAM","DILLINGHAM","AK","US","59","2","40.8","N","59.04466666","158","30","19.8","W","-158.5055","0745-2145; OT CTC KENAI FSS.","A","ENA","N","907-842-5275","LC842-5275","1","Modified","UPDATE_DATE"
"2025/01/23","DLG","DILLINGHAM","2024/11/26","FSS","DILLINGHAM","DILLINGHAM","AK","US","59","2","40.8","N","59.04466666","158","30","19.8","W","-158.5055","0745-2145; OT CTC KENAI FSS.","A","ENA","N","907-842-5275","LC842-5275","2","Modified","UPDATE_DATE"
"2024/12/26","HOM","HOMER","2024/11/14","FSS","HOMER","HOMER","AK","US","59","38","43.975","N","59.64554861","151","28","35.741","W","-151.47659472","0600-2130; OT CTC KENAI FSS.","A","ENA","N","907-235-8588","LC235-8588","1","Modified","UPDATE_DATE"
"2025/01/23","HOM","HOMER","2024/11/26","FSS","HOMER","HOMER","AK","US","59","38","43.975","N","59.64554861","151","28","35.741","W","-151.47659472","0600-2130; OT CTC KENAI FSS.","A","ENA","N","907-235-8588","LC235-8588","2","Modified","UPDATE_DATE"
"2024/12/26","ILI","ILIAMNA","2024/11/14","FSS","ILIAMNA","ILIAMNA","AK","US","59","45","20.0812","N","59.75557811","154","55","3.9081","W","-154.91775225","1 JUN - 30 SEPTEMBER, 0545-2145; OT CTC KENAI FSS.","A","ENA","N","907-571-1240","LC571-1240","1","Modified","UPDATE_DATE"
"2025/01/23","ILI","ILIAMNA","2024/11/26","FSS","ILIAMNA","ILIAMNA","AK","US","59","45","20.0812","N","59.75557811","154","55","3.9081","W","-154.91775225","1 JUN - 30 SEPTEMBER, 0545-2145; OT CTC KENAI FSS.","A","ENA","N","907-571-1240","LC571-1240","2","Modified","UPDATE_DATE"
"2024/12/26","KTN","KETCHIKAN","2024/11/14","FSS","KETCHIKAN","KETCHIKAN","AK","US","55","21","14.7","N","55.35408333","131","42","40.4","W","-131.71122222","0615-2115; OT CTC JUNEAU FSS","A","JNU","N","907-225-9481","LC225-9481","1","Modified","UPDATE_DATE"
"2025/01/23","KTN","KETCHIKAN","2024/11/26","FSS","KETCHIKAN","KETCHIKAN","AK","US","55","21","14.7","N","55.35408333","131","42","40.4","W","-131.71122222","0615-2115; OT CTC JUNEAU FSS","A","JNU","N","907-225-9481","LC225-9481","2","Modified","UPDATE_DATE"
"2024/12/26","MCN","MACON","2024/09/19","RADIO","MACON","MACON","GA","US","","","","","","","","","","","24","A","","N","","1-800-WX-BRIEF","1","Modified","UPDATE_DATE LAT_DEG LAT_MIN LAT_SEC LAT_HEMIS LAT_DECIMAL LONG_DEG LONG_MIN LONG_SEC LONG_HEMIS LONG_DECIMAL"
"2025/01/23","MCN","MACON","2024/11/27","RADIO","MACON","MACON","GA","US","32","41","34.2","N","32.69283333","83","38","57.2","W","-83.64922222","24","A","","N","","1-800-WX-BRIEF","2","Modified","UPDATE_DATE LAT_DEG LAT_MIN LAT_SEC LAT_HEMIS LAT_DECIMAL LONG_DEG LONG_MIN LONG_SEC LONG_HEMIS LONG_DECIMAL"
"2024/12/26","OAK","OAKLAND","2023/09/07","RADIO","OAKLAND","OAKLAND","CA","US","","","","","","","","","","","24","A","","N","","1-800-WX-BRIEF","1","Modified","UPDATE_DATE LAT_DEG LAT_MIN LAT_SEC LAT_HEMIS LAT_DECIMAL LONG_DEG LONG_MIN LONG_SEC LONG_HEMIS LONG_DECIMAL"
"2025/01/23","OAK","OAKLAND","2024/11/27","RADIO","OAKLAND","OAKLAND","CA","US","37","43","16.541","N","37.72126138","122","13","16.142","W","-122.22115055","24","A","","N","","1-800-WX-BRIEF","2","Modified","UPDATE_DATE LAT_DEG LAT_MIN LAT_SEC LAT_HEMIS LAT_DECIMAL LONG_DEG LONG_MIN LONG_SEC LONG_HEMIS LONG_DECIMAL"
"2024/12/26","OME","NOME","2024/11/14","FSS","NOME","NOME","AK","US","64","30","45.198","N","64.512555","165","26","39.818","W","-165.44439388","0715-2245; OT CTC FAIRBANKS FSS.","A","FAI","N","LC 443-2291","1-800-478-8400","1","Modified","UPDATE_DATE"
"2025/01/23","OME","NOME","2024/11/26","FSS","NOME","NOME","AK","US","64","30","45.198","N","64.512555","165","26","39.818","W","-165.44439388","0715-2245; OT CTC FAIRBANKS FSS.","A","FAI","N","LC 443-2291","1-800-478-8400","2","Modified","UPDATE_DATE"
"2024/12/26","OTZ","KOTZEBUE","2024/11/14","FSS","KOTZEBUE","KOTZEBUE","AK","US","66","53","5.3","N","66.88480555","162","35","53.3","W","-162.59813888","0700-0000; OT CTC FAIRBANKS FSS.","A","FAI","N","907-442-3310","1-800-478-7460","1","Modified","UPDATE_DATE"
"2025/01/23","OTZ","KOTZEBUE","2024/11/26","FSS","KOTZEBUE","KOTZEBUE","AK","US","66","53","5.3","N","66.88480555","162","35","53.3","W","-162.59813888","0700-0000; OT CTC FAIRBANKS FSS.","A","FAI","N","907-442-3310","1-800-478-7460","2","Modified","UPDATE_DATE"
"2024/12/26","PAQ","PALMER","2024/11/14","FSS","PALMER","PALMER","AK","US","61","35","41.7","N","61.59491666","149","5","19.4","W","-149.08872222","0800-1800; OT CTC KENAI FSS.","A","ENA","N","907-745-2495","LC745-2495","1","Modified","UPDATE_DATE"
"2025/01/23","PAQ","PALMER","2024/11/26","FSS","PALMER","PALMER","AK","US","61","35","41.7","N","61.59491666","149","5","19.4","W","-149.08872222","0800-1800; OT CTC KENAI FSS.","A","ENA","N","907-745-2495","LC745-2495","2","Modified","UPDATE_DATE"
"2024/12/26","SAN","SAN DIEGO","2023/04/18","RADIO","SAN DIEGO","SAN DIEGO","CA","US","","","","","","","","","","","24","A","","N","","1-800-WX-BRIEF","1","Modified","UPDATE_DATE LAT_DEG LAT_MIN LAT_SEC LAT_HEMIS LAT_DECIMAL LONG_DEG LONG_MIN LONG_SEC LONG_HEMIS LONG_DECIMAL"
"2025/01/23","SAN","SAN DIEGO","2024/11/27","RADIO","SAN DIEGO","SAN DIEGO","CA","US","32","44","0.826","N","32.73356277","117","11","22.788","W","-117.18966333","24","A","","N","","1-800-WX-BRIEF","2","Modified","UPDATE_DATE LAT_DEG LAT_MIN LAT_SEC LAT_HEMIS LAT_DECIMAL LONG_DEG LONG_MIN LONG_SEC LONG_HEMIS LONG_DECIMAL"
"2024/12/26","SIT","SITKA","2024/11/14","FSS","SITKA","SITKA","AK","US","57","2","48.6037","N","57.04683436","135","21","39.8473","W","-135.36106869","0600-2145 OT CTC JUNEAU FSS","A","JNU","N","907-966-2221","1-800-478-6300","1","Modified","UPDATE_DATE"
"2025/01/23","SIT","SITKA","2024/11/26","FSS","SITKA","SITKA","AK","US","57","2","48.6037","N","57.04683436","135","21","39.8473","W","-135.36106869","0600-2145 OT CTC JUNEAU FSS","A","JNU","N","907-966-2221","1-800-478-6300","2","Modified","UPDATE_DATE"
"2024/12/26","TKA","TALKEETNA","2024/11/14","FSS","TALKEETNA","TALKEETNA","AK","US","62","19","16.939","N","62.32137194","150","5","33.786","W","-150.09271833","15 SEP-14 APR 0800-1745;15 APR-14 SEP 0800-2000; OT CTC KENAI FSS","A","ENA","N","907-733-2277","1-800-478-7150","1","Modified","UPDATE_DATE"
"2025/01/23","TKA","TALKEETNA","2024/11/26","FSS","TALKEETNA","TALKEETNA","AK","US","62","19","16.939","N","62.32137194","150","5","33.786","W","-150.09271833","15 SEP-14 APR 0800-1745;15 APR-14 SEP 0800-2000; OT CTC KENAI FSS","A","ENA","N","907-733-2277","1-800-478-7150","2","Modified","UPDATE_DATE"
