"EFF_DATE","HP_NAME","HP_NO","STATE_CODE","COUNTRY_CODE","FIX_ID","ICAO_REGION_CODE","NAV_ID","NAV_TYPE","HOLD_DIRECTION","HOLD_DEG_OR_CRS","AZIMUTH","COURSE_INBOUND_DEG","TURN_DIRECTION","LEG_LENGTH_DIST","File","Action","Mods"
"2024/12/26","AKACO WP*ME*K6","1","ME","US","AKACO","K6","","","SE","147","RNAV","327","R","4","2","Deleted",""
"2024/12/26","JABAG WP*ME*K6","1","ME","US","JABAG","K6","","","SE","126","RNAV","306","R","4","2","Deleted",""
"2024/12/26","OGABE WP*ME*K6","1","ME","US","OGABE","K6","","","SE","135","RNAV","315","R","4","2","Deleted",""
"2024/12/26","TOBKE WP*ME*K6","1","ME","US","TOBKE","K6","","","NE","25","RNAV","205","R","4","2","Deleted",""
"2024/12/26","WEXOR INT*MI*K5","1","MI","US","WEXOR","K5","MAY","LD","W","250","BRG","70","R","","2","Deleted",""
"2025/01/23","BANST WP*ME*K6","1","ME","US","BANST","K6","","","E","90","RNAV","270","R","4","2","Added",""
"2025/01/23","CEDAP WP*ME*K6","1","ME","US","CEDAP","K6","","","N","358","RNAV","178","L","4","2","Added",""
"2025/01/23","ELYME WP*NC*K7","1","NC","US","ELYME","K7","","","W","267","RNAV","87","R","4","2","Added",""
"2025/01/23","HSONG WP*ME*K6","1","ME","US","HSONG","K6","","","N","18","RNAV","198","R","4","2","Added",""
"2025/01/23","JURLI WP*ME*K6","1","ME","US","JURLI","K6","","","N","13","RNAV","193","R","4","2","Added",""
"2025/01/23","MORRK WP*ME*K6","1","ME","US","MORRK","K6","","","NW","303","RNAV","123","R","4","2","Added",""
"2025/01/23","WEXOR LOM*MI","1","MI","US","","","MA","LO","W","250","BRG","70","R","","2","Added",""
