"EFF_DATE","HP_NAME","HP_NO","STATE_CODE","COUNTRY_CODE","CHARTING_TYPE_DESC","File","Action","Mods"
"2024/12/26","AKACO WP*ME*K6","1","ME","US","SPECIAL IAP","2","Deleted",""
"2024/12/26","GRAND JUNCTION VOR/DME*CO","1","CO","US","ENROUTE HIGH","2","Deleted",""
"2024/12/26","HUVIR WP*ME*K6","1","ME","US","SPECIAL IAP","2","Deleted",""
"2024/12/26","JABAG WP*ME*K6","1","ME","US","NOT REQUIRED","2","Deleted",""
"2024/12/26","OGABE WP*ME*K6","1","ME","US","SPECIAL IAP","2","Deleted",""
"2024/12/26","OUTLA WP*VA*K6","1","VA","US","SPECIAL IAP","2","Deleted",""
"2024/12/26","TOBKE WP*ME*K6","1","ME","US","SPECIAL IAP","2","Deleted",""
"2024/12/26","WEXOR INT*MI*K5","1","MI","US","IAP","2","Deleted",""
"2025/01/23","BANST WP*ME*K6","1","ME","US","SPECIAL IAP","2","Added",""
"2025/01/23","CEDAP WP*ME*K6","1","ME","US","SPECIAL IAP","2","Added",""
"2025/01/23","ELYME WP*NC*K7","1","NC","US","SPECIAL IAP","2","Added",""
"2025/01/23","HSONG WP*ME*K6","1","ME","US","SPECIAL IAP","2","Added",""
"2025/01/23","JURLI WP*ME*K6","1","ME","US","SPECIAL IAP","2","Added",""
"2025/01/23","LOMMA WP*CO*K2","2","CO","US","SPECIAL IAP","2","Added",""
"2025/01/23","MORRK WP*ME*K6","1","ME","US","SPECIAL IAP","2","Added",""
"2025/01/23","WEXOR LOM*MI","1","MI","US","IAP","2","Added",""
