"EFF_DATE","SITE_NO","SITE_TYPE_CODE","STATE_CODE","ARPT_ID","CITY","COUNTRY_CODE","RWY_END_ID","ILS_LOC_ID","SYSTEM_TYPE_CODE","STATE_NAME","REGION_CODE","RWY_LEN","RWY_WIDTH","CATEGORY","OWNER","OPERATOR","APCH_BEAR","MAG_VAR","MAG_VAR_HEMIS","COMPONENT_STATUS","COMPONENT_STATUS_DATE","LAT_DEG","LAT_MIN","LAT_SEC","LAT_HEMIS","LAT_DECIMAL","LONG_DEG","LONG_MIN","LONG_SEC","LONG_HEMIS","LONG_DECIMAL","LAT_LONG_SOURCE_CODE","SITE_ELEVATION","LOC_FREQ","BK_COURSE_STATUS_CODE","File","Action","Mods"
"2024/12/26","00818.","A","AZ","RYN","TUCSON","US","06R","IVI","LD","ARIZONA","AWP","5500","75","I","F-FEDERAL AVIATION ADMIN","F-FEDERAL AVIATION ADMIN","58","12","E","OPERATIONAL IFR","1981/11/26","32","8","47.8858","N","32.14663494","111","9","28.8419","W","-111.15801163","T","2402.8","111.1","","1","Modified","SYSTEM_TYPE_CODE"
"2025/01/23","00818.","A","AZ","RYN","TUCSON","US","06R","IVI","LS","ARIZONA","AWP","5500","75","I","F-FEDERAL AVIATION ADMIN","F-FEDERAL AVIATION ADMIN","58","12","E","OPERATIONAL IFR","1981/11/26","32","8","47.8858","N","32.14663494","111","9","28.8419","W","-111.15801163","T","2402.8","111.1","","2","Modified","SYSTEM_TYPE_CODE"
"2024/12/26","02220.","A","CA","NSI","SAN NICOLAS ISLAND","US","30","NSI","LG","CALIFORNIA","AWP","10002","200","I","N-U.S. NAVY","N-U.S. NAVY","300.6","12","E","OPERATIONAL IFR","2003/09/25","33","14","57.08","N","33.24918888","119","28","13.36","W","-119.47037777","N","485.3","109.7","U","1","Modified","LAT_SEC LAT_DECIMAL LONG_SEC LONG_DECIMAL SITE_ELEVATION"
"2025/01/23","02220.","A","CA","NSI","SAN NICOLAS ISLAND","US","30","NSI","LG","CALIFORNIA","AWP","10002","200","I","N-U.S. NAVY","N-U.S. NAVY","300.6","12","E","OPERATIONAL IFR","2003/09/25","33","14","57.0775","N","33.24918819","119","28","13.362","W","-119.47037833","N","485.2","109.7","U","2","Modified","LAT_SEC LAT_DECIMAL LONG_SEC LONG_DECIMAL SITE_ELEVATION"
"2024/12/26","24166.","A","TX","NQI","KINGSVILLE","US","13R","NQI","LD","TEXAS","ASW","8000","198","I","N-U.S. NAVY","N-U.S. NAVY","130.37","4","E","OPERATIONAL IFR","2003/09/17","27","29","42.8619","N","27.49523941","97","47","48.7425","W","-97.79687291","N","36.9","110.9","","1","Modified","LAT_SEC LAT_DECIMAL LONG_SEC LONG_DECIMAL SITE_ELEVATION"
"2025/01/23","24166.","A","TX","NQI","KINGSVILLE","US","13R","NQI","LD","TEXAS","ASW","8000","198","I","N-U.S. NAVY","N-U.S. NAVY","130.37","4","E","OPERATIONAL IFR","2003/09/17","27","29","42.8616","N","27.49523933","97","47","48.7419","W","-97.79687275","N","49.5","110.9","","2","Modified","LAT_SEC LAT_DECIMAL LONG_SEC LONG_DECIMAL SITE_ELEVATION"
