"EFF_DATE","SITE_NO","SITE_TYPE_CODE","STATE_CODE","ARPT_ID","CITY","COUNTRY_CODE","RWY_END_ID","ILS_LOC_ID","SYSTEM_TYPE_CODE","TAB_NAME","ILS_COMP_TYPE_CODE","REF_COL_NAME","REF_COL_SEQ_NO","REMARK","File","Action","Mods"
"2024/12/26","00818.","A","AZ","RYN","TUCSON","US","06R","IVI","LD","ILS","","GENERAL_REMARK","1","ILS CLASSIFICATION CODE IT.","1","Modified","SYSTEM_TYPE_CODE"
"2025/01/23","00818.","A","AZ","RYN","TUCSON","US","06R","IVI","LS","ILS","","GENERAL_REMARK","1","ILS CLASSIFICATION CODE IT.","2","Modified","SYSTEM_TYPE_CODE"
"2024/12/26","02251.","A","CA","SMX","SANTA MARIA","US","12","SMX","LD","ILS","","GENERAL_REMARK","6","LOC FRONT CRS UNUSBL BYD 25 DEG RIGHT OF CRS.","1","Modified","REMARK"
"2025/01/23","02251.","A","CA","SMX","SANTA MARIA","US","12","SMX","LD","ILS","","GENERAL_REMARK","6","LOC FRONT CRS UNUSBL BYD 25 DEGS LEFT AND 25 DEGS RIGHT OF CRS.","2","Modified","REMARK"
"2024/12/26","03616.","A","GA","ABY","ALBANY","US","05","ABY","LD","ILS","","GENERAL_REMARK","2","LOC UNUSBL 24 DEG L & R OF CRS.","1","Modified","REMARK"
"2025/01/23","03616.","A","GA","ABY","ALBANY","US","05","ABY","LD","ILS","","GENERAL_REMARK","2","LOC UNUSBL BYD 24 DEG L & R OF CRS.","2","Modified","REMARK"
"2025/01/23","51525.","A","AS","PPG","PAGO PAGO","US","05","TUT","LD","ILS","","GENERAL_REMARK","1","GS UNUSBL BYD 8 NM ALL ALTS.","2","Added",""
