"EFF_DATE","SITE_NO","SITE_TYPE_CODE","STATE_CODE","ARPT_ID","CITY","COUNTRY_CODE","RWY_END_ID","ILS_LOC_ID","SYSTEM_TYPE_CODE","COMPONENT_STATUS","COMPONENT_STATUS_DATE","LAT_DEG","LAT_MIN","LAT_SEC","LAT_HEMIS","LAT_DECIMAL","LONG_DEG","LONG_MIN","LONG_SEC","LONG_HEMIS","LONG_DECIMAL","LAT_LONG_SOURCE_CODE","SITE_ELEVATION","G_S_TYPE_CODE","G_S_ANGLE","G_S_FREQ","File","Action","Mods"
"2024/12/26","00818.","A","AZ","RYN","TUCSON","US","06R","IVI","LD","OPERATIONAL IFR","1980/10/30","32","8","30.1231","N","32.14170086","111","10","36.6252","W","-111.17684033","T","2397.7","GS","3","331.7","1","Modified","SYSTEM_TYPE_CODE"
"2025/01/23","00818.","A","AZ","RYN","TUCSON","US","06R","IVI","LS","OPERATIONAL IFR","1980/10/30","32","8","30.1231","N","32.14170086","111","10","36.6252","W","-111.17684033","T","2397.7","GS","3","331.7","2","Modified","SYSTEM_TYPE_CODE"
"2024/12/26","02220.","A","CA","NSI","SAN NICOLAS ISLAND","US","30","NSI","LG","OPERATIONAL IFR","2003/09/25","33","13","58.38","N","33.23288333","119","26","52.78","W","-119.44799444","N","498.1","GS","3","333.2","1","Modified","LAT_SEC LAT_DECIMAL LONG_SEC LONG_DECIMAL SITE_ELEVATION"
"2025/01/23","02220.","A","CA","NSI","SAN NICOLAS ISLAND","US","30","NSI","LG","OPERATIONAL IFR","2003/09/25","33","13","58.377","N","33.2328825","119","26","52.7793","W","-119.44799425","N","498.2","GS","3","333.2","2","Modified","LAT_SEC LAT_DECIMAL LONG_SEC LONG_DECIMAL SITE_ELEVATION"
"2024/12/26","24166.","A","TX","NQI","KINGSVILLE","US","13R","NQI","LD","OPERATIONAL IFR","2022/04/21","27","30","41.0164","N","27.51139344","97","48","50.0163","W","-97.81389341","N","46.6","GS","3","330.8","1","Modified","LAT_SEC LAT_DECIMAL LONG_SEC LONG_DECIMAL SITE_ELEVATION"
"2025/01/23","24166.","A","TX","NQI","KINGSVILLE","US","13R","NQI","LD","OPERATIONAL IFR","2022/04/21","27","30","41.0161","N","27.51139336","97","48","50.0145","W","-97.81389291","N","49.5","GS","3","330.8","2","Modified","LAT_SEC LAT_DECIMAL LONG_SEC LONG_DECIMAL SITE_ELEVATION"
