"EFF_DATE","COUNTRY_CODE","LOC_ID","REGION_CODE","STATE","CITY","LID_GROUP","FAC_TYPE","FAC_NAME","RESP_ARTCC_ID","ARTCC_COMPUTER_ID","FSS_ID","File","Action","Mods"
"2024/12/26","US","02VA","AEA","VA","CULPEPER","LANDING FACILITY","A","THE GREENHOUSE","ZDC","ZCW","DCA","2","Deleted",""
"2024/12/26","US","12XS","ASW","AR","BUTLERVILLE","LANDING FACILITY","A","MC CROSKEY FLD","ZME","ZCM","JBR","2","Deleted",""
"2024/12/26","US","1A5","ASO","NC","FRANKLIN","WEATHER SENSOR","AWOS-3","","","","","2","Deleted",""
"2024/12/26","US","1ID4","ANM","ID","BOISE","LANDING FACILITY","A","RED BARON AIRPARK","ZLC","ZCU","BOI","1","Modified","FAC_NAME"
"2025/01/23","US","1ID4","ANM","ID","BOISE","LANDING FACILITY","A","OASIS AIRPARK","ZLC","ZCU","BOI","2","Modified","FAC_NAME"
"2024/12/26","US","1IS4","AGL","IL","LANARK","LANDING FACILITY","A","SWAN VALLEY FARM","ZAU","ZCG","IKK","2","Deleted",""
"2024/12/26","US","1IS7","AGL","IL","ROCKFORD","LANDING FACILITY","H","INGERSOLL","ZAU","ZCG","IKK","2","Deleted",""
"2024/12/26","US","2KY3","ASO","KY","BOWLING GREEN","LANDING FACILITY","A","PLANE-O-FIELD","ZME","ZCM","LOU","2","Deleted",""
"2024/12/26","US","2LL9","AGL","IL","SOMONAUK","LANDING FACILITY","A","GEORGE","ZAU","ZCG","IKK","2","Deleted",""
"2024/12/26","US","2PS8","AEA","PA","SUNBURY","LANDING FACILITY","H","UPMC SUSQUEHANNA SUNBURY","ZNY","ZCN","IPT","2","Deleted",""
"2024/12/26","US","2VA8","AEA","VA","HOLLAND","LANDING FACILITY","A","BRANDYWYNE FARMS","ZDC","ZCW","DCA","2","Deleted",""
"2024/12/26","US","3M9","ASW","AR","WARREN","LANDING FACILITY","A","WARREN MUNI","ZME","ZCM","JBR","1","Modified","FAC_NAME"
"2025/01/23","US","3M9","ASW","AR","WARREN","LANDING FACILITY","A","WARREN MUNI/JOHN B FRAZER JR FLD","ZME","ZCM","JBR","2","Modified","FAC_NAME"
"2024/12/26","US","4VA3","AEA","VA","RICHMOND","LANDING FACILITY","A","FLYING W","ZDC","ZCW","DCA","2","Deleted",""
"2024/12/26","US","50AR","ASW","AR","DANVILLE","LANDING FACILITY","H","JOHN ED CHAMBERS MEML HOSPITAL","ZME","ZCM","JBR","1","Modified","FAC_NAME"
"2025/01/23","US","50AR","ASW","AR","DANVILLE","LANDING FACILITY","H","YELL COUNTY EMS","ZME","ZCM","JBR","2","Modified","FAC_NAME"
"2024/12/26","US","5CA6","AWP","CA","DELANO","LANDING FACILITY","H","SAN JOAQUIN HELICOPTERS","ZLA","ZCL","RIU","2","Deleted",""
"2024/12/26","US","67FD","ASO","FL","FORT MYERS","LANDING FACILITY","H","GULF COAST HOSPITAL","ZMA","ZCR","MIA","1","Modified","FAC_NAME"
"2025/01/23","US","67FD","ASO","FL","FORT MYERS","LANDING FACILITY","H","GULF COAST MEDICAL CENTER","ZMA","ZCR","MIA","2","Modified","FAC_NAME"
"2024/12/26","US","69FL","ASO","FL","MARIANNA","LANDING FACILITY","H","GRIFFIN","ZJX","ZCJ","GNV","2","Deleted",""
"2024/12/26","US","6IL0","AGL","IL","PEORIA","LANDING FACILITY","A","HOERR RLA","ZKC","ZCK","IKK","2","Deleted",""
"2024/12/26","US","70IL","AGL","IL","FARMERSVILLE","LANDING FACILITY","A","MURPHY FARMS","ZKC","ZCK","STL","2","Deleted",""
"2024/12/26","US","70OH","AGL","OH","WARREN","LANDING FACILITY","H","TRUMBULL MEML HOSPITAL","ZOB","ZCC","CLE","1","Modified","FAC_NAME"
"2025/01/23","US","70OH","AGL","OH","WARREN","LANDING FACILITY","H","INSIGHT HOSPITAL & MEDICAL CENTER TRUMBULL","ZOB","ZCC","CLE","2","Modified","FAC_NAME"
"2024/12/26","US","89IL","AGL","IL","PESOTUM","LANDING FACILITY","A","DEAN SCHWENK","ZAU","ZCG","STL","2","Deleted",""
"2024/12/26","US","8IL7","AGL","IL","MC HENRY","LANDING FACILITY","C","DUTCH CREEK","ZAU","ZCG","IKK","2","Deleted",""
"2024/12/26","US","8OH0","AGL","OH","ASHTABULA","LANDING FACILITY","H","ASHTABULA COUNTY MEDICAL CENTER","ZOB","ZCC","CLE","1","Modified","FAC_NAME"
"2025/01/23","US","8OH0","AGL","OH","ASHTABULA","LANDING FACILITY","H","ASHTABULA RGNL MEDICAL CENTER","ZOB","ZCC","CLE","2","Modified","FAC_NAME"
"2024/12/26","US","94MD","AEA","MD","CENTREVILLE","LANDING FACILITY","A","CONQUEST FIELD","ZDC","ZCW","DCA","1","Modified","FAC_NAME"
"2025/01/23","US","94MD","AEA","MD","CENTREVILLE","LANDING FACILITY","A","CONQUEST FLD","ZDC","ZCW","DCA","2","Modified","FAC_NAME"
"2024/12/26","US","ANR","ASW","LA","GREEN CANYON BLK 763","SPECIAL USE RESOURCE","WEATHER STATION","GREEN CANYON BLK 763 AWOS-3","","","","1","Modified","FAC_NAME"
"2025/01/23","US","ANR","ASW","LA","GREEN CANYON BLK 763","SPECIAL USE RESOURCE","WEATHER STATION","GREEN CANYON BLK 763 AWOS-3P","","","","2","Modified","FAC_NAME"
"2024/12/26","US","BNL","ASO","SC","BARNWELL","WEATHER SENSOR","AWOS-3","","","","","2","Deleted",""
"2024/12/26","US","BYY","ASW","TX","BAY CITY","WEATHER SENSOR","AWOS-3","","","","","2","Deleted",""
"2024/12/26","US","CD22","ANM","CO","THORNTON","LANDING FACILITY","H","NORTH SUBURBAN MEDICAL CENTER","ZDV","ZCD","DEN","1","Modified","FAC_NAME"
"2025/01/23","US","CD22","ANM","CO","THORNTON","LANDING FACILITY","H","HCA HEALTHONE MOUNTAIN RIDGE","ZDV","ZCD","DEN","2","Modified","FAC_NAME"
"2024/12/26","US","CL71","AWP","CA","LOS ANGELES","LANDING FACILITY","H","HUGHES/CORPORATE","ZLA","ZCL","HHR","2","Deleted",""
"2024/12/26","US","EOP","AGL","OH","WAVERLY","WEATHER REPORTING STATION","WXL","","","","","2","Deleted",""
"2024/12/26","US","FD67","ASO","FL","FORT MYERS","LANDING FACILITY","H","LEE MEML HOSPITAL EMERGENCY","ZMA","ZCR","MIA","1","Modified","FAC_NAME"
"2025/01/23","US","FD67","ASO","FL","FORT MYERS","LANDING FACILITY","H","LEE HEALTH SYSTEM, INC.","ZMA","ZCR","MIA","2","Modified","FAC_NAME"
"2024/12/26","US","IS02","AGL","IL","WATSEKA","LANDING FACILITY","A","DIETCHWEILER","ZAU","ZCG","IKK","2","Deleted",""
"2024/12/26","US","IS74","AGL","IL","MONTGOMERY","LANDING FACILITY","H","CATERPILLAR AURORA","ZAU","ZCG","IKK","2","Deleted",""
"2024/12/26","US","IVI","AWP","AZ","TUCSON","INSTRUMENT LANDING SYSTEM","LD","RYAN FLD(RYN) ILS RWY 06R","ZAB","ZCA","","2","Deleted",""
"2024/12/26","US","LL09","AGL","IL","MUNDELEIN","LANDING FACILITY","A","AIR ESTATES INC","ZAU","ZCG","IKK","2","Deleted",""
"2024/12/26","US","LL24","AGL","IL","MANTENO","LANDING FACILITY","A","SUNSET ACRES","ZAU","ZCG","IKK","2","Deleted",""
"2024/12/26","US","LXT","ACE","MO","LEE'S SUMMIT","LANDING FACILITY","A","LEE'S SUMMIT MUNI","ZKC","ZCK","COU","1","Modified","FAC_NAME"
"2025/01/23","US","LXT","ACE","MO","LEE'S SUMMIT","LANDING FACILITY","A","KANSAS CITY/LEE'S SUMMIT RGNL","ZKC","ZCK","COU","2","Modified","FAC_NAME"
"2024/12/26","US","MN56","AGL","MN","ROCHESTER","LANDING FACILITY","H","CHARLTON BUILDING","ZMP","ZCP","PNM","1","Modified","FAC_NAME"
"2025/01/23","US","MN56","AGL","MN","ROCHESTER","LANDING FACILITY","H","METHODIST/CHARLTON BUILDING","ZMP","ZCP","PNM","2","Modified","FAC_NAME"
"2024/12/26","US","NH43","ANE","NH","NOTTINGHAM","LANDING FACILITY","A","MURPHY-SHERWOOD PARK","ZBW","ZCB","BGR","2","Deleted",""
"2024/12/26","US","NR10","ASO","NC","PINK HILL","LANDING FACILITY","A","PINK HILL","ZDC","ZCW","RDU","2","Deleted",""
"2024/12/26","US","OK50","ASW","OK","BEGGS","LANDING FACILITY","A","FLYING H RANCH","ZKC","ZCK","MLC","1","Modified","FAC_NAME"
"2025/01/23","US","OK50","ASW","OK","BEGGS","LANDING FACILITY","A","FLYSOONER FLD","ZKC","ZCK","MLC","2","Modified","FAC_NAME"
"2024/12/26","US","PRZ","ASW","NM","PORTALES","WEATHER REPORTING STATION","WXL","","","","","2","Deleted",""
"2024/12/26","US","VA66","AEA","VA","CATLETT","LANDING FACILITY","A","BREEDEN","ZDC","ZCW","DCA","2","Deleted",""
"2024/12/26","US","VES","AGL","OH","VERSAILLES","WEATHER SENSOR","AWOS-3T","","","","","2","Deleted",""
"2024/12/26","US","VG33","AEA","VA","CAPE CHARLES","LANDING FACILITY","A","BULL FARM","ZDC","ZCW","DCA","2","Deleted",""
"2024/12/26","US","VT16","ANE","VT","RUTLAND","LANDING FACILITY","H","VELCO","ZBW","ZCB","BTV","2","Deleted",""
"2025/01/23","US","02RI","ANE","RI","NEWPORT","LANDING FACILITY","H","MIRAMAR RESIDENCE","ZBW","ZCB","BDR","2","Added",""
"2025/01/23","US","16VG","AEA","VA","CAPE CHARLES","LANDING FACILITY","C","COASTAL SEAPLANES CAPE CHARLES","ZDC","ZCW","DCA","2","Added",""
"2025/01/23","US","1A5","ASO","NC","FRANKLIN","WEATHER SENSOR","AWOS-3P","","","","","2","Added",""
"2025/01/23","US","1WA","ANM","WA","OROVILLE","LANDING FACILITY","C","SCOTT","ZSE","ZCS","SEA","2","Added",""
"2025/01/23","US","21OR","ANM","OR","HERMISTON","LANDING FACILITY","H","REES AHP","ZSE","ZCS","MMV","2","Added",""
"2025/01/23","US","2MY5","AGL","MN","FARIBAULT","LANDING FACILITY","A","SEVCIK FARMS","ZMP","ZCP","PNM","2","Added",""
"2025/01/23","US","38AZ","AWP","AZ","PRESCOTT","LANDING FACILITY","H","EXCEPTIONAL COMMUNITY HOSPITAL","ZAB","ZCA","PRC","2","Added",""
"2025/01/23","US","38MS","ASO","MS","ISOLA","LANDING FACILITY","A","YELLOW DOG","ZME","ZCM","GWO","2","Added",""
"2025/01/23","US","39TT","ASW","TX","CLEBURNE","LANDING FACILITY","A","SUGAR CREEK FLD","ZFW","ZCF","FTW","2","Added",""
"2025/01/23","US","3K4","ACE","KS","MEADE","LANDING FACILITY","A","BORTH FLD","ZKC","ZCK","ICT","2","Added",""
"2025/01/23","US","40OR","ANM","OR","ASHLAND","LANDING FACILITY","A","MEDELLA BISON RANCH","ZSE","ZCS","MMV","2","Added",""
"2025/01/23","US","44NE","ACE","NE","DAVEY","LANDING FACILITY","H","LAST ENCHANTMENT","ZMP","ZCP","OLU","2","Added",""
"2025/01/23","US","49MY","AGL","MN","FOREST LAKE","LANDING FACILITY","C","DELONG SEAPLANE/SKIPLANE BASE","ZMP","ZCP","PNM","2","Added",""
"2025/01/23","US","51MY","AGL","MN","TOWER","LANDING FACILITY","C","AB SQUARED","ZMP","ZCP","PNM","2","Added",""
"2025/01/23","US","53AZ","AWP","AZ","KINGMAN","LANDING FACILITY","A","OMS UAS TEST RANGE","ZLA","ZCL","PRC","2","Added",""
"2025/01/23","US","58PN","AEA","PA","MUNCY","LANDING FACILITY","H","J WALKER LANDING","ZNY","ZCN","IPT","2","Added",""
"2025/01/23","US","64MN","AGL","MN","HACKENSACK","LANDING FACILITY","C","BABY LAKE","ZMP","ZCP","PNM","2","Added",""
"2025/01/23","US","64TN","ASO","TN","PULASKI","LANDING FACILITY","A","HALLELUJAH FARM","ZTL","ZCT","BNA","2","Added",""
"2025/01/23","US","6AR5","ASW","AR","CARLISLE","LANDING FACILITY","A","TIDWELL FLYING SERVICE","ZME","ZCM","JBR","2","Added",""
"2025/01/23","US","6K4","ASW","OK","FAIRVIEW","WEATHER SENSOR","AWOS-3PT","","","","","2","Added",""
"2025/01/23","US","6K4","ASW","OK","FAIRVIEW","WEATHER REPORTING STATION","WXL","","","","","2","Added",""
"2025/01/23","US","75CO","ANM","CO","NUNN","LANDING FACILITY","A","MRW FARMS AIRFIELD","ZDV","ZCD","DEN","2","Added",""
"2025/01/23","US","79MT","ANM","MT","BAKER","LANDING FACILITY","A","JOHNY CREEK","ZLC","ZCU","GTF","2","Added",""
"2025/01/23","US","7MN0","AGL","MN","AUDUBON","LANDING FACILITY","C","CORMORANT COVE","ZMP","ZCP","PNM","2","Added",""
"2025/01/23","US","7VG4","AEA","VA","GRIMSTEAD","LANDING FACILITY","C","COASTAL SEAPLANES","ZDC","ZCW","DCA","2","Added",""
"2025/01/23","US","85AZ","AWP","AZ","SCOTTSDALE","LANDING FACILITY","H","HONOR HEALTH SCOTTSDALE SHEA MEDICAL CENTER","ZAB","ZCA","PRC","2","Added",""
"2025/01/23","US","8DC8","AEA","DC","WASHINGTON","LANDING FACILITY","H","CONGRESSIONAL","ZDC","ZCW","DCA","2","Added",""
"2025/01/23","US","93AR","ASW","AR","DANVILLE","LANDING FACILITY","H","CHAMBERS MEMORIAL HELIPAD","ZME","ZCM","JBR","2","Added",""
"2025/01/23","US","95SC","ASO","SC","WILLISTON","LANDING FACILITY","A","BUCKEYE FLD","ZJX","ZCJ","AND","2","Added",""
"2025/01/23","US","9OI2","AGL","OH","MENTOR","LANDING FACILITY","H","CLEVELAND CLINIC MENTOR HOSPITAL","ZOB","ZCC","CLE","2","Added",""
"2025/01/23","US","BNL","ASO","SC","BARNWELL","WEATHER SENSOR","AWOS-3PT","","","","","2","Added",""
"2025/01/23","US","BYY","ASW","TX","BAY CITY","WEATHER SENSOR","AWOS-3PT","","","","","2","Added",""
"2025/01/23","US","CD05","ANM","CO","GARDNER","LANDING FACILITY","A","SHKYVIEW","ZDV","ZCD","DEN","2","Added",""
"2025/01/23","US","FA63","ASO","FL","BROOKSVILLE","LANDING FACILITY","A","FOXRAVEN FLD","ZJX","ZCJ","PIE","2","Added",""
"2025/01/23","US","IVI","AWP","AZ","TUCSON","INSTRUMENT LANDING SYSTEM","LS","RYAN FLD(RYN) ILS RWY 06R","ZAB","ZCA","","2","Added",""
"2025/01/23","US","MY88","AGL","MN","RUSHMORE","LANDING FACILITY","A","HENNING/BOLDT","ZMP","ZCP","PNM","2","Added",""
"2025/01/23","US","NR85","ASO","NC","HOLLY SPRINGS","LANDING FACILITY","H","UNC REX HOLLY SPRINGS","ZDC","ZCW","RDU","2","Added",""
"2025/01/23","US","PN47","AEA","PA","SELLERSVILLE","LANDING FACILITY","H","GRAND VIEW HOSPITAL","ZNY","ZCN","IPT","2","Added",""
"2025/01/23","US","PN85","AEA","PA","STATE COLLEGE","LANDING FACILITY","H","LINDEN HALL LANDING","ZNY","ZCN","IPT","2","Added",""
"2025/01/23","US","TA40","ASW","TX","ATLANTA","LANDING FACILITY","H","CHRISTUS ST MICHAEL ATLANTA","ZFW","ZCF","FTW","2","Added",""
"2025/01/23","US","TRR","ASW","LA","WALKER RIDGE BLK 551","WEATHER SENSOR","AWOS-3PT","","","","","2","Added",""
"2025/01/23","US","TRR","ASW","LA","WALKER RIDGE BLK 551","SPECIAL USE RESOURCE","WEATHER STATION","WALKER RIDGE BLK 551 AWOS-3PT","","","","2","Added",""
"2025/01/23","US","TRR","ASW","LA","WALKER RIDGE BLK 551","WEATHER REPORTING STATION","WXL","","","","","2","Added",""
"2025/01/23","US","TX84","ASW","TX","TEXARKANA","LANDING FACILITY","H","CHRISTUS ST MICHAEL","ZFW","ZCF","FTW","2","Added",""
"2025/01/23","US","U16","ANM","UT","EAGLE RANGE","WEATHER SENSOR","ASOS","","","","","2","Added",""
"2025/01/23","US","U19","ANM","UT","GRANITE PEAK","WEATHER SENSOR","ASOS","","","","","2","Added",""
"2025/01/23","US","U19","ANM","UT","GRANITE PEAK","WEATHER REPORTING STATION","WXL","","","","","2","Added",""
"2025/01/23","US","VES","AGL","OH","VERSAILLES","WEATHER SENSOR","AWOS-3PT","","","","","2","Added",""
"2025/01/23","US","WA60","ANM","WA","CLE ELUM","LANDING FACILITY","H","WALDBLICK","ZSE","ZCS","SEA","2","Added",""
"2025/01/23","US","XA28","ASW","TX","LINDALE","LANDING FACILITY","H","CHRISTUS MOTHER FRANCES LINDALE","ZFW","ZCF","FTW","2","Added",""
"2025/01/23","US","XA81","ASW","TX","HONEY GROVE","LANDING FACILITY","A","HOMERUN","ZFW","ZCF","FTW","2","Added",""
"2025/01/23","US","XA82","ASW","TX","WEST LAKE HILLS","LANDING FACILITY","H","TUMBLEWEED","ZHU","ZCH","SJT","2","Added",""
"2025/01/23","US","XS63","ASW","TX","BULVERDE","LANDING FACILITY","H","MONAHAN HELICOPTER SERVICE","ZHU","ZCH","SJT","2","Added",""
