"EFF_DATE","NAV_ID","NAV_TYPE","STATE_CODE","CITY","COUNTRY_CODE","NAV_STATUS","NAME","STATE_NAME","REGION_CODE","COUNTRY_NAME","FAN_MARKER","OWNER","OPERATOR","NAS_USE_FLAG","PUBLIC_USE_FLAG","NDB_CLASS_CODE","OPER_HOURS","HIGH_ALT_ARTCC_ID","HIGH_ARTCC_NAME","LOW_ALT_ARTCC_ID","LOW_ARTCC_NAME","LAT_DEG","LAT_MIN","LAT_SEC","LAT_HEMIS","LAT_DECIMAL","LONG_DEG","LONG_MIN","LONG_SEC","LONG_HEMIS","LONG_DECIMAL","SURVEY_ACCURACY_CODE","TACAN_DME_STATUS","TACAN_DME_LAT_DEG","TACAN_DME_LAT_MIN","TACAN_DME_LAT_SEC","TACAN_DME_LAT_HEMIS","TACAN_DME_LAT_DECIMAL","TACAN_DME_LONG_DEG","TACAN_DME_LONG_MIN","TACAN_DME_LONG_SEC","TACAN_DME_LONG_HEMIS","TACAN_DME_LONG_DECIMAL","ELEV","MAG_VARN","MAG_VARN_HEMIS","MAG_VARN_YEAR","SIMUL_VOICE_FLAG","PWR_OUTPUT","AUTO_VOICE_ID_FLAG","MNT_CAT_CODE","VOICE_CALL","CHAN","FREQ","MKR_IDENT","MKR_SHAPE","MKR_BRG","ALT_CODE","DME_SSV","LOW_NAV_ON_HIGH_CHART_FLAG","Z_MKR_FLAG","FSS_ID","FSS_NAME","FSS_HOURS","NOTAM_ID","QUAD_IDENT","PITCH_FLAG","CATCH_FLAG","SUA_ATCAA_FLAG","RESTRICTION_FLAG","HIWAS_FLAG","File","Action","Mods"
"2024/12/26","DWG","TACAN","FL","VALPARAISO","US","OPERATIONAL RESTRICTED","WARRINGTON","FLORIDA","ASO","UNITED STATES","","A-US AIR FORCE","A-US AIR FORCE","Y","Y","","24","ZJX","JACKSONVILLE","ZJX","JACKSONVILLE","30","28","41.65","N","30.47823611","86","31","15.12","W","-86.52086666","","","30","28","41.65","N","30.47823611","86","31","15.12","W","-86.52086666","119.8","3","W","2020","N","","N","1","NONE","2X","134.5","","","","","T","","","GNV","GAINESVILLE","24","VPS","","N","N","N","","","1","Modified","LAT_SEC LAT_DECIMAL LONG_SEC LONG_DECIMAL ELEV"
"2025/01/23","DWG","TACAN","FL","VALPARAISO","US","OPERATIONAL RESTRICTED","WARRINGTON","FLORIDA","ASO","UNITED STATES","","A-US AIR FORCE","A-US AIR FORCE","Y","Y","","24","ZJX","JACKSONVILLE","ZJX","JACKSONVILLE","30","28","41.66","N","30.47823888","86","31","15.09","W","-86.52085833","","","30","28","41.65","N","30.47823611","86","31","15.12","W","-86.52086666","75.5","3","W","2020","N","","N","1","NONE","2X","134.5","","","","","T","","","GNV","GAINESVILLE","24","VPS","","N","N","N","","","2","Modified","LAT_SEC LAT_DECIMAL LONG_SEC LONG_DECIMAL ELEV"
"2024/12/26","NQI","TACAN","TX","KINGSVILLE","US","OPERATIONAL IFR","KINGSVILLE","TEXAS","ASW","UNITED STATES","","N-US NAVY","N-US NAVY","Y","Y","","24","ZHU","HOUSTON","ZHU","HOUSTON","27","29","57.2577","N","27.49923825","97","48","20.1603","W","-97.80560008","6","","27","29","57.2577","N","27.49923825","97","48","20.1603","W","-97.80560008","44.9","4","E","2010","N","","N","1","NONE","125X","117.8","","","","","H","","","SJT","SAN ANGELO","24","SJT","","N","N","N","","","1","Modified","LAT_SEC LAT_DECIMAL LONG_SEC LONG_DECIMAL TACAN_DME_LAT_SEC TACAN_DME_LAT_DECIMAL TACAN_DME_LONG_SEC TACAN_DME_LONG_DECIMAL"
"2025/01/23","NQI","TACAN","TX","KINGSVILLE","US","OPERATIONAL IFR","KINGSVILLE","TEXAS","ASW","UNITED STATES","","N-US NAVY","N-US NAVY","Y","Y","","24","ZHU","HOUSTON","ZHU","HOUSTON","27","29","57.256","N","27.49923777","97","48","20.1626","W","-97.80560072","6","","27","29","57.256","N","27.49923777","97","48","20.1626","W","-97.80560072","44.9","4","E","2010","N","","N","1","NONE","125X","117.8","","","","","H","","","SJT","SAN ANGELO","24","SJT","","N","N","N","","","2","Modified","LAT_SEC LAT_DECIMAL LONG_SEC LONG_DECIMAL TACAN_DME_LAT_SEC TACAN_DME_LAT_DECIMAL TACAN_DME_LONG_SEC TACAN_DME_LONG_DECIMAL"
"2024/12/26","NSI","TACAN","CA","SAN NICOLAS ISLAND","US","OPERATIONAL RESTRICTED","SAN NICOLAS","CALIFORNIA","AWP","UNITED STATES","","N-US NAVY","N-US NAVY","Y","Y","","24","ZLA","LOS ANGELES","ZLA","LOS ANGELES","33","14","6.28","N","33.23507777","119","27","30.23","W","-119.45839722","5","","33","14","6.28","N","33.23507777","119","27","30.23","W","-119.45839722","522","12","E","2020","N","","N","1","NONE","39X","110.2","","","","","L","","","HHR","HAWTHORNE","24","NSI","","N","N","N","","","1","Modified","LAT_SEC LAT_DECIMAL LONG_SEC LONG_DECIMAL TACAN_DME_LAT_SEC TACAN_DME_LAT_DECIMAL TACAN_DME_LONG_SEC TACAN_DME_LONG_DECIMAL"
"2025/01/23","NSI","TACAN","CA","SAN NICOLAS ISLAND","US","OPERATIONAL RESTRICTED","SAN NICOLAS","CALIFORNIA","AWP","UNITED STATES","","N-US NAVY","N-US NAVY","Y","Y","","24","ZLA","LOS ANGELES","ZLA","LOS ANGELES","33","14","6.277","N","33.23507694","119","27","30.2322","W","-119.45839783","5","","33","14","6.277","N","33.23507694","119","27","30.2322","W","-119.45839783","522","12","E","2020","N","","N","1","NONE","39X","110.2","","","","","L","","","HHR","HAWTHORNE","24","NSI","","N","N","N","","","2","Modified","LAT_SEC LAT_DECIMAL LONG_SEC LONG_DECIMAL TACAN_DME_LAT_SEC TACAN_DME_LAT_DECIMAL TACAN_DME_LONG_SEC TACAN_DME_LONG_DECIMAL"
"2024/12/26","NUC","TACAN","CA","SAN CLEMENTE ISLAND","US","OPERATIONAL RESTRICTED","SAN CLEMENTE","CALIFORNIA","AWP","UNITED STATES","","N-US NAVY","N-US NAVY","Y","Y","","SEE REF RMK","ZLA","LOS ANGELES","ZLA","LOS ANGELES","33","1","36.9514","N","33.02693094","118","34","46.5563","W","-118.57959897","5","","33","1","36.9514","N","33.02693094","118","34","46.5563","W","-118.57959897","160.5","12","E","2020","","","N","1","NONE","123X","117.6","","","","","L","","","HHR","HAWTHORNE","24","NUC","","N","N","N","","","1","Modified","LAT_SEC LAT_DECIMAL LONG_SEC LONG_DECIMAL TACAN_DME_LAT_SEC TACAN_DME_LAT_DECIMAL TACAN_DME_LONG_SEC TACAN_DME_LONG_DECIMAL ELEV"
"2025/01/23","NUC","TACAN","CA","SAN CLEMENTE ISLAND","US","OPERATIONAL RESTRICTED","SAN CLEMENTE","CALIFORNIA","AWP","UNITED STATES","","N-US NAVY","N-US NAVY","Y","Y","","SEE REF RMK","ZLA","LOS ANGELES","ZLA","LOS ANGELES","33","1","36.9575","N","33.02693263","118","34","46.5706","W","-118.57960294","5","","33","1","36.9575","N","33.02693263","118","34","46.5706","W","-118.57960294","160.3","12","E","2020","","","N","1","NONE","123X","117.6","","","","","L","","","HHR","HAWTHORNE","24","NUC","","N","N","N","","","2","Modified","LAT_SEC LAT_DECIMAL LONG_SEC LONG_DECIMAL TACAN_DME_LAT_SEC TACAN_DME_LAT_DECIMAL TACAN_DME_LONG_SEC TACAN_DME_LONG_DECIMAL ELEV"
"2024/12/26","OTO","VOR","NM","OTTO","US","OPERATIONAL RESTRICTED","OTTO","NEW MEXICO","ASW","UNITED STATES","","F-FEDERAL AVIATION ADMIN","F-FEDERAL AVIATION ADMIN","Y","Y","","24","ZAB","ALBUQUERQUE","ZAB","ALBUQUERQUE","35","4","20.1674","N","35.07226872","105","56","9.8909","W","-105.9360808","0","","","","","","","","","","","","6272.8","13","E","1965","N","","N","1","NONE","","114.45","","","","L","","","","ABQ","ALBUQUERQUE","24","ABQ","","N","N","N","","","1","Modified","OWNER OPERATOR"
"2025/01/23","OTO","VOR","NM","OTTO","US","OPERATIONAL RESTRICTED","OTTO","NEW MEXICO","ASW","UNITED STATES","","F-FEDERAL AVIATION ADMIN.","F-FEDERAL AVIATION ADMIN.","Y","Y","","24","ZAB","ALBUQUERQUE","ZAB","ALBUQUERQUE","35","4","20.1674","N","35.07226872","105","56","9.8909","W","-105.9360808","0","","","","","","","","","","","","6272.8","13","E","1965","N","","N","1","NONE","","114.45","","","","L","","","","ABQ","ALBUQUERQUE","24","ABQ","","N","N","N","","","2","Modified","OWNER OPERATOR"
"2024/12/26","SLR","DME","TX","SULPHUR SPRINGS","US","OPERATIONAL IFR","SULPHUR SPRINGS","TEXAS","ASW","UNITED STATES","","F-FEDERAL AVIATION ADMIN","F-FEDERAL AVIATION ADMIN","Y","Y","","24","ZFW","FORT WORTH","ZFW","FORT WORTH","33","11","55","N","33.19861111","95","32","34","W","-95.54277777","6","OPERATIONAL IFR","33","11","55","N","33.19861111","95","32","34","W","-95.54277777","508","","","","N","","N","1","NONE","27X","109","","","","","L","Y","","FTW","FORT WORTH","24","SLR","","N","N","N","","","1","Modified","ELEV"
"2025/01/23","SLR","DME","TX","SULPHUR SPRINGS","US","OPERATIONAL IFR","SULPHUR SPRINGS","TEXAS","ASW","UNITED STATES","","F-FEDERAL AVIATION ADMIN","F-FEDERAL AVIATION ADMIN","Y","Y","","24","ZFW","FORT WORTH","ZFW","FORT WORTH","33","11","55","N","33.19861111","95","32","34","W","-95.54277777","6","OPERATIONAL IFR","33","11","55","N","33.19861111","95","32","34","W","-95.54277777","476","","","","N","","N","1","NONE","27X","109","","","","","L","Y","","FTW","FORT WORTH","24","SLR","","N","N","N","","","2","Modified","ELEV"
"2024/12/26","UKN","DME","IA","WAUKON","US","OPERATIONAL IFR","WAUKON","IOWA","ACE","UNITED STATES","","F-FEDERAL AVIATION ADMIN","F-FEDERAL AVIATION ADMIN","Y","Y","","24","ZMP","MINNEAPOLIS","ZMP","MINNEAPOLIS","43","16","48.3077","N","43.28008547","91","32","14.5026","W","-91.53736183","6","OPERATIONAL IFR","43","16","48.3077","N","43.28008547","91","32","14.5026","W","-91.53736183","1288.1","","","","N","","N","1","NONE","113X","116.6","","","","","L","","","FOD","FORT DODGE","24","FOD","","N","N","N","","","1","Modified","CHAN FREQ"
"2025/01/23","UKN","DME","IA","WAUKON","US","OPERATIONAL IFR","WAUKON","IOWA","ACE","UNITED STATES","","F-FEDERAL AVIATION ADMIN","F-FEDERAL AVIATION ADMIN","Y","Y","","24","ZMP","MINNEAPOLIS","ZMP","MINNEAPOLIS","43","16","48.3077","N","43.28008547","91","32","14.5026","W","-91.53736183","6","OPERATIONAL IFR","43","16","48.3077","N","43.28008547","91","32","14.5026","W","-91.53736183","1288.1","","","","N","","N","1","NONE","105Y","115.85","","","","","L","","","FOD","FORT DODGE","24","FOD","","N","N","N","","","2","Modified","CHAN FREQ"
