"EFF_DATE","NAV_ID","NAV_TYPE","STATE_CODE","CITY","COUNTRY_CODE","TAB_NAME","REF_COL_NAME","REF_COL_SEQ_NO","REMARK","File","Action","Mods"
"2024/12/26","BO","NDB","TN","BRISTOL","US","NAVIGATION_AID","GENERAL_REMARK","1","NDB UMMONITORED WHEN ATCT CLOSED.","1","Modified","REMARK"
"2025/01/23","BO","NDB","TN","BRISTOL","US","NAVIGATION_AID","GENERAL_REMARK","1","NDB UNMONITORED WHEN ATCT CLOSED.","2","Modified","REMARK"
"2024/12/26","EUF","VORTAC","AL","EUFAULA","US","NAVIGATION_AID","GENERAL_REMARK","1","VOR UNUSBL 024-034 BYD 18 NM; 070-105 BYD 11 NM; 115-135 BYD 11 NM; 304-340 BYD 11 NM.","1","Modified","REMARK"
"2025/01/23","EUF","VORTAC","AL","EUFAULA","US","NAVIGATION_AID","GENERAL_REMARK","1","VOR UNUSBL 024-034 BYD 25 NM; 070-105 BYD 11 NM; 115-135 BYD 11 NM; 304-340 BYD 11 NM.","2","Modified","REMARK"
"2024/12/26","HBR","VORTAC","OK","HOBART","US","NAVIGATION_AID","GENERAL_REMARK","4","VOR UNUSBL 080-120 BYD 30 NM BLW 4000 FT.","1","Modified","REMARK"
"2025/01/23","HBR","VORTAC","OK","HOBART","US","NAVIGATION_AID","GENERAL_REMARK","4","VOR UNUSBL 080-120 BYD 10 NM; 355-360 BYD 15 NM BLW 4500 FT.","2","Modified","REMARK"
"2024/12/26","HBR","VORTAC","OK","HOBART","US","NAVIGATION_AID","GENERAL_REMARK","5","TACAN AZM UNUSBL 080-090 BYD 25 NM BLW 4500 FT; 100-112 BYD 25 NM BLW 4500 FT; 240-270 BYD 25 NM BLW 4500 FT.","1","Modified","REMARK"
"2025/01/23","HBR","VORTAC","OK","HOBART","US","NAVIGATION_AID","GENERAL_REMARK","5","TACAN AZM UNUSBL 050-055 BYD 21 NM BLW 4500 FT; 050-055 BYD 26 NM BLW 5500 FT; 050-055 BYD 33 NM BLW 7500 FT. 080-120 BYD 10 NM; 245-270 BYD 33 NM BLW 3500 FT.","2","Modified","REMARK"
"2024/12/26","HBR","VORTAC","OK","HOBART","US","NAVIGATION_AID","GENERAL_REMARK","6","DME UNUSBL 080-090 BYD 25 NM BLW 4500 FT; 100-112 BYD 25 NM BLW 4500 FT; 240-270 BYD 25 NM BLW 4500 FT.","1","Modified","REMARK"
"2025/01/23","HBR","VORTAC","OK","HOBART","US","NAVIGATION_AID","GENERAL_REMARK","6","DME UNUSBL 080-120 BYD 10 NM; 355-360 BYD 15 NM BLW 4500 FT.","2","Modified","REMARK"
"2024/12/26","LBY","VORTAC","MS","HATTIESBURG","US","NAVIGATION_AID","GENERAL_REMARK","2","VOR UNUSBL 010-036 BYD 6 NM BLW 15000 FT; 111-164 BYD 10 NM BLW 2000 FT; 241-251; 300-000 BYD 30 NM.","1","Modified","REMARK"
"2025/01/23","LBY","VORTAC","MS","HATTIESBURG","US","NAVIGATION_AID","GENERAL_REMARK","2","VOR UNUSBL 010-036 BYD 6 NM BLW 15000 FT; 010-036 BYD 30 NM; 111-164 BYD 10 NM BLW 2000 FT; 241-251; 300-000 BYD 30 NM.","2","Modified","REMARK"
"2024/12/26","LBY","VORTAC","MS","HATTIESBURG","US","NAVIGATION_AID","GENERAL_REMARK","3","TACAN AZM UNUSBL 010-036 BYD 6 NM BLW 15000 FT; 300-000 BYD 30 NM.","1","Modified","REMARK"
"2025/01/23","LBY","VORTAC","MS","HATTIESBURG","US","NAVIGATION_AID","GENERAL_REMARK","3","TACAN AZM UNUSBL 010-036 BYD 6 NM BLW 15000 FT; 010-036 BYD 30 NM; 300-000 BYD 30 NM.","2","Modified","REMARK"
"2024/12/26","ONP","VORTAC","OR","NEWPORT","US","NAVIGATION_AID","GENERAL_REMARK","3","VOR UNUSBL 024-034 BYD 40 NM BLW 10500 FT; 024-034 BYD 71 NM; 035-163 BYD 40 NM; 164-180 BYD 40 NM BLW 7500 FT; 164-180 BYD 75 NM; 340-355 BYD 40 NM BLW 8000 FT; 340-355 BYD 71 NM; 356-023 BYD 40 NM.","1","Modified","REMARK"
"2025/01/23","ONP","VORTAC","OR","NEWPORT","US","NAVIGATION_AID","GENERAL_REMARK","3","VOR UNUSBL 011-051 BYD 35 NM BLW 6000 FT; 024-034 BYD 40 NM BLW 10500 FT; 024-034 BYD 71 NM; 035-163 BYD 40 NM; 061-116 BYD 35 NM BLW 7000 FT; 116-136 BYD 35 NM BLW 8000 FT; 136-166 BYD 35 NM BLW 5000 FT; 164-180 BYD 40 NM BLW 7500 FT; 164-180 BYD 75 NM; 340-355 BYD 40 NM BLW 8000 FT; 340-355 BYD 71 NM; 346-011 BYD 35 NM BLW 5000 FT; 356-023 BYD 40 NM.","2","Modified","REMARK"
"2024/12/26","OTO","VOR","NM","OTTO","US","NAVIGATION_AID","GENERAL_REMARK","1","VOR UNUSBL 050-120 BYD 35 NM BLW 12000 FT.","1","Modified","REMARK"
"2025/01/23","OTO","VOR","NM","OTTO","US","NAVIGATION_AID","GENERAL_REMARK","1","VOR UNUSBL 048-120 BLW 10000 FT; 050-120 BYD 35 NM BLW 12000 FT.","2","Modified","REMARK"
"2024/12/26","PNA","VOR/DME","","PUNTA CANA","DO","NAVIGATION_AID","GENERAL_REMARK","2","VOR/DME UNUSBL 123-143 BYD 35 NM BLO 2200 FT; 208-288 BYD 25 NM BLO 2200 FT.","1","Modified","REMARK"
"2025/01/23","PNA","VOR/DME","","PUNTA CANA","DO","NAVIGATION_AID","GENERAL_REMARK","2","VOR/DME UNUSBL 084-094 BYD 38 NM BLO 1500 FT: 212-262 BYD 30 NM BLO 3000 FT.","2","Modified","REMARK"
"2024/12/26","UUC","DME","NV","WINNEMUCCA","US","NAVIGATION_AID","GENERAL_REMARK","1","DME UNUSBL 003T-017T BYD 28 NM BLW 17500 FT; 067T-143T BYD 15 NM; 191T-231T BYD 13 NM; 250T-259T BYD 30 NM; 287T-293T.","1","Modified","REMARK"
"2025/01/23","UUC","DME","NV","WINNEMUCCA","US","NAVIGATION_AID","GENERAL_REMARK","1","DME UNUSBL 003T-017T BYD 28 NM BLW 17500 FT; 067T-143T BYD 15 NM; 191T-231T BYD 13 NM; 250T-259T BYD 30 NM; 287T-293T BYD 35 NM BLW 12000 FT.","2","Modified","REMARK"
"2024/12/26","VUZ","VORTAC","AL","BIRMINGHAM","US","NAVIGATION_AID","GENERAL_REMARK","1","VOR UNUSBL 222-226 BYD 40 NM.","1","Modified","REMARK"
"2025/01/23","VUZ","VORTAC","AL","BIRMINGHAM","US","NAVIGATION_AID","GENERAL_REMARK","1","VOR UNUSBL 132-142 BYD 60 NM; 222-226 BYD 40 NM.","2","Modified","REMARK"
