"EFF_DATE","SITE_NO","SITE_TYPE_CODE","STATE_CODE","ARPT_ID","CITY","COUNTRY_CODE","SKED_SEQ_NO","MONTH","DAY","HOUR","File","Action","Mods"
"2025/02/20","02640.62","A","CO","18V","HUDSON","US","1","ALL","ALL","DALGT","1","Modified","HOUR"
"2025/03/20","02640.62","A","CO","18V","HUDSON","US","1","ALL","ALL","SR-SS","2","Modified","HOUR"
"2025/02/20","04127.","H","ID","ID46","AHSAHKA","US","1","ON CALL","","","1","Modified","MONTH HOUR"
"2025/03/20","04127.","H","ID","ID46","AHSAHKA","US","1","","","ON CALL","2","Modified","MONTH HOUR"
"2025/02/20","04601.","A","IL","IL99","EARLVILLE","US","1","UNATNDD","","","2","Deleted",""
"2025/02/20","04618.01","H","IL","2IL8","ELGIN","US","1","UNATNDD","","","2","Deleted",""
"2025/02/20","04846.55","A","IL","58IL","MANTENO","US","1","UNATNDD","","","2","Deleted",""
"2025/02/20","04955.03","H","IL","LL08","PRINCETON","US","1","UNATNDD","","","2","Deleted",""
"2025/02/20","04999.21","A","IL","2LL1","SHERIDAN","US","1","ALL","ALL","ALL","2","Deleted",""
"2025/02/20","06846.","A","KS","2KS5","PLAINS","US","1","UNATNDD","","","2","Deleted",""
"2025/02/20","07243.16","H","KY","8KT1","LOUISVILLE","US","1","ALL","ALL","24","2","Deleted",""
"2025/02/20","07527.78","H","LA","5LS0","GONZALES","US","1","UNATNDD","","","2","Deleted",""
"2025/02/20","08789.01","H","MA","MA27","BROCKTON","US","1","UNATNDD","","","2","Deleted",""
"2025/02/20","11194.5","A","MS","UBS","COLUMBUS","US","2","ALL","MON-FRI","0900-1800","1","Modified","HOUR"
"2025/03/20","11194.5","A","MS","UBS","COLUMBUS","US","2","ALL","MON-FRI","0800-1800","2","Modified","HOUR"
"2025/02/20","15279.51","A","NY","82NY","GALLATIN","US","1","UNATNDD","","","2","Deleted",""
"2025/02/20","15281.1","H","NY","NK38","GARDINER","US","1","UNATNDD","","","2","Deleted",""
"2025/02/20","17093.","A","NC","20NC","SHERRILLS FORD","US","1","UNATNDD","","","2","Deleted",""
"2025/02/20","23710.23","H","TX","53TX","DALLAS","US","1","ALL","MON-SAT","0600-2000","2","Deleted",""
"2025/02/20","24070.53","H","TX","45TA","HOUSTON","US","1","UNATNDD","","","2","Deleted",""
"2025/02/20","24202.","A","TX","0TS4","LEDBETTER","US","1","UNATNDD","","","2","Deleted",""
"2025/02/20","25052.02","A","TX","5XS3","WINNIE","US","1","UNATNDD","","","2","Deleted",""
"2025/02/20","25952.","A","VA","VA94","POWHATAN","US","1","UNATNDD","","","2","Deleted",""
"2025/02/20","27004.01","A","WI","1WI8","ALGOMA","US","1","UNATNDD","","","2","Deleted",""
"2025/02/20","27168.11","A","WI","35WI","EAST TROY","US","1","IREG","","","2","Deleted",""
"2025/02/20","50009.","A","AK","ADK","ADAK ISLAND","US","1","ALL","SAT-WED","0800-1600","1","Modified","DAY"
"2025/03/20","50009.","A","AK","ADK","ADAK ISLAND","US","1","ALL","TUE-SAT","0800-1600","2","Modified","DAY"
"2025/02/20","52250.2","A","HI","KOA","KAILUA/KONA","US","1","ALL","ALL","0600-2200","1","Modified","CITY"
"2025/03/20","52250.2","A","HI","KOA","KAILUA-KONA","US","1","ALL","ALL","0600-2200","2","Modified","CITY"
"2025/03/20","01015.02","A","AR","80AR","HELENA","US","1","UNATNDD","","","2","Added",""
"2025/03/20","01015.03","A","AR","51AS","HELENA","US","1","UNATNDD","","","2","Added",""
"2025/03/20","01015.04","A","AR","AS11","HELENA","US","1","UNATNDD","","","2","Added",""
"2025/03/20","01035.27","A","AR","AS31","JONESBORO","US","1","UNATNDD","","","2","Added",""
"2025/03/20","02640.62","A","CO","18V","HUDSON","US","2","","","","2","Added",""
"2025/03/20","06846.","A","KS","S44","PLAINS","US","1","UNATNDD","","","2","Added",""
"2025/03/20","10428.01","C","MI","MI37","WATERSMEET","US","1","UNATNDD","","","2","Added",""
"2025/03/20","12679.25","A","NE","28NE","CLARKSON","US","1","UNATNDD","","","2","Added",""
"2025/03/20","23337.91","A","TX","TT47","ANNA","US","1","UNATNDD","","","2","Added",""
"2025/03/20","23574.13","A","TX","99TA","CASTROVILLE","US","1","UNATNDD","","","2","Added",""
"2025/03/20","23662.02","H","TX","7XA1","CORPUS CHRISTI","US","1","UNATNDD","","","2","Added",""
"2025/03/20","24189.9","A","TX","TT34","LANGTRY","US","1","UNATNDD","","","2","Added",""
"2025/03/20","24711.06","H","TX","XA73","SAN ANTONIO","US","1","UNATNDD","","","2","Added",""
"2025/03/20","24744.01","A","TX","TX32","SANTO","US","1","UNATNDD","","","2","Added",""
"2025/03/20","24765.05","H","TX","61XS","SELMA","US","1","UNATNDD","","","2","Added",""
"2025/03/20","24868.81","A","TX","TT11","SULPHUR SPRINGS","US","1","UNATNDD","","","2","Added",""
