"EFF_DATE","SITE_NO","SITE_TYPE_CODE","STATE_CODE","ARPT_ID","CITY","COUNTRY_CODE","RWY_ID","RWY_LEN","RWY_WIDTH","SURFACE_TYPE_CODE","COND","TREATMENT_CODE","PCN","PAVEMENT_TYPE_CODE","SUBGRADE_STRENGTH_CODE","TIRE_PRES_CODE","DTRM_METHOD_CODE","RWY_LGT_CODE","RWY_LEN_SOURCE","LENGTH_SOURCE_DATE","GROSS_WT_SW","GROSS_WT_DW","GROSS_WT_DTW","GROSS_WT_DDTW","File","Action","Mods"
"2025/02/20","00554.","A","AL","TCL","TUSCALOOSA","US","04/22","6498","150","ASPH","EXCELLENT","GRVD","50","F","D","X","T","HIGH","3RD PARTY SURVEY","2022/03/29","120","250","450","972","1","Modified","PCN PAVEMENT_TYPE_CODE SUBGRADE_STRENGTH_CODE TIRE_PRES_CODE DTRM_METHOD_CODE"
"2025/03/20","00554.","A","AL","TCL","TUSCALOOSA","US","04/22","6498","150","ASPH","EXCELLENT","GRVD","","","","","","HIGH","3RD PARTY SURVEY","2022/03/29","120","250","450","972","2","Modified","PCN PAVEMENT_TYPE_CODE SUBGRADE_STRENGTH_CODE TIRE_PRES_CODE DTRM_METHOD_CODE"
"2025/02/20","00554.","A","AL","TCL","TUSCALOOSA","US","12/30","4000","100","ASPH","FAIR","NONE","50","F","C","X","T","MED","3RD PARTY SURVEY","2022/03/29","15","","","","1","Modified","PCN PAVEMENT_TYPE_CODE SUBGRADE_STRENGTH_CODE TIRE_PRES_CODE DTRM_METHOD_CODE"
"2025/03/20","00554.","A","AL","TCL","TUSCALOOSA","US","12/30","4000","100","ASPH","FAIR","NONE","","","","","","MED","3RD PARTY SURVEY","2022/03/29","15","","","","2","Modified","PCN PAVEMENT_TYPE_CODE SUBGRADE_STRENGTH_CODE TIRE_PRES_CODE DTRM_METHOD_CODE"
"2025/02/20","01443.","A","CA","0O4","CORNING","US","17/35","2699","60","ASPH","GOOD","NONE","","","","","","MED","3RD PARTY SURVEY","2021/08/04","12","","","","1","Modified","COND"
"2025/03/20","01443.","A","CA","0O4","CORNING","US","17/35","2699","60","ASPH","FAIR","NONE","","","","","","MED","3RD PARTY SURVEY","2021/08/04","12","","","","2","Modified","COND"
"2025/02/20","02572.","A","CO","APA","DENVER","US","17R/35L","7001","75","ASPH","GOOD","GRVD","23","F","C","X","T","MED","3RD PARTY SURVEY","2018/10/04","30","","","","1","Modified","PCN PAVEMENT_TYPE_CODE SUBGRADE_STRENGTH_CODE TIRE_PRES_CODE DTRM_METHOD_CODE"
"2025/03/20","02572.","A","CO","APA","DENVER","US","17R/35L","7001","75","ASPH","GOOD","GRVD","","","","","","MED","3RD PARTY SURVEY","2018/10/04","30","","","","2","Modified","PCN PAVEMENT_TYPE_CODE SUBGRADE_STRENGTH_CODE TIRE_PRES_CODE DTRM_METHOD_CODE"
"2025/02/20","02640.62","A","CO","18V","HUDSON","US","15/33","4100","40","ASPH","GOOD","NONE","","","","","","LOW","","","","","","","1","Modified","COND RWY_LGT_CODE"
"2025/03/20","02640.62","A","CO","18V","HUDSON","US","15/33","4100","40","ASPH","POOR","NONE","","","","","","","","","","","","","2","Modified","COND RWY_LGT_CODE"
"2025/02/20","03263.","A","FL","EYW","KEY WEST","US","09/27","5076","100","ASPH","EXCELLENT","GRVD","","","","","","MED","3RD PARTY SURVEY","2018/06/10","75","125","195","","1","Modified","COND"
"2025/03/20","03263.","A","FL","EYW","KEY WEST","US","09/27","5076","100","ASPH","GOOD","GRVD","","","","","","MED","3RD PARTY SURVEY","2018/06/10","75","125","195","","2","Modified","COND"
"2025/02/20","03484.","A","FL","SRQ","SARASOTA/BRADENTON","US","04/22","5006","150","ASPH","GOOD","GRVD","580","F","A","X","T","HIGH","3RD PARTY SURVEY","2016/05/11","120","250","493","999","1","Modified","PCN PAVEMENT_TYPE_CODE SUBGRADE_STRENGTH_CODE TIRE_PRES_CODE DTRM_METHOD_CODE"
"2025/03/20","03484.","A","FL","SRQ","SARASOTA/BRADENTON","US","04/22","5006","150","ASPH","GOOD","GRVD","","","","","","HIGH","3RD PARTY SURVEY","2016/05/11","120","250","493","999","2","Modified","PCN PAVEMENT_TYPE_CODE SUBGRADE_STRENGTH_CODE TIRE_PRES_CODE DTRM_METHOD_CODE"
"2025/02/20","03484.","A","FL","SRQ","SARASOTA/BRADENTON","US","14/32","9500","150","ASPH","FAIR","GRVD","370","F","A","X","T","HIGH","3RD PARTY SURVEY","2016/05/11","99","172","316","","1","Modified","PCN PAVEMENT_TYPE_CODE SUBGRADE_STRENGTH_CODE TIRE_PRES_CODE DTRM_METHOD_CODE"
"2025/03/20","03484.","A","FL","SRQ","SARASOTA/BRADENTON","US","14/32","9500","150","ASPH","FAIR","GRVD","","","","","","HIGH","3RD PARTY SURVEY","2016/05/11","99","172","316","","2","Modified","PCN PAVEMENT_TYPE_CODE SUBGRADE_STRENGTH_CODE TIRE_PRES_CODE DTRM_METHOD_CODE"
"2025/02/20","03509.1","A","FL","TLH","TALLAHASSEE","US","09/27","8000","150","ASPH","GOOD","GRVD","48","F","A","X","T","HIGH","3RD PARTY SURVEY","2017/02/22","115","170","330","","1","Modified","PCN PAVEMENT_TYPE_CODE SUBGRADE_STRENGTH_CODE TIRE_PRES_CODE DTRM_METHOD_CODE GROSS_WT_SW GROSS_WT_DW GROSS_WT_DTW GROSS_WT_DDTW"
"2025/03/20","03509.1","A","FL","TLH","TALLAHASSEE","US","09/27","8000","150","ASPH","GOOD","GRVD","","","","","","HIGH","3RD PARTY SURVEY","2017/02/22","120","231","445","920","2","Modified","PCN PAVEMENT_TYPE_CODE SUBGRADE_STRENGTH_CODE TIRE_PRES_CODE DTRM_METHOD_CODE GROSS_WT_SW GROSS_WT_DW GROSS_WT_DTW GROSS_WT_DDTW"
"2025/02/20","03509.1","A","FL","TLH","TALLAHASSEE","US","18/36","7000","150","ASPH","EXCELLENT","GRVD","47","F","A","X","T","HIGH","3RD PARTY SURVEY","2017/02/22","115","170","330","","1","Modified","PCN PAVEMENT_TYPE_CODE SUBGRADE_STRENGTH_CODE TIRE_PRES_CODE DTRM_METHOD_CODE GROSS_WT_SW GROSS_WT_DW GROSS_WT_DTW GROSS_WT_DDTW"
"2025/03/20","03509.1","A","FL","TLH","TALLAHASSEE","US","18/36","7000","150","ASPH","EXCELLENT","GRVD","","","","","","HIGH","3RD PARTY SURVEY","2017/02/22","120","217","410","862","2","Modified","PCN PAVEMENT_TYPE_CODE SUBGRADE_STRENGTH_CODE TIRE_PRES_CODE DTRM_METHOD_CODE GROSS_WT_SW GROSS_WT_DW GROSS_WT_DTW GROSS_WT_DDTW"
"2025/02/20","03616.","A","GA","ABY","ALBANY","US","05/23","6601","148","ASPH","GOOD","GRVD","","","","","","HIGH","3RD PARTY SURVEY","2007/03/03","120","225","431","897","1","Modified","RWY_WIDTH LENGTH_SOURCE_DATE"
"2025/03/20","03616.","A","GA","ABY","ALBANY","US","05/23","6601","150","ASPH","GOOD","GRVD","","","","","","HIGH","3RD PARTY SURVEY","2023/10/13","120","225","431","897","2","Modified","RWY_WIDTH LENGTH_SOURCE_DATE"
"2025/02/20","03616.","A","GA","ABY","ALBANY","US","17/35","5219","148","ASPH","FAIR","GRVD","","","","","","MED","3RD PARTY SURVEY","2007/03/03","75","126","277","","1","Modified","RWY_LEN RWY_WIDTH LENGTH_SOURCE_DATE"
"2025/03/20","03616.","A","GA","ABY","ALBANY","US","17/35","5200","150","ASPH","FAIR","GRVD","","","","","","MED","3RD PARTY SURVEY","2023/10/13","75","126","277","","2","Modified","RWY_LEN RWY_WIDTH LENGTH_SOURCE_DATE"
"2025/02/20","03639.12","H","GA","1GE8","ATLANTA","US","H1","62","40","CONC","","NONE","","","","","","PERI","OWNER","2011/07/29","","","","","1","Modified","SURFACE_TYPE_CODE COND"
"2025/03/20","03639.12","H","GA","1GE8","ATLANTA","US","H1","62","40","ROOF-TOP","GOOD","NONE","","","","","","PERI","OWNER","2011/07/29","","","","","2","Modified","SURFACE_TYPE_CODE COND"
"2025/02/20","03705.2","A","GA","CTJ","CARROLLTON","US","17/35","5503","100","ASPH","GOOD","NONE","","","","","","HIGH","3RD PARTY SURVEY","2007/12/19","43","56","83","","1","Modified","LENGTH_SOURCE_DATE"
"2025/03/20","03705.2","A","GA","CTJ","CARROLLTON","US","17/35","5503","100","ASPH","GOOD","NONE","","","","","","HIGH","3RD PARTY SURVEY","2024/07/06","43","56","83","","2","Modified","LENGTH_SOURCE_DATE"
"2025/02/20","03791.","A","GA","FZG","FITZGERALD","US","02/20","5000","101","ASPH","GOOD","NONE","","","","","","MED","3RD PARTY SURVEY","2008/11/24","","28","","","1","Modified","RWY_WIDTH LENGTH_SOURCE_DATE"
"2025/03/20","03791.","A","GA","FZG","FITZGERALD","US","02/20","5000","100","ASPH","GOOD","NONE","","","","","","MED","3RD PARTY SURVEY","2024/07/02","","28","","","2","Modified","RWY_WIDTH LENGTH_SOURCE_DATE"
"2025/02/20","03791.","A","GA","FZG","FITZGERALD","US","15/33","2984","300","TURF","GOOD","NONE","","","","","","","3RD PARTY SURVEY","2007/12/30","","","","","1","Modified","LENGTH_SOURCE_DATE"
"2025/03/20","03791.","A","GA","FZG","FITZGERALD","US","15/33","2984","300","TURF","GOOD","NONE","","","","","","","3RD PARTY SURVEY","2024/07/02","","","","","2","Modified","LENGTH_SOURCE_DATE"
"2025/02/20","04601.","A","IL","IL99","EARLVILLE","US","09/27","2640","85","TURF","","NONE","","","","","","","OWNER","2011/07/18","","","","","2","Deleted",""
"2025/02/20","04618.01","H","IL","2IL8","ELGIN","US","H1","25","25","CONC","","NONE","","","","","","","","","","","","","2","Deleted",""
"2025/02/20","04846.55","A","IL","58IL","MANTENO","US","03/21","2200","200","TURF","","NONE","","","","","","","STATE","2001/09/20","","","","","2","Deleted",""
"2025/02/20","04955.03","H","IL","LL08","PRINCETON","US","H1","40","40","CONC","GOOD","NONE","","","","","","","OWNER","2011/02/08","","","","","2","Deleted",""
"2025/02/20","04999.21","A","IL","2LL1","SHERIDAN","US","N/S","2160","80","TURF","","NONE","","","","","","","","","","","","","2","Deleted",""
"2025/02/20","05514.01","H","IN","IN28","MUNSTER","US","H1","40","40","CONC","","NONE","","","","","","","","","","","","","1","Modified","RWY_LEN RWY_WIDTH"
"2025/03/20","05514.01","H","IN","IN28","MUNSTER","US","H1","43","43","CONC","","NONE","","","","","","","","","","","","","2","Modified","RWY_LEN RWY_WIDTH"
"2025/02/20","05689.","A","IN","HUF","TERRE HAUTE","US","05/23","9021","150","ASPH","FAIR","GRVD","49","R","C","W","U","HIGH","3RD PARTY SURVEY","2018/11/02","75","200","300","600","1","Modified","PCN PAVEMENT_TYPE_CODE SUBGRADE_STRENGTH_CODE TIRE_PRES_CODE DTRM_METHOD_CODE"
"2025/03/20","05689.","A","IN","HUF","TERRE HAUTE","US","05/23","9021","150","ASPH","FAIR","GRVD","","","","","","HIGH","3RD PARTY SURVEY","2018/11/02","75","200","300","600","2","Modified","PCN PAVEMENT_TYPE_CODE SUBGRADE_STRENGTH_CODE TIRE_PRES_CODE DTRM_METHOD_CODE"
"2025/02/20","05689.","A","IN","HUF","TERRE HAUTE","US","14/32","7200","150","ASPH-CONC","FAIR","GRVD","42","F","C","X","U","HIGH","3RD PARTY SURVEY","2012/11/12","75","200","300","","1","Modified","PCN PAVEMENT_TYPE_CODE SUBGRADE_STRENGTH_CODE TIRE_PRES_CODE DTRM_METHOD_CODE"
"2025/03/20","05689.","A","IN","HUF","TERRE HAUTE","US","14/32","7200","150","ASPH-CONC","FAIR","GRVD","","","","","","HIGH","3RD PARTY SURVEY","2012/11/12","75","200","300","","2","Modified","PCN PAVEMENT_TYPE_CODE SUBGRADE_STRENGTH_CODE TIRE_PRES_CODE DTRM_METHOD_CODE"
"2025/02/20","06841.","A","KS","PHG","PHILLIPSBURG","US","03/21","1755","140","TURF","EXCELLENT","NONE","","","","","","","3RD PARTY SURVEY","2022/08/08","","","","","1","Modified","RWY_WIDTH LENGTH_SOURCE_DATE"
"2025/03/20","06841.","A","KS","PHG","PHILLIPSBURG","US","03/21","1755","150","TURF","EXCELLENT","NONE","","","","","","","3RD PARTY SURVEY","2023/10/09","","","","","2","Modified","RWY_WIDTH LENGTH_SOURCE_DATE"
"2025/02/20","06841.","A","KS","PHG","PHILLIPSBURG","US","13/31","5101","75","CONC","EXCELLENT","NONE","","","","","","MED","3RD PARTY SURVEY","2022/08/08","12.5","","","","1","Modified","RWY_WIDTH LENGTH_SOURCE_DATE"
"2025/03/20","06841.","A","KS","PHG","PHILLIPSBURG","US","13/31","5101","60","CONC","EXCELLENT","NONE","","","","","","MED","3RD PARTY SURVEY","2023/10/09","12.5","","","","2","Modified","RWY_WIDTH LENGTH_SOURCE_DATE"
"2025/02/20","06846.","A","KS","2KS5","PLAINS","US","02/20","2500","150","TURF","FAIR","NONE","","","","","","","","","","","","","2","Deleted",""
"2025/02/20","06846.","A","KS","2KS5","PLAINS","US","08/26","2250","150","TURF","FAIR","NONE","","","","","","","","","","","","","2","Deleted",""
"2025/02/20","06846.","A","KS","2KS5","PLAINS","US","17/35","3200","150","TURF","FAIR","NONE","","","","","","LOW","","","","","","","2","Deleted",""
"2025/02/20","06859.","A","KS","K50","ROSE HILL","US","17/35","3472","40","ASPH","GOOD","NONE","","","","","","MED","FAA OE/AAA","2024/09/18","2","","","","1","Modified","RWY_LEN RWY_LEN_SOURCE LENGTH_SOURCE_DATE"
"2025/03/20","06859.","A","KS","K50","ROSE HILL","US","17/35","3471","40","ASPH","GOOD","NONE","","","","","","MED","ADO","2025/01/27","2","","","","2","Modified","RWY_LEN RWY_LEN_SOURCE LENGTH_SOURCE_DATE"
"2025/02/20","07243.16","H","KY","8KT1","LOUISVILLE","US","H1","55","55","ROOF-TOP","","NONE","","","","","","PERI","","","","","","","2","Deleted",""
"2025/02/20","07527.78","H","LA","5LS0","GONZALES","US","H1","40","40","CONC","","NONE","","","","","","","OWNER","2009/07/10","","","","","2","Deleted",""
"2025/02/20","08215.14","H","ME","8ME2","PORTLAND","US","H1","75","75","TURF","","NONE","","","","","","","STATE","2024/08/13","","","","","1","Modified","COND"
"2025/03/20","08215.14","H","ME","8ME2","PORTLAND","US","H1","75","75","TURF","FAIR","NONE","","","","","","","STATE","2024/08/13","","","","","2","Modified","COND"
"2025/02/20","08389.14","H","ME","49ME","WATERVILLE","US","H1","40","40","CONC","","NONE","","","","","","","FAA OE/AAA","2022/06/29","","","","","1","Modified","COND RWY_LGT_CODE"
"2025/03/20","08389.14","H","ME","49ME","WATERVILLE","US","H1","40","40","CONC","FAIR","NONE","","","","","","PERI","FAA OE/AAA","2022/06/29","","","","","2","Modified","COND RWY_LGT_CODE"
"2025/02/20","08789.01","H","MA","MA27","BROCKTON","US","H1","40","40","ASPH","","NONE","","","","","","","FAA-EST IMAGERY","2015/06/06","","","","","2","Deleted",""
"2025/02/20","10684.","A","MN","FRM","FAIRMONT","US","02/20","3300","75","ASPH","FAIR","NONE","","","","","","MED","3RD PARTY SURVEY","2012/07/10","12","","","","1","Modified","RWY_LEN LENGTH_SOURCE_DATE"
"2025/03/20","10684.","A","MN","FRM","FAIRMONT","US","02/20","3301","75","ASPH","FAIR","NONE","","","","","","MED","3RD PARTY SURVEY","2023/10/24","12","","","","2","Modified","RWY_LEN LENGTH_SOURCE_DATE"
"2025/02/20","10684.","A","MN","FRM","FAIRMONT","US","13/31","5503","100","ASPH","GOOD","PFC","","","","","","HIGH","3RD PARTY SURVEY","2012/07/10","35","40","","","1","Modified","RWY_LEN LENGTH_SOURCE_DATE"
"2025/03/20","10684.","A","MN","FRM","FAIRMONT","US","13/31","5505","100","ASPH","GOOD","PFC","","","","","","HIGH","3RD PARTY SURVEY","2023/10/24","35","40","","","2","Modified","RWY_LEN LENGTH_SOURCE_DATE"
"2025/02/20","11194.5","A","MS","UBS","COLUMBUS","US","18/36","4503","100","ASPH","FAIR","NONE","","","","","","MED","3RD PARTY SURVEY","2012/06/19","40","70","120","","1","Modified","COND"
"2025/03/20","11194.5","A","MS","UBS","COLUMBUS","US","18/36","4503","100","ASPH","EXCELLENT","NONE","","","","","","MED","3RD PARTY SURVEY","2012/06/19","40","70","120","","2","Modified","COND"
"2025/02/20","11280.","A","MS","JAN","JACKSON","US","16L/34R","8500","150","ASPH","GOOD","GRVD","88","F","C","W","T","HIGH","3RD PARTY SURVEY","2010/10/26","75","200","390","850","1","Modified","PCN PAVEMENT_TYPE_CODE SUBGRADE_STRENGTH_CODE TIRE_PRES_CODE DTRM_METHOD_CODE GROSS_WT_SW GROSS_WT_DW GROSS_WT_DTW GROSS_WT_DDTW"
"2025/03/20","11280.","A","MS","JAN","JACKSON","US","16L/34R","8500","150","ASPH","GOOD","GRVD","","","","","","HIGH","3RD PARTY SURVEY","2010/10/26","120","221","326","","2","Modified","PCN PAVEMENT_TYPE_CODE SUBGRADE_STRENGTH_CODE TIRE_PRES_CODE DTRM_METHOD_CODE GROSS_WT_SW GROSS_WT_DW GROSS_WT_DTW GROSS_WT_DDTW"
"2025/02/20","11280.","A","MS","JAN","JACKSON","US","16R/34L","8500","150","ASPH","EXCELLENT","GRVD","59","F","B","X","U","HIGH","3RD PARTY SURVEY","2010/10/26","130","140","250","720","1","Modified","PCN PAVEMENT_TYPE_CODE SUBGRADE_STRENGTH_CODE TIRE_PRES_CODE DTRM_METHOD_CODE GROSS_WT_SW GROSS_WT_DW GROSS_WT_DTW GROSS_WT_DDTW"
"2025/03/20","11280.","A","MS","JAN","JACKSON","US","16R/34L","8500","150","ASPH","EXCELLENT","GRVD","","","","","","HIGH","3RD PARTY SURVEY","2010/10/26","120","250","340","","2","Modified","PCN PAVEMENT_TYPE_CODE SUBGRADE_STRENGTH_CODE TIRE_PRES_CODE DTRM_METHOD_CODE GROSS_WT_SW GROSS_WT_DW GROSS_WT_DTW GROSS_WT_DDTW"
"2025/02/20","11368.6","A","MS","OLV","OLIVE BRANCH","US","18/36","6000","100","ASPH","EXCELLENT","GRVD","459","F","D","X","T","HIGH","3RD PARTY SURVEY","2005/10/10","110","151","205","599","1","Modified","PCN PAVEMENT_TYPE_CODE SUBGRADE_STRENGTH_CODE TIRE_PRES_CODE DTRM_METHOD_CODE"
"2025/03/20","11368.6","A","MS","OLV","OLIVE BRANCH","US","18/36","6000","100","ASPH","EXCELLENT","GRVD","","","","","","HIGH","3RD PARTY SURVEY","2005/10/10","110","151","205","599","2","Modified","PCN PAVEMENT_TYPE_CODE SUBGRADE_STRENGTH_CODE TIRE_PRES_CODE DTRM_METHOD_CODE"
"2025/02/20","11492.","A","MS","5A6","WINONA","US","03/21","4000","60","ASPH","FAIR","NONE","","","","","","MED","AVN","2006/02/24","18","","","","1","Modified","COND"
"2025/03/20","11492.","A","MS","5A6","WINONA","US","03/21","4000","60","ASPH","GOOD","NONE","","","","","","MED","AVN","2006/02/24","18","","","","2","Modified","COND"
"2025/02/20","11651.1","A","MO","COU","COLUMBIA","US","02/20","7401","150","CONC","GOOD","GRVD","","","","","","HIGH","3RD PARTY SURVEY","2022/02/17","102","126","198","","1","Modified","LENGTH_SOURCE_DATE"
"2025/03/20","11651.1","A","MO","COU","COLUMBIA","US","02/20","7401","150","CONC","GOOD","GRVD","","","","","","HIGH","3RD PARTY SURVEY","2024/01/17","102","126","198","","2","Modified","LENGTH_SOURCE_DATE"
"2025/02/20","11651.1","A","MO","COU","COLUMBIA","US","13/31","5500","100","CONC","EXCELLENT","GRVD","","","","","","MED","3RD PARTY SURVEY","2019/08/20","101","130","230","","1","Modified","LENGTH_SOURCE_DATE"
"2025/03/20","11651.1","A","MO","COU","COLUMBIA","US","13/31","5500","100","CONC","EXCELLENT","GRVD","","","","","","MED","3RD PARTY SURVEY","2024/01/17","101","130","230","","2","Modified","LENGTH_SOURCE_DATE"
"2025/02/20","11717.2","A","MO","FAM","FARMINGTON","US","02/20","4323","75","CONC","GOOD","NONE","","","","","","MED","3RD PARTY SURVEY","2023/09/14","30","","","","1","Modified","LENGTH_SOURCE_DATE"
"2025/03/20","11717.2","A","MO","FAM","FARMINGTON","US","02/20","4323","75","CONC","GOOD","NONE","","","","","","MED","3RD PARTY SURVEY","2024/05/14","30","","","","2","Modified","LENGTH_SOURCE_DATE"
"2025/02/20","11816.","A","MO","MKC","KANSAS CITY","US","01/19","6827","150","CONC","EXCELLENT","GRVD","","","","","","HIGH","3RD PARTY SURVEY","2011/11/08","86","171","342","","1","Modified","LENGTH_SOURCE_DATE"
"2025/03/20","11816.","A","MO","MKC","KANSAS CITY","US","01/19","6827","150","CONC","EXCELLENT","GRVD","","","","","","HIGH","3RD PARTY SURVEY","2023/12/28","86","171","342","","2","Modified","LENGTH_SOURCE_DATE"
"2025/02/20","11816.","A","MO","MKC","KANSAS CITY","US","04/22","5050","100","ASPH","EXCELLENT","NONE","","","","","","HIGH","3RD PARTY SURVEY","2022/12/08","120","204","303","805","1","Modified","LENGTH_SOURCE_DATE"
"2025/03/20","11816.","A","MO","MKC","KANSAS CITY","US","04/22","5050","100","ASPH","EXCELLENT","NONE","","","","","","HIGH","3RD PARTY SURVEY","2023/12/28","120","204","303","805","2","Modified","LENGTH_SOURCE_DATE"
"2025/02/20","12535.","A","MT","9U0","TURNER","US","07/25","3612","60","ASPH","GOOD","NONE","","","","","","MED","OWNER","2008/05/13","12.5","","","","1","Modified","LENGTH_SOURCE_DATE"
"2025/03/20","12535.","A","MT","9U0","TURNER","US","07/25","3612","60","ASPH","GOOD","NONE","","","","","","MED","OWNER","2025/02/11","12.5","","","","2","Modified","LENGTH_SOURCE_DATE"
"2025/02/20","12960.","A","NE","VTN","VALENTINE","US","03/21","3701","60","CONC","EXCELLENT","NONE","","","","","","MED","3RD PARTY SURVEY","2016/10/08","12.5","","","","1","Modified","LENGTH_SOURCE_DATE"
"2025/03/20","12960.","A","NE","VTN","VALENTINE","US","03/21","3701","60","CONC","EXCELLENT","NONE","","","","","","MED","3RD PARTY SURVEY","2022/08/05","12.5","","","","2","Modified","LENGTH_SOURCE_DATE"
"2025/02/20","12960.","A","NE","VTN","VALENTINE","US","14/32","4704","75","CONC","EXCELLENT","NONE","","","","","","MED","3RD PARTY SURVEY","2016/10/08","30","42.5","","","1","Modified","RWY_LEN LENGTH_SOURCE_DATE"
"2025/03/20","12960.","A","NE","VTN","VALENTINE","US","14/32","4705","75","CONC","EXCELLENT","NONE","","","","","","MED","3RD PARTY SURVEY","2022/08/05","30","42.5","","","2","Modified","RWY_LEN LENGTH_SOURCE_DATE"
"2025/02/20","13781.01","H","NJ","NJ66","HACKETTSTOWN","US","H1","85","85","TURF","","NONE","","","","","","","","","","","","","1","Modified","SURFACE_TYPE_CODE COND"
"2025/03/20","13781.01","H","NJ","NJ66","HACKETTSTOWN","US","H1","85","85","CONC","GOOD","NONE","","","","","","","","","","","","","2","Modified","SURFACE_TYPE_CODE COND"
"2025/02/20","15279.51","A","NY","82NY","GALLATIN","US","02/20","1000","40","TURF","","NONE","","","","","","","OWNER","2011/06/02","","","","","2","Deleted",""
"2025/02/20","15281.1","H","NY","NK38","GARDINER","US","H1","800","100","TURF","","NONE","","","","","","","","","","","","","2","Deleted",""
"2025/02/20","16095.91","H","NY","NK11","SARANAC LAKE","US","H1","100","100","ASPH","","NONE","","","","","","PERI","","","","","","","1","Modified","RWY_LEN_SOURCE LENGTH_SOURCE_DATE"
"2025/03/20","16095.91","H","NY","NK11","SARANAC LAKE","US","H1","100","100","ASPH","","NONE","","","","","","PERI","OWNER","2024/12/19","","","","","2","Modified","RWY_LEN_SOURCE LENGTH_SOURCE_DATE"
"2025/02/20","16608.","A","NC","CLT","CHARLOTTE","US","18C/36C","10000","150","CONC","GOOD","GRVD","82","R","B","W","T","HIGH","3RD PARTY SURVEY","2023/08/10","93","200","350","650","1","Modified","PCN PAVEMENT_TYPE_CODE SUBGRADE_STRENGTH_CODE TIRE_PRES_CODE DTRM_METHOD_CODE"
"2025/03/20","16608.","A","NC","CLT","CHARLOTTE","US","18C/36C","10000","150","CONC","GOOD","GRVD","","","","","","HIGH","3RD PARTY SURVEY","2023/08/10","93","200","350","650","2","Modified","PCN PAVEMENT_TYPE_CODE SUBGRADE_STRENGTH_CODE TIRE_PRES_CODE DTRM_METHOD_CODE"
"2025/02/20","16608.","A","NC","CLT","CHARLOTTE","US","18L/36R","8676","150","ASPH-CONC","GOOD","GRVD","68","R","B","W","T","HIGH","3RD PARTY SURVEY","2023/08/10","93","200","350","650","1","Modified","PCN PAVEMENT_TYPE_CODE SUBGRADE_STRENGTH_CODE TIRE_PRES_CODE DTRM_METHOD_CODE"
"2025/03/20","16608.","A","NC","CLT","CHARLOTTE","US","18L/36R","8676","150","ASPH-CONC","GOOD","GRVD","","","","","","HIGH","3RD PARTY SURVEY","2023/08/10","93","200","350","650","2","Modified","PCN PAVEMENT_TYPE_CODE SUBGRADE_STRENGTH_CODE TIRE_PRES_CODE DTRM_METHOD_CODE"
"2025/02/20","16608.","A","NC","CLT","CHARLOTTE","US","18R/36L","9000","150","CONC","EXCELLENT","GRVD","63","R","B","W","T","HIGH","3RD PARTY SURVEY","2023/08/10","93","200","350","650","1","Modified","PCN PAVEMENT_TYPE_CODE SUBGRADE_STRENGTH_CODE TIRE_PRES_CODE DTRM_METHOD_CODE"
"2025/03/20","16608.","A","NC","CLT","CHARLOTTE","US","18R/36L","9000","150","CONC","EXCELLENT","GRVD","","","","","","HIGH","3RD PARTY SURVEY","2023/08/10","93","200","350","650","2","Modified","PCN PAVEMENT_TYPE_CODE SUBGRADE_STRENGTH_CODE TIRE_PRES_CODE DTRM_METHOD_CODE"
"2025/02/20","16723.023","H","NC","NC83","FAYETTEVILLE","US","H1","90","90","CONC","","NONE","","","","","","PERI","OWNER","2021/01/11","","","","","1","Modified","COND"
"2025/03/20","16723.023","H","NC","NC83","FAYETTEVILLE","US","H1","90","90","CONC","GOOD","NONE","","","","","","PERI","OWNER","2021/01/11","","","","","2","Modified","COND"
"2025/02/20","16756.6","A","NC","3A4","GREENSBORO","US","17/35","3063","30","ASPH","GOOD","NONE","","","","","","MED","FAA-EST","2010/11/29","8","","","","1","Modified","RWY_LEN RWY_LEN_SOURCE LENGTH_SOURCE_DATE"
"2025/03/20","16756.6","A","NC","3A4","GREENSBORO","US","17/35","3064","30","ASPH","GOOD","NONE","","","","","","MED","ADO","2025/01/22","8","","","","2","Modified","RWY_LEN RWY_LEN_SOURCE LENGTH_SOURCE_DATE"
"2025/02/20","17035.","A","NC","RDU","RALEIGH/DURHAM","US","05L/23R","10000","150","CONC","GOOD","WC","33","R","B","X","T","HIGH","3RD PARTY SURVEY","2015/09/14","75","190","355","750","1","Modified","PCN PAVEMENT_TYPE_CODE SUBGRADE_STRENGTH_CODE TIRE_PRES_CODE DTRM_METHOD_CODE"
"2025/03/20","17035.","A","NC","RDU","RALEIGH/DURHAM","US","05L/23R","10000","150","CONC","GOOD","WC","","","","","","HIGH","3RD PARTY SURVEY","2015/09/14","75","190","355","750","2","Modified","PCN PAVEMENT_TYPE_CODE SUBGRADE_STRENGTH_CODE TIRE_PRES_CODE DTRM_METHOD_CODE"
"2025/02/20","17035.","A","NC","RDU","RALEIGH/DURHAM","US","05R/23L","7500","150","ASPH","GOOD","GRVD","89","F","A","X","T","HIGH","3RD PARTY SURVEY","2015/09/14","75","176","335","750","1","Modified","PCN PAVEMENT_TYPE_CODE SUBGRADE_STRENGTH_CODE TIRE_PRES_CODE DTRM_METHOD_CODE"
"2025/03/20","17035.","A","NC","RDU","RALEIGH/DURHAM","US","05R/23L","7500","150","ASPH","GOOD","GRVD","","","","","","HIGH","3RD PARTY SURVEY","2015/09/14","75","176","335","750","2","Modified","PCN PAVEMENT_TYPE_CODE SUBGRADE_STRENGTH_CODE TIRE_PRES_CODE DTRM_METHOD_CODE"
"2025/02/20","17093.","A","NC","20NC","SHERRILLS FORD","US","03/21","2000","50","TURF","","NONE","","","","","","","","","","","","","2","Deleted",""
"2025/02/20","17349.1","A","ND","GFK","GRAND FORKS","US","17R/35L","7351","150","ASPH","FAIR","GRVD","","","","","","HIGH","3RD PARTY SURVEY","2016/03/03","101","160","270","","1","Modified","GROSS_WT_SW GROSS_WT_DW GROSS_WT_DTW"
"2025/03/20","17349.1","A","ND","GFK","GRAND FORKS","US","17R/35L","7351","150","ASPH","FAIR","GRVD","","","","","","HIGH","3RD PARTY SURVEY","2016/03/03","120","250","550","","2","Modified","GROSS_WT_SW GROSS_WT_DW GROSS_WT_DTW"
"2025/02/20","17521.02","H","OH","88OI","AKRON","US","H1","50","90","NSTD","","NONE","","","","","","PERI","OWNER","2004/11/10","","","","","1","Modified","SURFACE_TYPE_CODE"
"2025/03/20","17521.02","H","OH","88OI","AKRON","US","H1","50","90","ROOF-TOP","","NONE","","","","","","PERI","OWNER","2004/11/10","","","","","2","Modified","SURFACE_TYPE_CODE"
"2025/02/20","17572.","A","OH","6G5","BARNESVILLE","US","09/27","4003","65","ASPH","EXCELLENT","NONE","","","","","","MED","3RD PARTY SURVEY","2014/11/07","30","","","","1","Modified","RWY_WIDTH LENGTH_SOURCE_DATE"
"2025/03/20","17572.","A","OH","6G5","BARNESVILLE","US","09/27","4003","60","ASPH","EXCELLENT","NONE","","","","","","MED","3RD PARTY SURVEY","2023/10/31","30","","","","2","Modified","RWY_WIDTH LENGTH_SOURCE_DATE"
"2025/02/20","18621.11","H","OH","47OI","WADSWORTH","US","H1","45","45","ASPH","","NONE","","","","","","NSTD","","","","","","","1","Modified","RWY_LGT_CODE"
"2025/03/20","18621.11","H","OH","47OI","WADSWORTH","US","H1","45","45","ASPH","","NONE","","","","","","FLD","","","","","","","2","Modified","RWY_LGT_CODE"
"2025/02/20","21474.02","H","PA","3PS5","SHAMOKIN","US","H1","65","65","ASPH","POOR","NONE","","","","","","PERI","","","","","","","1","Modified","RWY_LEN RWY_WIDTH RWY_LEN_SOURCE LENGTH_SOURCE_DATE"
"2025/03/20","21474.02","H","PA","3PS5","SHAMOKIN","US","H1","36","36","ASPH","POOR","NONE","","","","","","PERI","OWNER","2025/01/31","","","","","2","Modified","RWY_LEN RWY_WIDTH RWY_LEN_SOURCE LENGTH_SOURCE_DATE"
"2025/02/20","22750.5","A","SD","7K7","NORTH SIOUX CITY","US","15/33","5300","100","CONC-TURF","FAIR","NONE","","","","","","","","","","","","","1","Modified","SURFACE_TYPE_CODE"
"2025/03/20","22750.5","A","SD","7K7","NORTH SIOUX CITY","US","15/33","5300","100","CONC","FAIR","NONE","","","","","","","","","","","","","2","Modified","SURFACE_TYPE_CODE"
"2025/02/20","23109.1","A","TN","MOR","MORRISTOWN","US","05/23","5717","100","ASPH","GOOD","NONE","174","F","C","X","T","MED","3RD PARTY SURVEY","2006/09/26","25","","","","1","Modified","RWY_LEN LENGTH_SOURCE_DATE"
"2025/03/20","23109.1","A","TN","MOR","MORRISTOWN","US","05/23","5718","100","ASPH","GOOD","NONE","174","F","C","X","T","MED","3RD PARTY SURVEY","2023/10/07","25","","","","2","Modified","RWY_LEN LENGTH_SOURCE_DATE"
"2025/02/20","23118.2","A","TN","MBT","MURFREESBORO","US","18/36","4753","100","ASPH","GOOD","NONE","","","","","","MED","OWNER","2005/06/17","30","","","","1","Modified","RWY_LEN RWY_LEN_SOURCE LENGTH_SOURCE_DATE"
"2025/03/20","23118.2","A","TN","MBT","MURFREESBORO","US","18/36","4750","100","ASPH","GOOD","NONE","","","","","","MED","3RD PARTY SURVEY","2024/04/04","30","","","","2","Modified","RWY_LEN RWY_LEN_SOURCE LENGTH_SOURCE_DATE"
"2025/02/20","23710.23","H","TX","53TX","DALLAS","US","H1","20","20","CONC","","NONE","","","","","","","","","","","","","2","Deleted",""
"2025/02/20","24070.53","H","TX","45TA","HOUSTON","US","H1","50","50","TURF","","NONE","","","","","","","","","","","","","2","Deleted",""
"2025/02/20","24202.","A","TX","0TS4","LEDBETTER","US","18/36","1800","60","TURF","","NONE","","","","","","","","","","","","","2","Deleted",""
"2025/02/20","24676.1","A","TX","2TX","SALADO","US","02/20","3494","40","ASPH","EXCELLENT","NONE","","","","","","","OWNER","2022/01/25","","","","","1","Modified","RWY_LEN_SOURCE LENGTH_SOURCE_DATE"
"2025/03/20","24676.1","A","TX","2TX","SALADO","US","02/20","3494","40","ASPH","EXCELLENT","NONE","","","","","","","ADO","2025/01/16","","","","","2","Modified","RWY_LEN_SOURCE LENGTH_SOURCE_DATE"
"2025/02/20","24704.","A","TX","SKF","SAN ANTONIO","US","16/34","11550","150","CONC","GOOD","NONE","58","R","B","W","T","HIGH","MILITARY","2002/07/16","","","","","1","Modified","TREATMENT_CODE"
"2025/03/20","24704.","A","TX","SKF","SAN ANTONIO","US","16/34","11550","150","CONC","GOOD","GRVD","58","R","B","W","T","HIGH","MILITARY","2002/07/16","","","","","2","Modified","TREATMENT_CODE"
"2025/02/20","24927.04","H","TX","TE49","TOMBALL","US","H1","50","50","TURF","","NONE","","","","","","","","","","","","","1","Modified","SURFACE_TYPE_CODE"
"2025/03/20","24927.04","H","TX","TE49","TOMBALL","US","H1","50","50","CONC","","NONE","","","","","","","","","","","","","2","Modified","SURFACE_TYPE_CODE"
"2025/02/20","25052.02","A","TX","5XS3","WINNIE","US","17/35","2700","80","TURF","","NONE","","","","","","","","","","","","","2","Deleted",""
"2025/02/20","25658.8","G","VA","08VA","BUCHANAN","US","09/27","1800","50","TURF","","NONE","","","","","","","OWNER","2009/02/18","","","","","1","Modified","RWY_LEN LENGTH_SOURCE_DATE"
"2025/03/20","25658.8","G","VA","08VA","BUCHANAN","US","09/27","1200","50","TURF","","NONE","","","","","","","OWNER","2025/01/23","","","","","2","Modified","RWY_LEN LENGTH_SOURCE_DATE"
"2025/02/20","25794.1","A","VA","HLX","GALAX HILLSVILLE","US","01/19","4204","75","ASPH","FAIR","NONE","","","","","","MED","3RD PARTY SURVEY","2018/10/02","12.5","","","","1","Modified","RWY_LEN LENGTH_SOURCE_DATE"
"2025/03/20","25794.1","A","VA","HLX","GALAX HILLSVILLE","US","01/19","4151","75","ASPH","FAIR","NONE","","","","","","MED","3RD PARTY SURVEY","2023/12/04","12.5","","","","2","Modified","RWY_LEN LENGTH_SOURCE_DATE"
"2025/02/20","25830.","A","VA","HSP","HOT SPRINGS","US","07/25","5600","100","ASPH","FAIR","GRVD","","","","","","HIGH","NGS","2008/05/16","65","160","","","1","Modified","RWY_LEN_SOURCE LENGTH_SOURCE_DATE"
"2025/03/20","25830.","A","VA","HSP","HOT SPRINGS","US","07/25","5600","100","ASPH","FAIR","GRVD","","","","","","HIGH","3RD PARTY SURVEY","2023/12/02","65","160","","","2","Modified","RWY_LEN_SOURCE LENGTH_SOURCE_DATE"
"2025/02/20","25952.","A","VA","VA94","POWHATAN","US","07/25","1600","100","TURF","","NONE","","","","","","","","","","","","","2","Deleted",""
"2025/02/20","25973.35","A","VA","OFP","RICHMOND/ASHLAND","US","16/34","5402","100","ASPH","GOOD","PFC","","","","","","MED","3RD PARTY SURVEY","2023/09/14","40","","","","1","Modified","RWY_LGT_CODE"
"2025/03/20","25973.35","A","VA","OFP","RICHMOND/ASHLAND","US","16/34","5402","100","ASPH","GOOD","PFC","","","","","","HIGH","3RD PARTY SURVEY","2023/09/14","40","","","","2","Modified","RWY_LGT_CODE"
"2025/02/20","26216.","A","WA","GRF","FORT LEWIS/TACOMA","US","15/33","6124","150","ASPH","","NONE","55","F","A","W","T","HIGH","MILITARY","2014/06/02","","","","","1","Modified","PCN"
"2025/03/20","26216.","A","WA","GRF","FORT LEWIS/TACOMA","US","15/33","6124","150","ASPH","","NONE","44","F","A","W","T","HIGH","MILITARY","2014/06/02","","","","","2","Modified","PCN"
"2025/02/20","26304.505","H","WA","WA69","CUSICK","US","H1","200","100","CONC","","NONE","","","","","","PERI","MILITARY","2022/10/20","","","","","1","Modified","RWY_LEN RWY_WIDTH"
"2025/03/20","26304.505","H","WA","WA69","CUSICK","US","H1","150","80","CONC","","NONE","","","","","","PERI","MILITARY","2022/10/20","","","","","2","Modified","RWY_LEN RWY_WIDTH"
"2025/02/20","27004.01","A","WI","1WI8","ALGOMA","US","18/36","2600","100","TURF","","NONE","","","","","","","","","","","","","2","Deleted",""
"2025/02/20","27168.11","A","WI","35WI","EAST TROY","US","N/S","2350","130","TURF","","NONE","","","","","","LOW","","","","","","","2","Deleted",""
"2025/02/20","27356.","A","WI","MFI","MARSHFIELD","US","05/23","3597","100","ASPH","FAIR","NONE","","","","","","MED","3RD PARTY SURVEY","2009/11/04","35","45","","","1","Modified","RWY_LEN LENGTH_SOURCE_DATE"
"2025/03/20","27356.","A","WI","MFI","MARSHFIELD","US","05/23","3600","100","ASPH","FAIR","NONE","","","","","","MED","3RD PARTY SURVEY","2024/03/08","35","45","","","2","Modified","RWY_LEN LENGTH_SOURCE_DATE"
"2025/02/20","27356.","A","WI","MFI","MARSHFIELD","US","16/34","5002","100","ASPH","FAIR","NONE","","","","","","MED","3RD PARTY SURVEY","2009/11/04","35","50","","","1","Modified","RWY_LEN LENGTH_SOURCE_DATE"
"2025/03/20","27356.","A","WI","MFI","MARSHFIELD","US","16/34","5003","100","ASPH","FAIR","NONE","","","","","","MED","3RD PARTY SURVEY","2024/03/08","35","50","","","2","Modified","RWY_LEN LENGTH_SOURCE_DATE"
"2025/02/20","27427.1","A","WI","RNH","NEW RICHMOND","US","04/22","2050","75","TURF","FAIR","NONE","","","","","","","3RD PARTY SURVEY","2007/10/31","","","","","1","Modified","RWY_LEN LENGTH_SOURCE_DATE"
"2025/03/20","27427.1","A","WI","RNH","NEW RICHMOND","US","04/22","2006","75","TURF","FAIR","NONE","","","","","","","3RD PARTY SURVEY","2023/12/09","","","","","2","Modified","RWY_LEN LENGTH_SOURCE_DATE"
"2025/02/20","27427.1","A","WI","RNH","NEW RICHMOND","US","14/32","5507","75","ASPH","GOOD","NONE","","","","","","MED","3RD PARTY SURVEY","2007/10/31","30","60","","","1","Modified","LENGTH_SOURCE_DATE"
"2025/03/20","27427.1","A","WI","RNH","NEW RICHMOND","US","14/32","5507","75","ASPH","GOOD","NONE","","","","","","MED","3RD PARTY SURVEY","2023/12/09","30","60","","","2","Modified","LENGTH_SOURCE_DATE"
"2025/02/20","27813.","A","WY","JAC","JACKSON","US","01/19","6300","150","ASPH","EXCELLENT","GRVD","","","","","","HIGH","NGS","2002/09/05","120","187","287","","1","Modified","LENGTH_SOURCE_DATE"
"2025/03/20","27813.","A","WY","JAC","JACKSON","US","01/19","6300","150","ASPH","EXCELLENT","GRVD","","","","","","HIGH","NGS","2024/05/03","120","187","287","","2","Modified","LENGTH_SOURCE_DATE"
"2025/02/20","27878.","A","WY","RKS","ROCK SPRINGS","US","03/21","5228","75","ASPH","GOOD","PFC","","","","","","MED","3RD PARTY SURVEY","2012/12/13","59","88","159","","1","Modified","LENGTH_SOURCE_DATE"
"2025/03/20","27878.","A","WY","RKS","ROCK SPRINGS","US","03/21","5228","75","ASPH","GOOD","PFC","","","","","","MED","3RD PARTY SURVEY","2023/10/27","59","88","159","","2","Modified","LENGTH_SOURCE_DATE"
"2025/02/20","27878.","A","WY","RKS","ROCK SPRINGS","US","09/27","10000","150","ASPH","GOOD","GRVD","","","","","","HIGH","3RD PARTY SURVEY","2012/12/13","55","240","503","","1","Modified","RWY_LEN LENGTH_SOURCE_DATE"
"2025/03/20","27878.","A","WY","RKS","ROCK SPRINGS","US","09/27","10002","150","ASPH","GOOD","GRVD","","","","","","HIGH","3RD PARTY SURVEY","2023/10/27","55","240","503","","2","Modified","RWY_LEN LENGTH_SOURCE_DATE"
"2025/02/20","52250.2","A","HI","KOA","KAILUA/KONA","US","17/35","7000","150","ASPH","GOOD","GRVD","69","F","A","W","T","HIGH","ADO","2024/07/26","75","200","400","850","1","Modified","CITY"
"2025/03/20","52250.2","A","HI","KOA","KAILUA-KONA","US","17/35","7000","150","ASPH","GOOD","GRVD","69","F","A","W","T","HIGH","ADO","2024/07/26","75","200","400","850","2","Modified","CITY"
"2025/03/20","00438.03","H","AL","59AL","MOBILE","US","H1","40","40","CONC","FAIR","NONE","","","","","","","OWNER","2025/01/22","","","","","2","Added",""
"2025/03/20","01015.02","A","AR","80AR","HELENA","US","05/23","3168","80","TURF","FAIR","NONE","","","","","","","OWNER","2025/01/28","","","","","2","Added",""
"2025/03/20","01015.03","A","AR","51AS","HELENA","US","12/30","2929","100","ASPH-TURF","FAIR","NONE","","","","","","","OWNER","2025/02/03","","","","","2","Added",""
"2025/03/20","01015.04","A","AR","AS11","HELENA","US","11/29","2672","80","TURF","","NONE","","","","","","","OWNER","2025/02/04","","","","","2","Added",""
"2025/03/20","01035.27","A","AR","AS31","JONESBORO","US","18/36","2280","20","ASPH-GRVL","FAIR","NONE","","","","","","","OWNER","2025/01/28","","","","","2","Added",""
"2025/03/20","03222.356","H","FL","77FA","HALLANDALE BEACH","US","H1","50","50","TURF","","NONE","","","","","","","OWNER","2025/01/29","","","","","2","Added",""
"2025/03/20","03267.64","H","FL","21FD","KISSIMMEE","US","H1","40","40","CONC","","NONE","","","","","","","OWNER","2025/01/22","","","","","2","Added",""
"2025/03/20","03279.34","C","FL","FA92","LAKE CITY","US","18/36","6500","600","WATER","","NONE","","","","","","","OWNER","2025/01/22","","","","","2","Added",""
"2025/03/20","03618.91","H","GA","3GE9","ALBANY","US","H2","55","55","MATS","","NONE","","","","","","PERI","ADO","2025/01/22","","","","","2","Added",""
"2025/03/20","03639.12","H","GA","1GE8","ATLANTA","US","H2","55","55","ROOF-TOP","GOOD","NONE","","","","","","PERI","ADO","2024/01/29","","","","","2","Added",""
"2025/03/20","03781.8","H","GA","08GE","ELLABELL","US","H1","50","50","CONC","GOOD","NONE","","","","","","","ADO","2025/01/17","","","","","2","Added",""
"2025/03/20","03928.22","H","GA","97GE","MONROE","US","H1","100","100","TURF","FAIR","NONE","","","","","","","ADO","2025/01/14","","","","","2","Added",""
"2025/03/20","04224.7","A","ID","39ID","KENDRICK","US","09/27","600","50","TURF","","NONE","","","","","","","ADO","2025/02/10","","","","","2","Added",""
"2025/03/20","05249.755","A","IN","IN37","ELLETSVILLE","US","09/27","3157","100","TURF","","NONE","","","","","","NSTD","ADO","2025/01/14","","","","","2","Added",""
"2025/03/20","05952.935","A","IA","35IA","DE WITT","US","09/27","2804","92","TURF","","NONE","","","","","","","ADO","2025/01/29","","","","","2","Added",""
"2025/03/20","06520.03","A","KS","9KS9","CHENEY","US","18/36","2534","100","TURF","","NONE","","","","","","NSTD","ADO","2025/01/27","","","","","2","Added",""
"2025/03/20","06846.","A","KS","S44","PLAINS","US","02/20","1120","100","TURF","FAIR","NONE","","","","","","","ADO","2025/01/28","","","","","2","Added",""
"2025/03/20","06846.","A","KS","S44","PLAINS","US","08/26","2260","150","TURF","FAIR","NONE","","","","","","","ADO","2025/01/28","","","","","2","Added",""
"2025/03/20","06846.","A","KS","S44","PLAINS","US","17/35","3350","150","TURF","FAIR","NONE","","","","","","","ADO","2025/01/28","","","","","2","Added",""
"2025/03/20","06932.01","A","KS","7KS8","TOPEKA","US","18/36","1002","50","TURF","","NONE","","","","","","","ADO","2025/01/24","","","","","2","Added",""
"2025/03/20","06934.605","A","KS","6KS8","TOWANDA","US","17/35","2056","50","TURF","","NONE","","","","","","NSTD","ADO","2025/01/29","","","","","2","Added",""
"2025/03/20","07692.07","H","LA","2LA","OSCAR","US","H1","50","50","CONC","FAIR","NONE","","","","","","","OWNER","2025/01/27","","","","","2","Added",""
"2025/03/20","08148.565","C","ME","14ME","MONMOUTH","US","02W/20W","4000","200","WATER","","NONE","","","","","","","OWNER","2025/01/22","","","","","2","Added",""
"2025/03/20","10428.01","C","MI","MI37","WATERSMEET","US","08W/26W","3662","100","WATER","","NONE","","","","","","","FAA","2025/01/23","","","","","2","Added",""
"2025/03/20","10979.53","H","MN","6MY2","SANDSTONE","US","H1","42","42","CONC","","NONE","","","","","","PERI","OWNER","2025/01/29","","","","","2","Added",""
"2025/03/20","11730.75","A","MO","7MO8","FOSTER","US","18/36","2570","30","TURF","FAIR","NONE","","","","","","","REGION","2025/01/29","","","","","2","Added",""
"2025/03/20","12342.03","H","MT","37MT","ENNIS","US","H1","40","40","CONC","","NONE","","","","","","","ADO","2025/02/10","","","","","2","Added",""
"2025/03/20","12342.03","H","MT","37MT","ENNIS","US","H2","40","40","CONC","","NONE","","","","","","","ADO","2025/02/12","","","","","2","Added",""
"2025/03/20","12679.25","A","NE","28NE","CLARKSON","US","18/36","2632","100","TURF","","NONE","","","","","","","OWNER","2025/01/30","","","","","2","Added",""
"2025/03/20","13563.82","H","NJ","57NJ","BRICK","US","H1","46","46","CONC","","NONE","","","","","","PERI","OWNER","2025/01/22","","","","","2","Added",""
"2025/03/20","16723.023","H","NC","NC83","FAYETTEVILLE","US","H2","65","65","ROOF-TOP","GOOD","NONE","","","","","","PERI","ADO","2025/01/28","","","","","2","Added",""
"2025/03/20","16723.023","H","NC","NC83","FAYETTEVILLE","US","H3","43","43","ROOF-TOP","GOOD","NONE","","","","","","PERI","ADO","2025/01/28","","","","","2","Added",""
"2025/03/20","19354.1","H","OR","OG03","ASTORIA","US","H2","40","40","ASPH-CONC","","NONE","","","","","","PERI","ADO","2025/01/27","","","","","2","Added",""
"2025/03/20","19851.74","H","PA","63PA","BETHLEHEM","US","H2","55","55","ASPH-CONC","","NONE","","","","","","PERI","OWNER","2025/01/22","","","","","2","Added",""
"2025/03/20","20284.01","H","PA","PA34","EASTON","US","H2","55","55","ROOF-TOP","","NONE","","","","","","","OWNER","2025/01/22","","","","","2","Added",""
"2025/03/20","23014.","A","TN","HZD","HUNTINGDON","US","H1","50","50","CONC-DIRT","","NONE","","","","","","","ADO","2025/01/03","","","","","2","Added",""
"2025/03/20","23337.91","A","TX","TT47","ANNA","US","18/36","2100","50","TURF","FAIR","NONE","","","","","","","OWNER","2025/02/12","","","","","2","Added",""
"2025/03/20","23574.13","A","TX","99TA","CASTROVILLE","US","09/27","1205","40","TURF","FAIR","NONE","","","","","","","OWNER","2025/02/10","","","","","2","Added",""
"2025/03/20","23662.02","H","TX","7XA1","CORPUS CHRISTI","US","H1","28","28","CONC","","NONE","","","","","","","OWNER","2025/01/23","","","","","2","Added",""
"2025/03/20","24189.9","A","TX","TT34","LANGTRY","US","09/27","3164","50","ASPH-TRTD","GOOD","NONE","","","","","","","OWNER","2025/01/28","","","","","2","Added",""
"2025/03/20","24711.06","H","TX","XA73","SAN ANTONIO","US","H1","45","45","CONC","EXCELLENT","NONE","","","","","","PERI","ARPTS CONTRACTOR","2025/01/17","","","","","2","Added",""
"2025/03/20","24744.01","A","TX","TX32","SANTO","US","15/33","3655","55","ASPH","","NONE","","","","","","NSTD","OWNER","2025/02/06","","","","","2","Added",""
"2025/03/20","24765.05","H","TX","61XS","SELMA","US","H1","45","45","CONC","EXCELLENT","NONE","","","","","","PERI","ARPTS CONTRACTOR","2025/01/17","","","","","2","Added",""
"2025/03/20","24868.81","A","TX","TT11","SULPHUR SPRINGS","US","18/36","1789","103","TURF","FAIR","NONE","","","","","","","OWNER","2025/01/21","","","","","2","Added",""
"2025/03/20","26367.","A","WA","WT03","PRESCOTT","US","08/26","696","50","TURF","","NONE","","","","","","","ADO","2025/01/15","","","","","2","Added",""
"2025/03/20","26466.11","A","WA","5WA4","WHITE SWAN","US","01/19","1690","50","TURF","","NONE","","","","","","","ADO","2025/01/07","","","","","2","Added",""
"2025/03/20","42288.53","A","ID","43ID","KOOSKIA","US","18/36","1200","50","TURF","","NONE","","","","","","","ADO","2025/02/11","","","","","2","Added",""
