"EFF_DATE","SITE_NO","SITE_TYPE_CODE","STATE_CODE","ARPT_ID","CITY","COUNTRY_CODE","TITLE","NAME","ADDRESS1","ADDRESS2","TITLE_CITY","STATE","ZIP_CODE","ZIP_PLUS_FOUR","PHONE_NO","File","Action","Mods"
"2025/02/20","00133.5","A","AL","1M3","ARDMORE","US","MANAGER","LORETTA TRULSON","ARDMORE AVN","28825 ARPT LANE","ARDMORE","AL","35739","","256-423-2736","1","Modified","NAME PHONE_NO"
"2025/03/20","00133.5","A","AL","1M3","ARDMORE","US","MANAGER","LANNIE TOWE","ARDMORE AVN","28825 ARPT LANE","ARDMORE","AL","35739","","256-566-2435","2","Modified","NAME PHONE_NO"
"2025/02/20","00133.5","A","AL","1M3","ARDMORE","US","OWNER","LORETTA TRULSON","28825 AIRPORT LANE","","ARDMORE","AL","35739","","256-423-2736","1","Modified","NAME ADDRESS1 TITLE_CITY ZIP_CODE PHONE_NO"
"2025/03/20","00133.5","A","AL","1M3","ARDMORE","US","OWNER","LANNIE TOWE","3079 TOWE ROAD","","MADISON","AL","35756","","256-566-2435","2","Modified","NAME ADDRESS1 TITLE_CITY ZIP_CODE PHONE_NO"
"2025/02/20","00344.1","A","AL","33J","GENEVA","US","MANAGER","BRYAN PIKE","304 AIRPORT ROAD","","GENEVA","AL","36340","","334-399-1779","1","Modified","ADDRESS1"
"2025/03/20","00344.1","A","AL","33J","GENEVA","US","MANAGER","BRYAN PIKE","304 AIRPORT AVENUE","","GENEVA","AL","36340","","334-399-1779","2","Modified","ADDRESS1"
"2025/02/20","00359.7","A","AL","JKA","GULF SHORES","US","MANAGER","SCOTT FULLER","PO BOX 919","","GULF SHORES","AL","36547","","251-967-3968","1","Modified","NAME"
"2025/03/20","00359.7","A","AL","JKA","GULF SHORES","US","MANAGER","JESSE FOSNAUGH","PO BOX 919","","GULF SHORES","AL","36547","","251-967-3968","2","Modified","NAME"
"2025/02/20","00498.","A","AL","7A5","ROANOKE","US","MANAGER","JAMES JOHNSON","P.O. BOX 1270","","ROANOKE","AL","36274","","334-338-4240","1","Modified","PHONE_NO"
"2025/03/20","00498.","A","AL","7A5","ROANOKE","US","MANAGER","JAMES JOHNSON","P.O. BOX 1270","","ROANOKE","AL","36274","","334-863-4129","2","Modified","PHONE_NO"
"2025/02/20","00753.","A","AZ","IWA","PHOENIX","US","MANAGER","J BRIAN ONEILL","PHX-MESA GATEWAY AIRPORT AUTHORITY","5835 S. SOSSAMAN ROAD","MESA","AZ","85212","0919","480-988-7708","1","Modified","ADDRESS1 PHONE_NO"
"2025/03/20","00753.","A","AZ","IWA","PHOENIX","US","MANAGER","J BRIAN ONEILL","MESA GATEWAY AIRPORT AUTHORITY,","5835 S. SOSSAMAN ROAD","MESA","AZ","85212","0919","480-988-7608","2","Modified","ADDRESS1 PHONE_NO"
"2025/02/20","00886.8","A","AR","VBT","BENTONVILLE","US","MANAGER","MARK SLAUGHTER","1000 SW 14TH STREET","","BENTONVILLE","AR","72712","","479-409-3958","1","Modified","PHONE_NO"
"2025/03/20","00886.8","A","AR","VBT","BENTONVILLE","US","MANAGER","MARK SLAUGHTER","1000 SW 14TH STREET","","BENTONVILLE","AR","72712","","479-254-2084","2","Modified","PHONE_NO"
"2025/02/20","00999.583","A","AR","30AR","GREERS FERRY","US","MANAGER","FLOYD B. BONNETTE III","6233 HWY 5 NORTH","","BRYANT","AR","72022","","501-847-2311","1","Modified","PHONE_NO"
"2025/03/20","00999.583","A","AR","30AR","GREERS FERRY","US","MANAGER","FLOYD B. BONNETTE III","6233 HWY 5 NORTH","","BRYANT","AR","72022","","501-860-1613","2","Modified","PHONE_NO"
"2025/02/20","01293.","H","CA","7CA5","BALCH CAMP","US","MANAGER","JOHN MOORE","PO BOX 1000","","AUBERRY","CA","93602","","559-855-6211","1","Modified","NAME ADDRESS1 ADDRESS2 TITLE_CITY ZIP_CODE PHONE_NO"
"2025/03/20","01293.","H","CA","7CA5","BALCH CAMP","US","MANAGER","PETE ANDERSON","301 COUNTY AIRPORT RD","SUITE 207","VACAVILLE","CA","95688","","209-662-1101","2","Modified","NAME ADDRESS1 ADDRESS2 TITLE_CITY ZIP_CODE PHONE_NO"
"2025/02/20","01293.","H","CA","7CA5","BALCH CAMP","US","OWNER","PACIFIC GAS & ELECTRIC CO.","PO BOX 1000","","AUBERRY","CA","93602","","209-855-6211","1","Modified","ADDRESS1 ADDRESS2 TITLE_CITY ZIP_CODE PHONE_NO"
"2025/03/20","01293.","H","CA","7CA5","BALCH CAMP","US","OWNER","PACIFIC GAS & ELECTRIC CO.","301 COUNTY AIRPORT RD","SUITE 207","VACAVILLE","CA","95688","","707-449-5832","2","Modified","ADDRESS1 ADDRESS2 TITLE_CITY ZIP_CODE PHONE_NO"
"2025/02/20","01354.61","H","CA","34CL","BURNEY","US","MANAGER","MANAGER OF HELICOPTER OPERATIONS","301 COUNTY AIRPORT RD","","VACAVILLE","CA","95688","","707-449-5832","1","Modified","NAME ADDRESS2"
"2025/03/20","01354.61","H","CA","34CL","BURNEY","US","MANAGER","PETE ANDERSON","301 COUNTY AIRPORT RD","SUITE 207","VACAVILLE","CA","95688","","707-449-5832","2","Modified","NAME ADDRESS2"
"2025/02/20","01354.61","H","CA","34CL","BURNEY","US","OWNER","PACIFIC GAS & ELECTRIC CO","ROUTE 1, BOX 50","","BURNEY","CA","96013","","916-335-4536","1","Modified","ADDRESS1 ADDRESS2 TITLE_CITY ZIP_CODE PHONE_NO"
"2025/03/20","01354.61","H","CA","34CL","BURNEY","US","OWNER","PACIFIC GAS & ELECTRIC CO","301 COUNTY AIRPORT RD","SUITE 207","VACAVILLE","CA","95688","","707-449-5834","2","Modified","ADDRESS1 ADDRESS2 TITLE_CITY ZIP_CODE PHONE_NO"
"2025/02/20","01443.","A","CA","0O4","CORNING","US","MANAGER","ROBIN KAMPMANN","794 3RD STREET","","CORNING","CA","96021","","530-824-7025","1","Modified","NAME"
"2025/03/20","01443.","A","CA","0O4","CORNING","US","MANAGER","ELIJAH STANLEY","794 3RD STREET","","CORNING","CA","96021","","530-824-7025","2","Modified","NAME"
"2025/02/20","01455.33","H","CA","83CA","COSTA MESA","US","MANAGER","CARMEN TORRE","575 ANTON BLVD SUITE 350","","COSTA MESA","CA","92626","7169","(949) 427-5200","1","Modified","NAME PHONE_NO"
"2025/03/20","01455.33","H","CA","83CA","COSTA MESA","US","MANAGER","MEGAN ALLEN","575 ANTON BLVD SUITE 350","","COSTA MESA","CA","92626","7169","949-427-5200","2","Modified","NAME PHONE_NO"
"2025/02/20","01455.33","H","CA","83CA","COSTA MESA","US","OWNER","PR II/MCC S COAST PROP OWNER, LLC","575 ANTON BLVD SUITE 350","","COSTA MESA","CA","92626","","714-751-0200","1","Modified","PHONE_NO"
"2025/03/20","01455.33","H","CA","83CA","COSTA MESA","US","OWNER","PR II/MCC S COAST PROP OWNER, LLC","575 ANTON BLVD SUITE 350","","COSTA MESA","CA","92626","","949-427-5200","2","Modified","PHONE_NO"
"2025/02/20","01608.7","A","CA","E36","GEORGETOWN","US","OWNER","COUNTY OF EL DORADO","2850 FAIRLANE COURT","","PLACERVILLE","CA","95667","","(530) 622-0459","1","Modified","ADDRESS1"
"2025/03/20","01608.7","A","CA","E36","GEORGETOWN","US","OWNER","COUNTY OF EL DORADO","330 FAIR LANE","","PLACERVILLE","CA","95667","","(530) 622-0459","2","Modified","ADDRESS1"
"2025/02/20","01754.2","A","CA","WJF","LANCASTER","US","MANAGER","SAMUEL MAGHAKIAN","4725 WILLIAM J BARNES AVE","","LANCASTER","CA","93536","","661-940-1709","1","Modified","NAME PHONE_NO"
"2025/03/20","01754.2","A","CA","WJF","LANCASTER","US","MANAGER","ADAM SIKORSKI","4725 WILLIAM J BARNES AVE","","LANCASTER","CA","93536","","661-945-0078","2","Modified","NAME PHONE_NO"
"2025/02/20","01794.","A","CA","LGB","LONG BEACH","US","OWNER","CITY OF LONG BEACH","CITY HALL 333 W. OCEAN","","LONG BEACH","CA","90802","","562-570-2600","1","Modified","PHONE_NO"
"2025/03/20","01794.","A","CA","LGB","LONG BEACH","US","OWNER","CITY OF LONG BEACH","CITY HALL 333 W. OCEAN","","LONG BEACH","CA","90802","","562-570-2640","2","Modified","PHONE_NO"
"2025/02/20","01886.","A","CA","MCE","MERCED","US","MANAGER","FRANK QUINTERO","20 MACREADY DR.","","MERCED","CA","95341","","209-385-6873","1","Modified","NAME"
"2025/03/20","01886.","A","CA","MCE","MERCED","US","MANAGER","RHETT WILLIAMS","20 MACREADY DR.","","MERCED","CA","95341","","209-385-6873","2","Modified","NAME"
"2025/02/20","02092.","A","CA","REI","REDLANDS","US","MANAGER","ADARIAN ""AJ"" LAWSON","1745 SESSUMS DRIVE","","REDLANDS","CA","92373","","909-557-8520","1","Modified","NAME"
"2025/03/20","02092.","A","CA","REI","REDLANDS","US","MANAGER","DONALD CRAW","1745 SESSUMS DRIVE","","REDLANDS","CA","92373","","909-557-8520","2","Modified","NAME"
"2025/02/20","02127.","A","CA","SAC","SACRAMENTO","US","MANAGER","LARRY FLESHMAN","6151 FREEPORT BLVD","","SACRAMENTO","CA","95822","","916-875-9035","1","Modified","NAME"
"2025/03/20","02127.","A","CA","SAC","SACRAMENTO","US","MANAGER","RON OGLE","6151 FREEPORT BLVD","","SACRAMENTO","CA","95822","","916-875-9035","2","Modified","NAME"
"2025/02/20","02127.","A","CA","SAC","SACRAMENTO","US","OWNER","CITY OF SACRAMENTO","6151 FREEPORT BLVD.","","SACRAMENTO","CA","95322","3518","916-929-5411","1","Modified","PHONE_NO"
"2025/03/20","02127.","A","CA","SAC","SACRAMENTO","US","OWNER","CITY OF SACRAMENTO","6151 FREEPORT BLVD.","","SACRAMENTO","CA","95322","3518","916-875-9035","2","Modified","PHONE_NO"
"2025/02/20","02165.03","H","CA","CN17","SAN DIEGO","US","MANAGER","ROY ROBINSON","3020 CHILDREN'S WAY","","SAN DIEGO","CA","92123","4282","858-576-1700","1","Modified","NAME"
"2025/03/20","02165.03","H","CA","CN17","SAN DIEGO","US","MANAGER","TEDDY ELLIS","3020 CHILDREN'S WAY","","SAN DIEGO","CA","92123","4282","858-576-1700","2","Modified","NAME"
"2025/02/20","02165.03","H","CA","CN17","SAN DIEGO","US","OWNER","RADY CHILDRENS HOSPITAL - SAN DIEGO","3020 CHILDREN'S WAY","","SAN DIEGO","CA","92123","4282","858-576-1700","1","Modified","NAME"
"2025/03/20","02165.03","H","CA","CN17","SAN DIEGO","US","OWNER","RADY CHILDRENS HEALTH","3020 CHILDREN'S WAY","","SAN DIEGO","CA","92123","4282","858-576-1700","2","Modified","NAME"
"2025/02/20","02347.","H","CA","18CA","TEMPLETON","US","MANAGER","MARK LISA,CEO","1100 LAS TABLAS ROAD","","TEMPLETON","CA","93465","","805-434-3500","1","Modified","NAME PHONE_NO"
"2025/03/20","02347.","H","CA","18CA","TEMPLETON","US","MANAGER","TOM PETERSON","1100 LAS TABLAS ROAD","","TEMPLETON","CA","93465","","805-434-4691","2","Modified","NAME PHONE_NO"
"2025/02/20","02347.","H","CA","18CA","TEMPLETON","US","OWNER","TWIN CITIES COMMUNITY HOSPITAL","1100 LAS TABLAS ROAD","","TEMPLETON","CA","93465","","805-434-2813","1","Modified","NAME"
"2025/03/20","02347.","H","CA","18CA","TEMPLETON","US","OWNER","ADVENTIST HEALTH TWIN CITIES","1100 LAS TABLAS ROAD","","TEMPLETON","CA","93465","","805-434-2813","2","Modified","NAME"
"2025/02/20","02467.42","H","CA","96CA","WOODLAND HILLS","US","MANAGER","JEFF HERRERA","21600 OXNARD ST. SUITE 1000","","WOODLAND HILLS","CA","91367","","(818) 593-6177","1","Modified","NAME ADDRESS1 PHONE_NO"
"2025/03/20","02467.42","H","CA","96CA","WOODLAND HILLS","US","MANAGER","HEDI RASHIDI","21800 OXNARD STREET, SUITE 1000","","WOODLAND HILLS","CA","91367","","818-593-6177","2","Modified","NAME ADDRESS1 PHONE_NO"
"2025/02/20","02467.42","H","CA","96CA","WOODLAND HILLS","US","OWNER","DOUGLAS EMMETT","21600 OXNARD ST. SUITE 300","","WOODLAND HILLS","CA","91367","","818-593-6100","1","Modified","NAME ADDRESS1 PHONE_NO"
"2025/03/20","02467.42","H","CA","96CA","WOODLAND HILLS","US","OWNER","DOUGLAS EMMETT 2000, LLC","21800 OXNARD STREET, SUITE 1000","","WOODLAND HILLS","CA","91367","","818-593-6177","2","Modified","NAME ADDRESS1 PHONE_NO"
"2025/02/20","02785.","A","CT","BDR","BRIDGEPORT","US","MANAGER","MICHELLE MUOIO","1000 GREAT MEADOW RD","","STRATFORD","CT","06497","","203-576-8163","1","Modified","NAME"
"2025/03/20","02785.","A","CT","BDR","BRIDGEPORT","US","MANAGER","THOMAS NORKO","1000 GREAT MEADOW RD","","STRATFORD","CT","06497","","203-576-8163","2","Modified","NAME"
"2025/02/20","02785.01","H","CT","0CT7","BRIDGEPORT","US","MANAGER","PAUL POSSENTI","267 GRANT ST","","BRIDGEPORT","CT","06610","","(203) 384-3116","1","Modified","PHONE_NO"
"2025/03/20","02785.01","H","CT","0CT7","BRIDGEPORT","US","MANAGER","PAUL POSSENTI","267 GRANT ST","","BRIDGEPORT","CT","06610","","203-384-3000","2","Modified","PHONE_NO"
"2025/02/20","03121.13","H","FL","1FL8","COCOA BEACH","US","MANAGER","ROBIN RICE SAFETY/SECURITY OFFICER","1350 S. HICKORY ST.","","MELBOURNE","FL","32901","","(321) 434-3220","1","Modified","NAME ADDRESS1 ADDRESS2 PHONE_NO"
"2025/03/20","03121.13","H","FL","1FL8","COCOA BEACH","US","MANAGER","TIFFANY BASSANI","3300 S FISKE BLVD BUILDING B","1ST FLOOR PATIENT LOGISTICS","MELBOURNE","FL","32901","","321-434-1848","2","Modified","NAME ADDRESS1 ADDRESS2 PHONE_NO"
"2025/02/20","03206.11","A","FL","52FL","FROSTPROOF","US","MANAGER","LAPSLEY CALDWELL","P.O. BOX 1242","","FROSTPROOF","FL","33843","","772-485-0461","1","Modified","NAME ADDRESS1 PHONE_NO"
"2025/03/20","03206.11","A","FL","52FL","FROSTPROOF","US","MANAGER","REB STIMSON","282 AIRPORT RD","","FROSTPROOF","FL","33843","","817-343-7556","2","Modified","NAME ADDRESS1 PHONE_NO"
"2025/02/20","03206.11","A","FL","52FL","FROSTPROOF","US","OWNER","LAKE CLINCH AIRPARK ASSOCIATION","P.O. BOX 1242","","FROSTPROOF","FL","33843","","772-485-0461","1","Modified","ADDRESS1 PHONE_NO"
"2025/03/20","03206.11","A","FL","52FL","FROSTPROOF","US","OWNER","LAKE CLINCH AIRPARK ASSOCIATION","282 AIRPORT RD","","FROSTPROOF","FL","33843","","817-343-7556","2","Modified","ADDRESS1 PHONE_NO"
"2025/02/20","03324.9","H","FL","71FL","MIAMI","US","MANAGER","LLOYD WALSH","9100 NW 36TH ST","","MIAMI","FL","33152","","305-471-6420","1","Modified","NAME PHONE_NO"
"2025/03/20","03324.9","H","FL","71FL","MIAMI","US","MANAGER","JUSTIN BROOKS","9100 NW 36TH ST","","MIAMI","FL","33152","","305-471-6495","2","Modified","NAME PHONE_NO"
"2025/02/20","03339.51","H","FL","FL93","MIAMI BEACH","US","MANAGER","TERRY GLANVILLE","4300 ALTON RD","","MIAMI BEACH","FL","33140","","305-674-2867","1","Modified","NAME PHONE_NO"
"2025/03/20","03339.51","H","FL","FL93","MIAMI BEACH","US","MANAGER","APRIL HOYT","4300 ALTON RD","","MIAMI BEACH","FL","33140","","305-674-2611","2","Modified","NAME PHONE_NO"
"2025/02/20","03640.35","H","GA","31GA","ATLANTA","US","OWNER","MEREDITH CORPORATION","425 14TH STREET NW","","ATLANTA","GA","30318","","404-325-4646","1","Modified","NAME"
"2025/03/20","03640.35","H","GA","31GA","ATLANTA","US","OWNER","GRAY LOCAL MEDIA","425 14TH STREET NW","","ATLANTA","GA","30318","","404-325-4646","2","Modified","NAME"
"2025/02/20","03912.6","H","GA","56GA","MARIETTA","US","MANAGER","ADAM BOMAR - EMS COORDINATOR","677 CHURCH ST","","MARIETTA","GA","30060","","770-793-5081","1","Modified","NAME PHONE_NO"
"2025/03/20","03912.6","H","GA","56GA","MARIETTA","US","MANAGER","CHAD CORLISS","677 CHURCH ST","","MARIETTA","GA","30060","","470-793-0424","2","Modified","NAME PHONE_NO"
"2025/02/20","03935.","A","GA","MGR","MOULTRIE","US","MANAGER","MIKE BOYD","1 TERRACE COURT","","MOULTRIE","GA","31788","","(229) 873-4278","1","Modified","NAME ADDRESS1 ZIP_CODE PHONE_NO"
"2025/03/20","03935.","A","GA","MGR","MOULTRIE","US","MANAGER","ALAN MATHIS","189 AIRPORT DRIVE","","MOULTRIE","GA","31768","","229-890-9464","2","Modified","NAME ADDRESS1 ZIP_CODE PHONE_NO"
"2025/02/20","04109.","A","GA","WDR","WINDER","US","MANAGER","WANDA MITCHELL","841 RONALD WOOD RD","","WINDER","GA","30680","","770-307-3013","1","Modified","NAME"
"2025/03/20","04109.","A","GA","WDR","WINDER","US","MANAGER","WILLIAM REIDLING","841 RONALD WOOD RD","","WINDER","GA","30680","","770-307-3013","2","Modified","NAME"
"2025/02/20","04127.","H","ID","ID46","AHSAHKA","US","MANAGER","GREGORY A. PARKER, OPERATIONS MGR.","DWORSHAK PROJECT, PO BOX 48","","ASHAHKA","ID","83520","","(208) 476-1251","1","Modified","NAME PHONE_NO"
"2025/03/20","04127.","H","ID","ID46","AHSAHKA","US","MANAGER","LUCIAN STEWART","DWORSHAK PROJECT, PO BOX 48","","ASHAHKA","ID","83520","","208-476-1251","2","Modified","NAME PHONE_NO"
"2025/02/20","04230.9","A","ID","01ID","LAVA HOT SPRINGS","US","MANAGER","REED WHITE","PO BOX 300","","LAVA HOT SPRINGS","ID","83246","","877-360-2582","1","Modified","NAME ADDRESS1 PHONE_NO"
"2025/03/20","04230.9","A","ID","01ID","LAVA HOT SPRINGS","US","MANAGER","BRYCE CHURCH","PO BOX 13","","LAVA HOT SPRINGS","ID","83246","","208-530-8836","2","Modified","NAME ADDRESS1 PHONE_NO"
"2025/02/20","04230.9","A","ID","01ID","LAVA HOT SPRINGS","US","OWNER","REED WHITE","PO BOX 300","","LAVA HOT SPRINGS","ID","83246","","877-360-2582","1","Modified","NAME ADDRESS1 PHONE_NO"
"2025/03/20","04230.9","A","ID","01ID","LAVA HOT SPRINGS","US","OWNER","LAVA AIRPARK HOMEOWNERS ASSOC, INC","PO BOX 13","","LAVA HOT SPRINGS","ID","83246","","208-221-4740","2","Modified","NAME ADDRESS1 PHONE_NO"
"2025/02/20","04565.","A","IL","0IS3","DEER GROVE","US","MANAGER","","","","","","","","","1","Modified","NAME ADDRESS1 TITLE_CITY STATE ZIP_CODE PHONE_NO"
"2025/03/20","04565.","A","IL","0IS3","DEER GROVE","US","MANAGER","LESLIE CADY","5305 HOOVER RD","","ROCK FALLS","IL","61071","","815-590-2239","2","Modified","NAME ADDRESS1 TITLE_CITY STATE ZIP_CODE PHONE_NO"
"2025/02/20","04565.","A","IL","0IS3","DEER GROVE","US","OWNER","NEIL CADY","24 GRANDVIEW CT","","LAKE OZARK","MO","65049","","815-718-1366","1","Modified","ADDRESS1 TITLE_CITY STATE ZIP_CODE"
"2025/03/20","04565.","A","IL","0IS3","DEER GROVE","US","OWNER","NEIL CADY","19-50 MAPLEWOOD CT","","LANARK","IL","61046","","815-718-1366","2","Modified","ADDRESS1 TITLE_CITY STATE ZIP_CODE"
"2025/02/20","04601.","A","IL","IL99","EARLVILLE","US","MANAGER","ROBERT M. DOUGHTY","1047 N 4550TH RD","","EARLVILLE","IL","60518","","815-866-9388","2","Deleted",""
"2025/02/20","04601.","A","IL","IL99","EARLVILLE","US","OWNER","ROBERT M. DOUGHTY","1047 N 4550TH RD","","EARLVILLE","IL","60518","","815-866-9387","2","Deleted",""
"2025/02/20","04618.01","H","IL","2IL8","ELGIN","US","MANAGER","LINDA SCHUMM","1 LANGHORNE BOND DROVE","","SPRINGFIELD","IL","62707","","(217) 785-8515","2","Deleted",""
"2025/02/20","04618.01","H","IL","2IL8","ELGIN","US","OWNER","ILLINOIS DOT","1 LANGHORNE BOND DROVE","","SPRINGFIELD","IL","62707","","(217) 785-8515","2","Deleted",""
"2025/02/20","04744.5","H","IL","9IL5","HIGHLAND PARK","US","MANAGER","LARRY AMIDEI -- CHIEF","1130 CENTRAL AVE","","HIGHLAND PARK","IL","60035","3299","847-926-1067","1","Modified","NAME PHONE_NO"
"2025/03/20","04744.5","H","IL","9IL5","HIGHLAND PARK","US","MANAGER","JOE O'NEIL","1130 CENTRAL AVE","","HIGHLAND PARK","IL","60035","3299","847-926-1146","2","Modified","NAME PHONE_NO"
"2025/02/20","04846.55","A","IL","58IL","MANTENO","US","MANAGER","ROBERT SPANGLER","8504 NORTH 1000 EAST ROAD","","MANTENO","IL","60950","","815-468-8740","2","Deleted",""
"2025/02/20","04846.55","A","IL","58IL","MANTENO","US","OWNER","ROBERT SPANGLER","8504 NORTH 1000 EAST ROAD","","MANTENO","IL","60950","","815-468-8740","2","Deleted",""
"2025/02/20","04955.03","H","IL","LL08","PRINCETON","US","MANAGER","STEVEN R. NELSON","308 W. RAILROAD AVE","","PRINCETON","IL","61356","","815-872-3206","2","Deleted",""
"2025/02/20","04955.03","H","IL","LL08","PRINCETON","US","OWNER","ADVANCED ASPHALT CO.","308 W. RAILROAD AVE","","PRINCETON","IL","61356","","815-872-3206","2","Deleted",""
"2025/02/20","04999.21","A","IL","2LL1","SHERIDAN","US","MANAGER","","","","","","","","","2","Deleted",""
"2025/02/20","04999.21","A","IL","2LL1","SHERIDAN","US","OWNER","WALTER D. CWIAN","2508 N 42ND RD","","SHERIDAN","IL","60551","","(815) 236-2902","2","Deleted",""
"2025/02/20","05126.1","H","IN","2IG6","BLOOMINGTON","US","MANAGER","MARK MC MUTH, VP, SUPPORT SERVICES","601 WEST SECOND ST.","","BLOOMINGTON","IN","47403","","812-353-9557","1","Modified","NAME"
"2025/03/20","05126.1","H","IN","2IG6","BLOOMINGTON","US","MANAGER","MARK MC MUTH  VP SUPPORT SERVICES","601 WEST SECOND ST.","","BLOOMINGTON","IN","47403","","812-353-9557","2","Modified","NAME"
"2025/02/20","05126.1","H","IN","2IG6","BLOOMINGTON","US","OWNER","INDIANA UNIV. HEALTH BLOOMINGTON","601 WEST SECOND ST.","","BLOOMINGTON","IN","47403","","812-353-9557","1","Modified","NAME"
"2025/03/20","05126.1","H","IN","2IG6","BLOOMINGTON","US","OWNER","INDIANA UNIV HEALTH BLOOMINGTON","601 WEST SECOND ST.","","BLOOMINGTON","IN","47403","","812-353-9557","2","Modified","NAME"
"2025/02/20","05514.01","H","IN","IN28","MUNSTER","US","MANAGER","TIM CAMPBELL","901 MAC ARTHUR BLVD","","MUNSTER","IN","46321","","219-703-1500","1","Modified","PHONE_NO"
"2025/03/20","05514.01","H","IN","IN28","MUNSTER","US","MANAGER","TIM CAMPBELL","901 MAC ARTHUR BLVD","","MUNSTER","IN","46321","","219-836-1600","2","Modified","PHONE_NO"
"2025/02/20","05514.01","H","IN","IN28","MUNSTER","US","OWNER","MUNSTER MED RES FOUN","901 MAC ARTHUR BLVD","","MUNSTER","IN","46321","","219-836-1600","1","Modified","NAME"
"2025/03/20","05514.01","H","IN","IN28","MUNSTER","US","OWNER","MUNSTER COMMUNITY HOSPITAL","901 MAC ARTHUR BLVD","","MUNSTER","IN","46321","","219-836-1600","2","Modified","NAME"
"2025/02/20","05846.01","A","IA","TZT","BELLE PLAINE","US","MANAGER","STEPHEN BECK","1207 - 8TH AVENUE ","","BELLE PLAINE","IA","52208","","319-455-6933","1","Modified","PHONE_NO"
"2025/03/20","05846.01","A","IA","TZT","BELLE PLAINE","US","MANAGER","STEPHEN BECK","1207 - 8TH AVENUE ","","BELLE PLAINE","IA","52208","","319-310-3918","2","Modified","PHONE_NO"
"2025/02/20","06700.12","H","KS","6KS9","KANSAS CITY","US","MANAGER","DEREK W. NOVOTNEY","8929 PARALLEL PKWY","","KANSAS CITY","KS","66112","","(913) 596-4630","1","Modified","NAME PHONE_NO"
"2025/03/20","06700.12","H","KS","6KS9","KANSAS CITY","US","MANAGER","JOHN L FANKHAUSER","8929 PARALLEL PKWY","","KANSAS CITY","KS","66112","","913-596-3712","2","Modified","NAME PHONE_NO"
"2025/02/20","06737.9","A","KS","39K","LYNDON","US","MANAGER","JAMES SUTTON","14606 FLOYD STREET","","OVERLAND PARK","KS","66223","","316-882-1540","1","Modified","NAME ADDRESS1 TITLE_CITY ZIP_CODE PHONE_NO"
"2025/03/20","06737.9","A","KS","39K","LYNDON","US","MANAGER","DANIEL SNIDER","6420 SE STUBBS RD","","BERRYTON","KS","66409","","785-554-3667","2","Modified","NAME ADDRESS1 TITLE_CITY ZIP_CODE PHONE_NO"
"2025/02/20","06737.9","A","KS","39K","LYNDON","US","OWNER","FLINT HILLS HORIZON HOLDING COMPANY","14606 FLOYD STREET","","OVERLAND PARK","KS","66223","","316-882-1540","1","Modified","NAME ADDRESS1 TITLE_CITY ZIP_CODE PHONE_NO"
"2025/03/20","06737.9","A","KS","39K","LYNDON","US","OWNER","DANIEL SNIDER","6420 SE STUBBS RD","","BERRYTON","KS","66409","","785-554-3667","2","Modified","NAME ADDRESS1 TITLE_CITY ZIP_CODE PHONE_NO"
"2025/02/20","06846.","A","KS","2KS5","PLAINS","US","MANAGER","JUNE BENDER","CITY OF PLAINS","","PLAINS","KS","67869","","620-563-7611","2","Deleted",""
"2025/02/20","06846.","A","KS","2KS5","PLAINS","US","OWNER","CITY OF PLAINS","","","PLAINS","KS","67869","","620-563-7611","2","Deleted",""
"2025/02/20","07015.02","H","KY","7KY6","ALBANY","US","MANAGER","TERRY DILLON","115 GRIDER HILL LODGE RD","","ALBANY","KY","42602","","765-479-9001","1","Modified","NAME PHONE_NO"
"2025/03/20","07015.02","H","KY","7KY6","ALBANY","US","MANAGER","MARK SETTLES","115 GRIDER HILL LODGE RD","","ALBANY","KY","42602","","859-353-5569","2","Modified","NAME PHONE_NO"
"2025/02/20","07015.02","H","KY","7KY6","ALBANY","US","OWNER","TERRY DILLON","603 SHADY CREEK DR","","LAFAYETTE","IN","47905","","765-479-9001","1","Modified","NAME ADDRESS1 TITLE_CITY STATE ZIP_CODE PHONE_NO"
"2025/03/20","07015.02","H","KY","7KY6","ALBANY","US","OWNER","CLASSIC BANJO LLC","611 S KEENNELAND DRIVE","","RICHMOND","KY","40475","","859-353-5569","2","Modified","NAME ADDRESS1 TITLE_CITY STATE ZIP_CODE PHONE_NO"
"2025/02/20","07077.1","A","KY","5KY5","CADIZ","US","MANAGER","CLIFTON LOWE","PO BOX 3350","","CLARKSVILLE","TN","37043","","865-207-2421","1","Modified","NAME ADDRESS1 TITLE_CITY STATE ZIP_CODE PHONE_NO"
"2025/03/20","07077.1","A","KY","5KY5","CADIZ","US","MANAGER","JOHN CROFT","136 GLENWOOD MILL RD","","CADIZ","KY","42211","","270-619-0777","2","Modified","NAME ADDRESS1 TITLE_CITY STATE ZIP_CODE PHONE_NO"
"2025/02/20","07077.1","A","KY","5KY5","CADIZ","US","OWNER","CLIFTON LOWE","PO BOX 3350","","CLARKSVILLE","TN","37043","","865-207-2421","1","Modified","NAME ADDRESS1 TITLE_CITY STATE ZIP_CODE PHONE_NO"
"2025/03/20","07077.1","A","KY","5KY5","CADIZ","US","OWNER","SEVEN SPRINGS FARMS","602 BLACKHAWK RD","","CADIZ","KY","42445","","270-619-0777","2","Modified","NAME ADDRESS1 TITLE_CITY STATE ZIP_CODE PHONE_NO"
"2025/02/20","07089.42","H","KY","48KY","COLUMBIA","US","MANAGER","BILL EDWARDS","901 WESTLAKE DR","","COLUMBIA","KY","42728","","270-384-4753","1","Modified","ADDRESS1"
"2025/03/20","07089.42","H","KY","48KY","COLUMBIA","US","MANAGER","BILL EDWARDS","901 WELLNESS WAY","","COLUMBIA","KY","42728","","270-384-4753","2","Modified","ADDRESS1"
"2025/02/20","07089.42","H","KY","48KY","COLUMBIA","US","OWNER","TJ HEALTH COLUMBIA","901 WESTLAKE DR","","COLUMBIA","KY","42728","","270-384-4753","1","Modified","ADDRESS1"
"2025/03/20","07089.42","H","KY","48KY","COLUMBIA","US","OWNER","TJ HEALTH COLUMBIA","901 WELLNESS WAY","","COLUMBIA","KY","42728","","270-384-4753","2","Modified","ADDRESS1"
"2025/02/20","07235.01","A","KY","53KT","LIBERTY","US","MANAGER","JACK PREWITT","PO BOX 206","","LIBERTY","KY","42539","","606-303-3573","1","Modified","ADDRESS1 ADDRESS2 TITLE_CITY ZIP_CODE"
"2025/03/20","07235.01","A","KY","53KT","LIBERTY","US","MANAGER","JACK PREWITT","500 LAKETOWER DRIVE","UNIT 66","LEXINGTON","KY","40502","","606-303-3573","2","Modified","ADDRESS1 ADDRESS2 TITLE_CITY ZIP_CODE"
"2025/02/20","07235.01","A","KY","53KT","LIBERTY","US","OWNER","CASEY CO ARPT BOARD","PO BOX 206","","LIBERTY","KY","42539","","606-303-3573","1","Modified","ADDRESS1 PHONE_NO"
"2025/03/20","07235.01","A","KY","53KT","LIBERTY","US","OWNER","CASEY CO ARPT BOARD","PO BOX 306","","LIBERTY","KY","42539","","606-787-6154","2","Modified","ADDRESS1 PHONE_NO"
"2025/02/20","07243.16","H","KY","8KT1","LOUISVILLE","US","MANAGER","PETE MCCARTNEY","2002 PAPA JOHN'S BLVD","","LOUSIVILLE","KY","40299","","502-762-7017","2","Deleted",""
"2025/02/20","07243.16","H","KY","8KT1","LOUISVILLE","US","OWNER","PAPA JOHN'S USA INC.","2002 PAPA JOHN'S BLVD","","LOUISVILLE","KY","40299","","","2","Deleted",""
"2025/02/20","07424.9","H","LA","1LA0","BATON ROUGE","US","MANAGER","THOMAS GAUTREAU","100 WOMAN'S WAY","","BATON ROUGE","LA","70817","","(225) 924-8139","1","Modified","NAME PHONE_NO"
"2025/03/20","07424.9","H","LA","1LA0","BATON ROUGE","US","MANAGER","MARTIN  ALBORES","100 WOMAN'S WAY","","BATON ROUGE","LA","70817","","225-924-8922","2","Modified","NAME PHONE_NO"
"2025/02/20","07469.3","H","LA","57LA","CHURCH POINT","US","MANAGER","CINDY WALTERS","810 S. BROADWAY ST.","","CHURCH POINT","LA","70525","","318-684-5435","1","Modified","NAME PHONE_NO"
"2025/03/20","07469.3","H","LA","57LA","CHURCH POINT","US","MANAGER","MICHAEL LE JEUNE-CEO","810 S. BROADWAY ST.","","CHURCH POINT","LA","70525","","337-684-4277","2","Modified","NAME PHONE_NO"
"2025/02/20","07469.3","H","LA","57LA","CHURCH POINT","US","OWNER","ACADIA ST. LANDRY HOSPITAL","810 S. BROADWAY ST.","","CHURCH POINT","LA","70525","","318-684-5435","1","Modified","PHONE_NO"
"2025/03/20","07469.3","H","LA","57LA","CHURCH POINT","US","OWNER","ACADIA ST. LANDRY HOSPITAL","810 S. BROADWAY ST.","","CHURCH POINT","LA","70525","","337-684-5435","2","Modified","PHONE_NO"
"2025/02/20","07509.1","A","LA","4R7","EUNICE","US","MANAGER","DREW MILLER","252 EUNICE AIRPORT ROAD","","EUNICE","LA","70535","","337-457-6585","1","Modified","NAME"
"2025/03/20","07509.1","A","LA","4R7","EUNICE","US","MANAGER","DAVID KRESWELL","252 EUNICE AIRPORT ROAD","","EUNICE","LA","70535","","337-457-6585","2","Modified","NAME"
"2025/02/20","07527.78","H","LA","5LS0","GONZALES","US","MANAGER","MICAH PETRY","PO BOX 500","","GEISMAR","LA","70734","","(225) 201-6153","2","Deleted",""
"2025/02/20","07527.78","H","LA","5LS0","GONZALES","US","OWNER","SHELL CHEMICAL COMPANY","PO BOX 500","","GEISMAR","LA","70734","","(225) 201-6262","2","Deleted",""
"2025/02/20","07639.","A","LA","MKV","MARKSVILLE","US","MANAGER","TIM DUFOUR","312 NORTH MAIN ST","","MARKSVILLE","LA","71351","","318-729-5623","1","Modified","NAME PHONE_NO"
"2025/03/20","07639.","A","LA","MKV","MARKSVILLE","US","MANAGER","BRAIN ST. ROMAIN","312 NORTH MAIN ST","","MARKSVILLE","LA","71351","","318-240-3088","2","Modified","NAME PHONE_NO"
"2025/02/20","07639.","A","LA","MKV","MARKSVILLE","US","OWNER","AVOYELLES PARISH AIRPORT AUTHORITY","312 NORTH MAIN ST","","MARKSVILLE","LA","71351","","318-729-5623","1","Modified","PHONE_NO"
"2025/03/20","07639.","A","LA","MKV","MARKSVILLE","US","OWNER","AVOYELLES PARISH AIRPORT AUTHORITY","312 NORTH MAIN ST","","MARKSVILLE","LA","71351","","318-359-8012","2","Modified","PHONE_NO"
"2025/02/20","07645.2","A","LA","MNE","MINDEN","US","MANAGER","STEVEN BURDEAUX","100 AVIATION DRIVE","","MINDEN","LA","71055","","318-371-7862","1","Modified","NAME"
"2025/03/20","07645.2","A","LA","MNE","MINDEN","US","MANAGER","MOLLY FOWLER","100 AVIATION DRIVE","","MINDEN","LA","71055","","318-371-7862","2","Modified","NAME"
"2025/02/20","07678.","A","LA","HZR","NEW ROADS","US","MANAGER","YVONNE CHENEVERT","PO BOX 97","","NEW ROADS","LA","70760","","225-638-3192","1","Modified","NAME PHONE_NO"
"2025/03/20","07678.","A","LA","HZR","NEW ROADS","US","MANAGER","JEAN-PIERRE DUROUSSEAU","PO BOX 97","","NEW ROADS","LA","70760","","504-273-9018","2","Modified","NAME PHONE_NO"
"2025/02/20","07685.2","A","LA","9M6","OAK GROVE","US","MANAGER","CLARK STRANGE","11771 HWY 585","","OAK GROVE","LA","71263","","318-428-3129","1","Modified","ADDRESS1"
"2025/03/20","07685.2","A","LA","9M6","OAK GROVE","US","MANAGER","CLARK STRANGE","580 S. OLD LILBOURNE RD","","OAK GROVE","LA","71263","","318-428-3129","2","Modified","ADDRESS1"
"2025/02/20","07697.","A","LA","PTN","PATTERSON","US","MANAGER","MR. JEAN PAUL BOURG","500 MAIN ST","5TH FLOOR COURTHOUSE","FRANKLIN","LA","70538","","337-828-4100","1","Modified","NAME"
"2025/03/20","07697.","A","LA","PTN","PATTERSON","US","MANAGER","PAUL J. GOVERNAK","500 MAIN ST","5TH FLOOR COURTHOUSE","FRANKLIN","LA","70538","","337-828-4100","2","Modified","NAME"
"2025/02/20","07729.71","H","LA","LA44","ST GABRIEL","US","MANAGER","DAVID CHANEY","4322 LA HWY 30","PO BOX 418","ST GABRIEL","LA","70776","","225-642-2357","1","Modified","NAME"
"2025/03/20","07729.71","H","LA","LA44","ST GABRIEL","US","MANAGER","CHASE SAVOY","4322 LA HWY 30","PO BOX 418","ST GABRIEL","LA","70776","","225-642-2357","2","Modified","NAME"
"2025/02/20","07729.71","H","LA","LA44","ST GABRIEL","US","OWNER","CALPINE-CARVILLE ENERGY, LLC","4322 LA HWY 30","PO BOX 418","ST GABRIEL","LA","70776","","(225) 642-2354","1","Modified","NAME"
"2025/03/20","07729.71","H","LA","LA44","ST GABRIEL","US","OWNER","CARVILLE ENERGY, LLC","4322 LA HWY 30","PO BOX 418","ST GABRIEL","LA","70776","","(225) 642-2354","2","Modified","NAME"
"2025/02/20","08056.7","A","ME","05ME","JONESBORO","US","MANAGER","RICHARD KELLEY","40 CANAL RD","","WHITNEYVILLE","ME","04654","4130","207-255-6493","1","Modified","NAME ADDRESS1 TITLE_CITY ZIP_CODE PHONE_NO"
"2025/03/20","08056.7","A","ME","05ME","JONESBORO","US","MANAGER","ROBERT ANDREWS","172 LOOKS POINT RD","","JONESBORO","ME","04648","4130","339-933-0151","2","Modified","NAME ADDRESS1 TITLE_CITY ZIP_CODE PHONE_NO"
"2025/02/20","08056.7","A","ME","05ME","JONESBORO","US","OWNER","ROBERT ANDREWS","40 CANAL RD","","WHITNEYVILLE","ME","04654","4130","207-255-6493","1","Modified","ADDRESS1 TITLE_CITY ZIP_CODE PHONE_NO"
"2025/03/20","08056.7","A","ME","05ME","JONESBORO","US","OWNER","ROBERT ANDREWS","172 LOOKS POINT RD","","JONESBORO","ME","04648","4130","339-933-0151","2","Modified","ADDRESS1 TITLE_CITY ZIP_CODE PHONE_NO"
"2025/02/20","08468.03","H","MD","60MD","BETHESDA","US","MANAGER","CARL SAVARD","4655 TAYLOR ROAD","","NORFOLK","VA","23507","5600","301-319-8304","1","Modified","TITLE_CITY STATE ZIP_CODE PHONE_NO"
"2025/03/20","08468.03","H","MD","60MD","BETHESDA","US","MANAGER","CARL SAVARD","4655 TAYLOR ROAD","","BETHESDA","MD","20889","5600","301-319-2554","2","Modified","TITLE_CITY STATE ZIP_CODE PHONE_NO"
"2025/02/20","08556.04","H","MD","7MD3","FREDERICK","US","MANAGER","DAVID CORNELIUS - DIRECTOR","400 W 7TH ST","","FREDERICK","MD","21701","","240-566-3207","1","Modified","NAME PHONE_NO"
"2025/03/20","08556.04","H","MD","7MD3","FREDERICK","US","MANAGER","MEG USHER","400 W 7TH ST","","FREDERICK","MD","21701","","240-566-3505","2","Modified","NAME PHONE_NO"
"2025/02/20","08789.01","H","MA","MA27","BROCKTON","US","MANAGER","ROBERT A. JOHNSON","909 SUMNER ST","","STOUGHTON","MA","02072","","617-344-5100","2","Deleted",""
"2025/02/20","08789.01","H","MA","MA27","BROCKTON","US","OWNER","ROBERT A. JOHNSON","909 SUMNER ST","","STOUGHTON","MA","02072","","617-344-5100","2","Deleted",""
"2025/02/20","09764.","A","MI","C91","DOWAGIAC","US","OWNER","CITY OF DOWAGIAC","241 S. FRONT ST.","241 S FRONT ST","DOWAGIAC","MI","49047","1738","269-782-8530","1","Modified","PHONE_NO"
"2025/03/20","09764.","A","MI","C91","DOWAGIAC","US","OWNER","CITY OF DOWAGIAC","241 S. FRONT ST.","241 S FRONT ST","DOWAGIAC","MI","49047","1738","269-782-2195","2","Modified","PHONE_NO"
"2025/02/20","09791.01","H","MI","31MI","EVART","US","MANAGER","MARK EVANS","12081 3 MILE RD","","EVART","MI","49631","8901","231-734-9066","1","Modified","NAME PHONE_NO"
"2025/03/20","09791.01","H","MI","31MI","EVART","US","MANAGER","MICHAEL TERFEHR","12081 3 MILE RD","","EVART","MI","49631","8901","231-922-0000","2","Modified","NAME PHONE_NO"
"2025/02/20","09863.1","A","MI","MI80","GREENVILLE","US","MANAGER","","","","","","","","","1","Modified","NAME ADDRESS1 TITLE_CITY STATE ZIP_CODE ZIP_PLUS_FOUR PHONE_NO"
"2025/03/20","09863.1","A","MI","MI80","GREENVILLE","US","MANAGER","DAN SPANGENBERG","8941 WABASIS AVE NE","","GREENVILLE","MI","48838","9330","616-255-4622","2","Modified","NAME ADDRESS1 TITLE_CITY STATE ZIP_CODE ZIP_PLUS_FOUR PHONE_NO"
"2025/02/20","09863.1","A","MI","MI80","GREENVILLE","US","OWNER","JOHN E. BOWMAN","8833 WABASIS AVE","","GREENVILLE","MI","48838","","616-691-8382","1","Modified","NAME ADDRESS1 ZIP_PLUS_FOUR PHONE_NO"
"2025/03/20","09863.1","A","MI","MI80","GREENVILLE","US","OWNER","SAM SRAN","8833 WABASIS AVE NE","","GREENVILLE","MI","48838","9330","616-255-5144","2","Modified","NAME ADDRESS1 ZIP_PLUS_FOUR PHONE_NO"
"2025/02/20","10078.","A","MI","27C","MECOSTA","US","MANAGER","ADAM S LOYA","10964 90TH AVE","","MECOSTA","MI","49332","9739","937-313-1572","1","Modified","NAME PHONE_NO"
"2025/03/20","10078.","A","MI","27C","MECOSTA","US","MANAGER","TREVER WALBURG","10964 90TH AVE","","MECOSTA","MI","49332","9739","231-972-8880","2","Modified","NAME PHONE_NO"
"2025/02/20","10288.5","H","MI","32MI","ROYAL OAK","US","MANAGER","CHRISTINE LAKING","3601 W 13 MILE RD","","ROYAL OAK","MI","48072","","(248) 898-2691","1","Modified","NAME PHONE_NO"
"2025/03/20","10288.5","H","MI","32MI","ROYAL OAK","US","MANAGER","JOSEPH MARCERO","3601 W 13 MILE RD","","ROYAL OAK","MI","48072","","248-551-5699","2","Modified","NAME PHONE_NO"
"2025/02/20","10618.3","A","MN","MN24","LINO LAKES","US","OWNER","BRUCE R HANSON","6980 LAKE DR","","LINO LAKES","MN","55014","1925","651-332-0444","1","Modified","NAME PHONE_NO"
"2025/03/20","10618.3","A","MN","MN24","LINO LAKES","US","OWNER","DAN KEDROWSKI / ROBERT TIMM","6980 LAKE DR","","LINO LAKES","MN","55014","1925","612-309-3189","2","Modified","NAME PHONE_NO"
"2025/02/20","10677.","A","MN","EVM","EVELETH","US","MANAGER","KRIS JOHNSON","413 PIERCE STREET","","EVELETH","MN","04094","4094","218-748-1262","1","Modified","NAME PHONE_NO"
"2025/03/20","10677.","A","MN","EVM","EVELETH","US","MANAGER","TED LEWIS","413 PIERCE STREET","","EVELETH","MN","04094","4094","218-748-1271","2","Modified","NAME PHONE_NO"
"2025/02/20","11253.03","H","MS","MS17","GULFPORT","US","MANAGER","PAUL BENNETT","P O BOX 1810","","GULFPORT","MS","39501","1810","228-867-4100","1","Modified","NAME ADDRESS1"
"2025/03/20","11253.03","H","MS","MS17","GULFPORT","US","MANAGER","TONY COOPER","PO BOX 1810","","GULFPORT","MS","39501","1810","228-867-4100","2","Modified","NAME ADDRESS1"
"2025/02/20","11280.","A","MS","JAN","JACKSON","US","MANAGER","AUSTIN JENKINS","100 INTERNATIONAL DRIVE","SUITE 300","JACKSON","MS","39208","8109","601-939-5631","1","Modified","NAME"
"2025/03/20","11280.","A","MS","JAN","JACKSON","US","MANAGER","TONYA COAKLEY","100 INTERNATIONAL DRIVE","SUITE 300","JACKSON","MS","39208","8109","601-939-5631","2","Modified","NAME"
"2025/02/20","11545.","A","MO","H57","BISMARCK","US","MANAGER","JUSTIN KITCHELL","166 OLD IRONDALE ROAD","PO BOX 262","BISMARCK","MO","63624","","573-315-9326","1","Modified","NAME ADDRESS1 PHONE_NO"
"2025/03/20","11545.","A","MO","H57","BISMARCK","US","MANAGER","ALEXANDER BISCHOFF","P.O. BOX 292","PO BOX 262","BISMARCK","MO","63624","","415-377-7070","2","Modified","NAME ADDRESS1 PHONE_NO"
"2025/02/20","12401.3","A","MT","MT15","HELENA","US","MANAGER","MT ARMY NATIONAL GUARD","BOX 4789","","HELENA","MT","59601","","406-449-2526","1","Modified","PHONE_NO"
"2025/03/20","12401.3","A","MT","MT15","HELENA","US","MANAGER","MT ARMY NATIONAL GUARD","BOX 4789","","HELENA","MT","59601","","406-324-3694","2","Modified","PHONE_NO"
"2025/02/20","12467.2","A","MT","3MT9","PHILIPSBURG","US","MANAGER","CARY DUNCAN","6062 WILLOW CREEK RD","","HELENA","MT","59601","","406 443 3640","1","Modified","NAME ADDRESS1 TITLE_CITY STATE ZIP_CODE PHONE_NO"
"2025/03/20","12467.2","A","MT","3MT9","PHILIPSBURG","US","MANAGER","PHIL RIISE","9004 136 STREET NW","","MARYSVILLE","WA","98271","","206-419-9101","2","Modified","NAME ADDRESS1 TITLE_CITY STATE ZIP_CODE PHONE_NO"
"2025/02/20","12467.2","A","MT","3MT9","PHILIPSBURG","US","OWNER","CARY DUNCAN","6062 WILLOW CREEK RD","","HELENA","MT","59601","","406 443 3640","1","Modified","NAME ADDRESS1 TITLE_CITY STATE ZIP_CODE PHONE_NO"
"2025/03/20","12467.2","A","MT","3MT9","PHILIPSBURG","US","OWNER","VALHALLA ON UPPER WILLOW CREEK LLC","9004 136 STREET NW","","MARYSVILLE","WA","98271","","206-419-9101","2","Modified","NAME ADDRESS1 TITLE_CITY STATE ZIP_CODE PHONE_NO"
"2025/02/20","12567.","A","MT","7S2","WINNETT","US","MANAGER","BILL CASSELL","PO BOX 226","302 EAST MAIN ST","WINNETT","MT","59087","","406-429-6551","1","Modified","NAME PHONE_NO"
"2025/03/20","12567.","A","MT","7S2","WINNETT","US","MANAGER","AUSTIN KIEHL","PO BOX 226","302 EAST MAIN ST","WINNETT","MT","59087","","406-380-0140","2","Modified","NAME PHONE_NO"
"2025/02/20","13085.","A","NV","LOL","LOVELOCK","US","MANAGER","LARRY RACKLEY","P. O. BOX DRAWER E ","","LOVELOCK","NV","89419","","775-442-1975","1","Modified","NAME PHONE_NO"
"2025/03/20","13085.","A","NV","LOL","LOVELOCK","US","MANAGER","CONNIE GOSTTSCHALK","P. O. BOX DRAWER E ","","LOVELOCK","NV","89419","","775-442-0531","2","Modified","NAME PHONE_NO"
"2025/02/20","13106.81","A","NV","NV00","PAHRUMP","US","MANAGER","JONATHAN WALLENTINE","1131 BELL VISTA AVE","","PAHRUMP","NV","89060","","949-441-9847","1","Modified","NAME ADDRESS1 PHONE_NO"
"2025/03/20","13106.81","A","NV","NV00","PAHRUMP","US","MANAGER","MARK ZINKEL","1131 E. BELL VISTA AVE","","PAHRUMP","NV","89060","","775-764-1281","2","Modified","NAME ADDRESS1 PHONE_NO"
"2025/02/20","13106.81","A","NV","NV00","PAHRUMP","US","OWNER","JONATHAN WALLENTINE","1131 BELL VISTA AVE","","PAHRUMP","NV","89060","","949-441-9847","1","Modified","NAME ADDRESS1"
"2025/03/20","13106.81","A","NV","NV00","PAHRUMP","US","OWNER","LAS VEGAS EXECUTIVE AVIATION HLDG","1131 E. BELL VISTA AVE","","PAHRUMP","NV","89060","","949-441-9847","2","Modified","NAME ADDRESS1"
"2025/02/20","13161.02","H","NV","22NV","WINNEMUCCA","US","MANAGER","JORDAN KOHLER","18 EAST HASKELL ST","","WINNEMUCCA","NV","89445","","775-623-5222","1","Modified","NAME ADDRESS1"
"2025/03/20","13161.02","H","NV","22NV","WINNEMUCCA","US","MANAGER","ANDREW LOVELESS","118 EAST HASKELL ST","","WINNEMUCCA","NV","89445","","775-623-5222","2","Modified","NAME ADDRESS1"
"2025/02/20","13161.02","H","NV","22NV","WINNEMUCCA","US","OWNER","HUMBOLDT GENERAL HOSPITAL","18 EAST HASKELL ST","","WINNEMUCCA","NV","89445","","775-623-5222","1","Modified","ADDRESS1"
"2025/03/20","13161.02","H","NV","22NV","WINNEMUCCA","US","OWNER","HUMBOLDT GENERAL HOSPITAL","118 EAST HASKELL ST","","WINNEMUCCA","NV","89445","","775-623-5222","2","Modified","ADDRESS1"
"2025/02/20","13380.03","H","NH","93NH","PLAINFIELD","US","MANAGER","ROGER D. SHARKEY","P.O. BOX 5471","","WEST LEBANON","NH","03784","","603-298-8728","1","Modified","ADDRESS1 TITLE_CITY ZIP_CODE"
"2025/03/20","13380.03","H","NH","93NH","PLAINFIELD","US","MANAGER","ROGER D. SHARKEY","170 HAYWARD ROAD","","PLAINFIELD","NH","03781","","603-298-8728","2","Modified","ADDRESS1 TITLE_CITY ZIP_CODE"
"2025/02/20","13380.03","H","NH","93NH","PLAINFIELD","US","OWNER","ROGER D. SHARKEY","P.O. BOX 5471","","WEST LEBANON","NH","03784","","603-298-8728","1","Modified","ADDRESS1 TITLE_CITY ZIP_CODE"
"2025/03/20","13380.03","H","NH","93NH","PLAINFIELD","US","OWNER","ROGER D. SHARKEY","170 HAYWARD ROAD","","PLAINFIELD","NH","03781","","603-298-8728","2","Modified","ADDRESS1 TITLE_CITY ZIP_CODE"
"2025/02/20","13487.05","H","NJ","NJ48","ATLANTIC CITY","US","MANAGER","KASSEL COON","8251 TRAVELAIR ST","","HOUSTON","TX","77061","","(713) 645-9191","1","Modified","NAME"
"2025/03/20","13487.05","H","NJ","NJ48","ATLANTIC CITY","US","MANAGER","GARY CARROLA","8251 TRAVELAIR ST","","HOUSTON","TX","77061","","(713) 645-9191","2","Modified","NAME"
"2025/02/20","13781.01","H","NJ","NJ66","HACKETTSTOWN","US","MANAGER","JEFF KRONENFELD","651 WILLOW GROVE ST.","","HACKETTSTOWN","NJ","07840","","908-852-5100","1","Modified","NAME ADDRESS1 PHONE_NO"
"2025/03/20","13781.01","H","NJ","NJ66","HACKETTSTOWN","US","MANAGER","ROBERT RUSSO","651 WILLOW GROVE ST","","HACKETTSTOWN","NJ","07840","","908-310-7359","2","Modified","NAME ADDRESS1 PHONE_NO"
"2025/02/20","13781.01","H","NJ","NJ66","HACKETTSTOWN","US","OWNER","","","","","","","","908-852-5100","1","Modified","NAME ADDRESS1 TITLE_CITY STATE ZIP_CODE PHONE_NO"
"2025/03/20","13781.01","H","NJ","NJ66","HACKETTSTOWN","US","OWNER","HACKETTSTOWN RGNL MEDICAL","651 WILLOW GROVE ST","","HACKETTSTOWN","NJ","07840","","908-441-1198","2","Modified","NAME ADDRESS1 TITLE_CITY STATE ZIP_CODE PHONE_NO"
"2025/02/20","14617.1","A","NM","E05","HATCH","US","MANAGER","JIM WHITLOCK","P.O. BOX 220","","HATCH","NM","87937","","575-649-6211","1","Modified","NAME ADDRESS1 ZIP_PLUS_FOUR PHONE_NO"
"2025/03/20","14617.1","A","NM","E05","HATCH","US","MANAGER","PETER J ATENCIO","PO BOX 220","","HATCH","NM","87937","0220","575-621-3246","2","Modified","NAME ADDRESS1 ZIP_PLUS_FOUR PHONE_NO"
"2025/02/20","14617.1","A","NM","E05","HATCH","US","OWNER","VILLAGE OF HATCH","BOX 220","","HATCH","NM","87937","","575-644-1282","1","Modified","ADDRESS1 ADDRESS2 ZIP_PLUS_FOUR PHONE_NO"
"2025/03/20","14617.1","A","NM","E05","HATCH","US","OWNER","VILLAGE OF HATCH","C/O ELIZABETH PORRAS","PO BOX 220","HATCH","NM","87937","0220","575-621-3246","2","Modified","ADDRESS1 ADDRESS2 ZIP_PLUS_FOUR PHONE_NO"
"2025/02/20","14667.1","A","NM","M10","MOUNTAINAIR","US","MANAGER","JEFF WILSON","PO BOX 115","","MOUNTAINAIR","NM","87036","","505-847-2321","1","Modified","NAME"
"2025/03/20","14667.1","A","NM","M10","MOUNTAINAIR","US","MANAGER","CHERYL ALLEN","PO BOX 115","","MOUNTAINAIR","NM","87036","","505-847-2321","2","Modified","NAME"
"2025/02/20","14766.01","A","NM","XNI","ZUNI","US","MANAGER","ROYCE GCHACHU","P.O. BOX 339","","ZUNI","NM","87327","","505-870-8533","1","Modified","ADDRESS1 ZIP_PLUS_FOUR"
"2025/03/20","14766.01","A","NM","XNI","ZUNI","US","MANAGER","ROYCE GCHACHU","PO BOX 339","","ZUNI","NM","87327","0339","505-870-8533","2","Modified","ADDRESS1 ZIP_PLUS_FOUR"
"2025/02/20","14766.01","A","NM","XNI","ZUNI","US","OWNER","PUEBLO OF ZUNI","1203-B STATE HWY 53","","ZUNI","NM","87327","","505-782-7000","1","Modified","ADDRESS1"
"2025/03/20","14766.01","A","NM","XNI","ZUNI","US","OWNER","PUEBLO OF ZUNI","1203B HIGHWAY 53","","ZUNI","NM","87327","","505-782-7000","2","Modified","ADDRESS1"
"2025/02/20","15090.01","A","NY","3NK8","COPAKE","US","OWNER","GOLF COURSE ROAD LLC","PO BOX 137","","CRARYVILLE","NY","12521","","","1","Modified","ADDRESS1"
"2025/03/20","15090.01","A","NY","3NK8","COPAKE","US","OWNER","GOLF COURSE ROAD LLC","181 GOLF COURSE ROAD","","CRARYVILLE","NY","12521","","","2","Modified","ADDRESS1"
"2025/02/20","15279.51","A","NY","82NY","GALLATIN","US","MANAGER","JOHN TONELLI","242 E 72ND ST","","NEW YORK","NY","10021","4574","917-855-7022","2","Deleted",""
"2025/02/20","15279.51","A","NY","82NY","GALLATIN","US","OWNER","JOHN TONELLI","242 E 72ND ST","","NEW YORK","NY","10021","4574","518-398-5000","2","Deleted",""
"2025/02/20","15281.1","H","NY","NK38","GARDINER","US","MANAGER","G.J. PARKER","PO BOX 180","","GARDINER","NY","12525","0180","845-742-8345","2","Deleted",""
"2025/02/20","15281.1","H","NY","NK38","GARDINER","US","OWNER","GEORGE PARKER JR.","PO BOX 180","","GARDINER","NY","12525","0180","845-742-8345","2","Deleted",""
"2025/02/20","16866.","A","NC","IPJ","LINCOLNTON","US","MANAGER","SCOTT STIMPSON","714 JACK DELLINGER DRIVE","","IRON STATION","NC","28080","","704-735-0602","1","Modified","NAME PHONE_NO"
"2025/03/20","16866.","A","NC","IPJ","LINCOLNTON","US","MANAGER","DARRELL ROBERSON","714 JACK DELLINGER DRIVE","","IRON STATION","NC","28080","","704-680-2651","2","Modified","NAME PHONE_NO"
"2025/02/20","17034.4","A","NC","5W5","RALEIGH","US","MANAGER","PAUL WILLIAMS","7124 BLUE JUPITER COURT","","FUQUAY  VARINA","NC","27526","","(919) 971-3718","1","Modified","NAME ADDRESS1 TITLE_CITY ZIP_CODE"
"2025/03/20","17034.4","A","NC","5W5","RALEIGH","US","MANAGER","MARK SAAD","5220 ALVA DR.","","RALEIGH","NC","27606","","(919) 971-3718","2","Modified","NAME ADDRESS1 TITLE_CITY ZIP_CODE"
"2025/02/20","17034.4","A","NC","5W5","RALEIGH","US","OWNER","TRIPLE W ENTERPRISES INC","7124 BLUE JUPITER COURT","","FUQUAY VARINA","NC","27526","","(919) 971-3718","1","Modified","NAME ADDRESS1 TITLE_CITY ZIP_CODE"
"2025/03/20","17034.4","A","NC","5W5","RALEIGH","US","OWNER","5W5, LLC","8230 POPLAR TENT ROAD","","CONCORD","NC","28027","","(919) 971-3718","2","Modified","NAME ADDRESS1 TITLE_CITY ZIP_CODE"
"2025/02/20","17093.","A","NC","20NC","SHERRILLS FORD","US","MANAGER","","","","","","","","","2","Deleted",""
"2025/02/20","17093.","A","NC","20NC","SHERRILLS FORD","US","OWNER","R A JEFFORDS JR","3545 MT BEULAH RD","","SHERRILLS FORD","NC","28673","","704-483-4330","2","Deleted",""
"2025/02/20","17101.","A","NC","JNX","SMITHFIELD","US","MANAGER","PHIL LANIER","3149 SWIFT CREEK RD","","SMITHFIELD","NC","27577","9803","919-934-0992","1","Modified","NAME"
"2025/03/20","17101.","A","NC","JNX","SMITHFIELD","US","MANAGER","DAVID HARRIS","3149 SWIFT CREEK RD","","SMITHFIELD","NC","27577","9803","919-934-0992","2","Modified","NAME"
"2025/02/20","17284.1","A","ND","5N8","CASSELTON","US","MANAGER","BOB MILLER","BOX 64","","CASSELTON","ND","58012","","(701) 799-4606","1","Modified","NAME ADDRESS1 PHONE_NO"
"2025/03/20","17284.1","A","ND","5N8","CASSELTON","US","MANAGER","MATT HOVDENES","PO BOX 234","","CASSELTON","ND","58012","","218-790-2765","2","Modified","NAME ADDRESS1 PHONE_NO"
"2025/02/20","17521.02","H","OH","88OI","AKRON","US","MANAGER","KEITH BLOUGH, PROTECTIVE SERVICES","525 EAST MARKET ST","","AKRON","OH","44309","2090","330-375-3277","1","Modified","ADDRESS1 ZIP_CODE ZIP_PLUS_FOUR"
"2025/03/20","17521.02","H","OH","88OI","AKRON","US","MANAGER","KEITH BLOUGH, PROTECTIVE SERVICES","525 E MARKET ST","","AKRON","OH","44304","1698","330-375-3277","2","Modified","ADDRESS1 ZIP_CODE ZIP_PLUS_FOUR"
"2025/02/20","17521.02","H","OH","88OI","AKRON","US","OWNER","SUMMA HEALTH SYSTEM AKRON CAMPUS","525 EAST MARKET ST","","AKRON","OH","44309","2090","330-375-3277","1","Modified","ADDRESS1 ZIP_CODE ZIP_PLUS_FOUR"
"2025/03/20","17521.02","H","OH","88OI","AKRON","US","OWNER","SUMMA HEALTH SYSTEM AKRON CAMPUS","525 E MARKET ST","","AKRON","OH","44304","1698","330-375-3277","2","Modified","ADDRESS1 ZIP_CODE ZIP_PLUS_FOUR"
"2025/02/20","17620.23","H","OH","85OH","BOWLING GREEN","US","MANAGER","MIKE CONRAD","LIFE FLIGHT ST. VINCENT","2213 CHERRY ST.","TOLEDO","OH","43608","","419-251-4588","1","Modified","ADDRESS1 ADDRESS2 ZIP_PLUS_FOUR"
"2025/03/20","17620.23","H","OH","85OH","BOWLING GREEN","US","MANAGER","MIKE CONRAD","LIFE FLIGHT ST VINCENT","2213 CHERRY ST","TOLEDO","OH","43608","2603","419-251-4588","2","Modified","ADDRESS1 ADDRESS2 ZIP_PLUS_FOUR"
"2025/02/20","17620.23","H","OH","85OH","BOWLING GREEN","US","OWNER","WOOD COUNTY HOSPITAL","950 W. WOOSTER ST.","","BOWLING GREEN","OH","43402","","419-354-8900","1","Modified","ADDRESS1 ZIP_PLUS_FOUR"
"2025/03/20","17620.23","H","OH","85OH","BOWLING GREEN","US","OWNER","WOOD COUNTY HOSPITAL","950 W WOOSTER ST","","BOWLING GREEN","OH","43402","2699","419-354-8900","2","Modified","ADDRESS1 ZIP_PLUS_FOUR"
"2025/02/20","18369.","A","OH","OXD","OXFORD","US","MANAGER","BLAKE CALLIHAN","7101 FAIRFIELD RD","","OXFORD","OH","45056","9776","513-529-2735","1","Modified","NAME PHONE_NO"
"2025/03/20","18369.","A","OH","OXD","OXFORD","US","MANAGER","SCOTT GIBBONS","7101 FAIRFIELD RD","","OXFORD","OH","45056","9776","859-739-0424","2","Modified","NAME PHONE_NO"
"2025/02/20","18423.","A","OH","3W2","PUT IN BAY","US","MANAGER","ROSANN KEISER","1494 LANGRAM RD","","PUT IN BAY","OH","43456","","419-285-3371","1","Modified","NAME ZIP_PLUS_FOUR"
"2025/03/20","18423.","A","OH","3W2","PUT IN BAY","US","MANAGER","BETH FURNER","1494 LANGRAM RD","","PUT IN BAY","OH","43456","6721","419-285-3371","2","Modified","NAME ZIP_PLUS_FOUR"
"2025/02/20","18512.11","H","OH","1OH6","SIDNEY","US","MANAGER","RYAN NOLL","1001 ST MARYS AVE","","SIDNEY","OH","45365","","937-492-1141","1","Modified","NAME ADDRESS1 ZIP_PLUS_FOUR PHONE_NO"
"2025/03/20","18512.11","H","OH","1OH6","SIDNEY","US","MANAGER","RYAN ORSENO","1001 SAINT MARYS AVE","","SIDNEY","OH","45365","8168","937-497-6730","2","Modified","NAME ADDRESS1 ZIP_PLUS_FOUR PHONE_NO"
"2025/02/20","18512.11","H","OH","1OH6","SIDNEY","US","OWNER","DISTRICT 7 OHIO DOT","1001 ST MARYS AVE","","SIDNEY","OH","45365","","937-492-1141","1","Modified","ADDRESS1 ZIP_PLUS_FOUR"
"2025/03/20","18512.11","H","OH","1OH6","SIDNEY","US","OWNER","DISTRICT 7 OHIO DOT","1001 SAINT MARYS AVE","","SIDNEY","OH","45365","8168","937-492-1141","2","Modified","ADDRESS1 ZIP_PLUS_FOUR"
"2025/02/20","18621.11","H","OH","47OI","WADSWORTH","US","MANAGER","VAN ABEL","525 E. MARKET ST.","","AKRON","OH","44304","9505","(330) 331-1000","1","Modified","ADDRESS1 ZIP_PLUS_FOUR PHONE_NO"
"2025/03/20","18621.11","H","OH","47OI","WADSWORTH","US","MANAGER","VAN ABEL","525 E MARKET ST","","AKRON","OH","44304","1698","330-331-1000","2","Modified","ADDRESS1 ZIP_PLUS_FOUR PHONE_NO"
"2025/02/20","18621.11","H","OH","47OI","WADSWORTH","US","OWNER","SUMMA HEALTH SYSTEM","525 E. MARKET ST.","","AKRON","OH","44304","","(330) 331-1269","1","Modified","ADDRESS1 ZIP_PLUS_FOUR PHONE_NO"
"2025/03/20","18621.11","H","OH","47OI","WADSWORTH","US","OWNER","SUMMA HEALTH SYSTEM","525 E MARKET ST","","AKRON","OH","44304","1698","330-331-1269","2","Modified","ADDRESS1 ZIP_PLUS_FOUR PHONE_NO"
"2025/02/20","19025.11","A","OK","O35","HOLLIS","US","MANAGER","BOB COPELAND","PO BOX 188","","HOLLIS","OK","73550","","580-688-9245","1","Modified","NAME"
"2025/03/20","19025.11","A","OK","O35","HOLLIS","US","MANAGER","MARK WHISENANT","PO BOX 188","","HOLLIS","OK","73550","","580-688-9245","2","Modified","NAME"
"2025/02/20","19685.","A","PA","AOO","ALTOONA","US","OWNER","BLAIR COUNTY AIRPORT AUTH","310 AIRPORT DRIVE, SUITE 6","","MARTINSBURG","PA","16662","","(814) 793-2027","1","Modified","PHONE_NO"
"2025/03/20","19685.","A","PA","AOO","ALTOONA","US","OWNER","BLAIR COUNTY AIRPORT AUTH","310 AIRPORT DRIVE, SUITE 6","","MARTINSBURG","PA","16662","","814-793-2027","2","Modified","PHONE_NO"
"2025/02/20","20355.06","H","PA","0PS8","ERIE","US","MANAGER","DAVID STETSON","201 STATE","","ERIE","PA","16550","","814-870-6000","1","Modified","NAME PHONE_NO"
"2025/03/20","20355.06","H","PA","0PS8","ERIE","US","MANAGER","JASON CHENAULT","201 STATE","","ERIE","PA","16550","","814-877-6000","2","Modified","NAME PHONE_NO"
"2025/02/20","20355.06","H","PA","0PS8","ERIE","US","OWNER","UPMC HAMOT (BRAD DINGER)","201 STATE","","ERIE","PA","16550","","814-870-6000","1","Modified","PHONE_NO"
"2025/03/20","20355.06","H","PA","0PS8","ERIE","US","OWNER","UPMC HAMOT (BRAD DINGER)","201 STATE","","ERIE","PA","16550","","814-877-6000","2","Modified","PHONE_NO"
"2025/02/20","20946.01","H","PA","PN86","MINERSVILLE","US","MANAGER","ALLEN REBER","25 NORTH STREET","","MINERSVILLE","PA","17954","","570-544-6099","1","Modified","ADDRESS1"
"2025/03/20","20946.01","H","PA","PN86","MINERSVILLE","US","MANAGER","ALLEN REBER","25 NORTH ST","","MINERSVILLE","PA","17954","","570-544-6099","2","Modified","ADDRESS1"
"2025/02/20","20946.01","H","PA","PN86","MINERSVILLE","US","OWNER","GOODWILL FIRE CO NO. 1","25 NORTH STREET","","MINERSVILLE","PA","17954","","570-544-6099","1","Modified","ADDRESS1"
"2025/03/20","20946.01","H","PA","PN86","MINERSVILLE","US","OWNER","GOODWILL FIRE CO NO. 1","25 NORTH ST","","MINERSVILLE","PA","17954","","570-544-6099","2","Modified","ADDRESS1"
"2025/02/20","20999.02","H","PA","PA29","MOUNT PLEASANT","US","MANAGER","MICHAEL ROSENSTEEL","ONE MELLON WAY","","LATROBE","PA","15650","","(724) 537-1411","1","Modified","PHONE_NO"
"2025/03/20","20999.02","H","PA","PA29","MOUNT PLEASANT","US","MANAGER","MICHAEL ROSENSTEEL","ONE MELLON WAY","","LATROBE","PA","15650","","724-537-1411","2","Modified","PHONE_NO"
"2025/02/20","20999.02","H","PA","PA29","MOUNT PLEASANT","US","OWNER","FRICK HOSPITAL","508 SOUTH CHURCH ST","","MT PLEASANT","PA","15666","","(724) 547-1168","1","Modified","NAME PHONE_NO"
"2025/03/20","20999.02","H","PA","PA29","MOUNT PLEASANT","US","OWNER","INDEPENDENCE HEALTH FRICK HOSPITAL","508 SOUTH CHURCH ST","","MT PLEASANT","PA","15666","","724-547-1168","2","Modified","NAME PHONE_NO"
"2025/02/20","21474.02","H","PA","3PS5","SHAMOKIN","US","MANAGER","MIKE MORGAN","4200 HOSPITAL ROAD","","COAL TOWNSHIP","PA","17866","9697","(570) 644-4339","1","Modified","NAME ADDRESS1 ADDRESS2 TITLE_CITY ZIP_CODE ZIP_PLUS_FOUR PHONE_NO"
"2025/03/20","21474.02","H","PA","3PS5","SHAMOKIN","US","MANAGER","TIM OZIMOK","100 N. ACADEMY AVE","MC 40-50","DANVILLE","PA","17822","","570-214-6382","2","Modified","NAME ADDRESS1 ADDRESS2 TITLE_CITY ZIP_CODE ZIP_PLUS_FOUR PHONE_NO"
"2025/02/20","21474.02","H","PA","3PS5","SHAMOKIN","US","OWNER","GEISINGER SHAMOKIN AREA COMM HOSP","4200 HOSPITAL ROAD","","COAL TOWNSHIP","PA","17866","9697","(570) 644-4229","1","Modified","PHONE_NO"
"2025/03/20","21474.02","H","PA","3PS5","SHAMOKIN","US","OWNER","GEISINGER SHAMOKIN AREA COMM HOSP","4200 HOSPITAL ROAD","","COAL TOWNSHIP","PA","17866","9697","570-644-4229","2","Modified","PHONE_NO"
"2025/02/20","21833.26","H","PA","2PS2","YORK","US","MANAGER","JOSEPH IANDOLO","1701 INNOVATION DR","","YORK","PA","17408","","717-723-6857","1","Modified","NAME"
"2025/03/20","21833.26","H","PA","2PS2","YORK","US","MANAGER","JEFF BARTO","1701 INNOVATION DR","","YORK","PA","17408","","717-723-6857","2","Modified","NAME"
"2025/02/20","21833.26","H","PA","2PS2","YORK","US","OWNER","UPMC PINNACLE MEMORIAL","205 SOUTH FRONT STREET","","HARRISBURG","PA","17101","","717-843-8623","1","Modified","NAME"
"2025/03/20","21833.26","H","PA","2PS2","YORK","US","OWNER","UPMC MEMORIAL","205 SOUTH FRONT STREET","","HARRISBURG","PA","17101","","717-843-8623","2","Modified","NAME"
"2025/02/20","22673.","A","SD","3W8","EUREKA","US","MANAGER","TANNER EGGERT","CITY OF EUREKA, FINANCE OFFICER","PO BOX 655","EUREKA","SD","57437","","605-284-2441","1","Modified","NAME ADDRESS1 ADDRESS2 PHONE_NO"
"2025/03/20","22673.","A","SD","3W8","EUREKA","US","MANAGER","ERIC ODENBACH","PO BOX 655","","EUREKA","SD","57437","","605-228-3262","2","Modified","NAME ADDRESS1 ADDRESS2 PHONE_NO"
"2025/02/20","22891.01","A","TN","94TN","CAMPBELLSVILLE","US","MANAGER","MIKE BISHOP","127 CHILDRESS RD","","PULASKI","TN","38478","","218-398-3886","1","Modified","PHONE_NO"
"2025/03/20","22891.01","A","TN","94TN","CAMPBELLSVILLE","US","MANAGER","MIKE BISHOP","127 CHILDRESS RD","","PULASKI","TN","38478","","931-292-2523","2","Modified","PHONE_NO"
"2025/02/20","22891.01","A","TN","94TN","CAMPBELLSVILLE","US","OWNER","MIKE BISHOP","127 CHILDRESS RD","","PULASKI","TN","38478","","218-398-3886","1","Modified","PHONE_NO"
"2025/03/20","22891.01","A","TN","94TN","CAMPBELLSVILLE","US","OWNER","MIKE BISHOP","127 CHILDRESS RD","","PULASKI","TN","38478","","931-292-2523","2","Modified","PHONE_NO"
"2025/02/20","23121.","A","TN","BNA","NASHVILLE","US","MANAGER","ADAM FLOYD","140 BNA PARK DR. SUITE 520","","NASHVILLE","TN","37214","","615-275-1825","1","Modified","PHONE_NO"
"2025/03/20","23121.","A","TN","BNA","NASHVILLE","US","MANAGER","ADAM FLOYD","140 BNA PARK DR. SUITE 520","","NASHVILLE","TN","37214","","615-275-1546","2","Modified","PHONE_NO"
"2025/02/20","23352.22","H","TX","65TA","ARLINGTON","US","MANAGER","DEAN PHILLIPS","800 RANDOL MILL ROAD","","ARLINGTON","TX","76012","","817-960-6584","1","Modified","NAME PHONE_NO"
"2025/03/20","23352.22","H","TX","65TA","ARLINGTON","US","MANAGER","KURT VIN ZANT","800 RANDOL MILL ROAD","","ARLINGTON","TX","76012","","316-644-6914","2","Modified","NAME PHONE_NO"
"2025/02/20","23536.","H","TX","TS51","POINT COMFORT","US","OWNER","FORMOSA PLASTICS CORPORATION, TEXAS","PO BOX 700","","POINT COMFORT","TX","77978","","(361) 987-7465","1","Modified","PHONE_NO"
"2025/03/20","23536.","H","TX","TS51","POINT COMFORT","US","OWNER","FORMOSA PLASTICS CORPORATION, TEXAS","PO BOX 700","","POINT COMFORT","TX","77978","","361-987-7465","2","Modified","PHONE_NO"
"2025/02/20","23595.22","A","TX","4TA2","CHINA SPRING","US","MANAGER","TIM COMPTON","623 CR 3660","","CHINA SPRING","TX","76633","","254-214-9526","1","Modified","NAME ADDRESS1 PHONE_NO"
"2025/03/20","23595.22","A","TX","4TA2","CHINA SPRING","US","MANAGER","VAN GRANGER","1315 CR 3660","","CHINA SPRING","TX","76633","","254-836-9731","2","Modified","NAME ADDRESS1 PHONE_NO"
"2025/02/20","23710.23","H","TX","53TX","DALLAS","US","MANAGER","RON BARSON","5326 W. LEDBETTER DR","","DALLAS","TX","75236","","214-384-4513","2","Deleted",""
"2025/02/20","23710.23","H","TX","53TX","DALLAS","US","OWNER","RON BARSON","5326 W. LEDBETTER DR","","DALLAS","TX","75236","","214-384-4513","2","Deleted",""
"2025/02/20","23848.12","H","TX","2XA8","FAIRFIELD","US","MANAGER","MARK FISHER","2807 SOUTH 4TH ST","","AUSTIN","TX","78704","","417-274-2275","1","Modified","ADDRESS1 ADDRESS2 TITLE_CITY STATE ZIP_CODE"
"2025/03/20","23848.12","H","TX","2XA8","FAIRFIELD","US","MANAGER","MARK FISHER","1001 BOARDWALK SPRINGS PL","SUITE 250","OFALLON","MO","63368","","417-274-2275","2","Modified","ADDRESS1 ADDRESS2 TITLE_CITY STATE ZIP_CODE"
"2025/02/20","23908.08","H","TX","13TA","FRISCO","US","MANAGER","BRENT RUTHERFORD","12400 DALLAS PARKWAY","","FRISCO","TX","75033","","469-495-2056","1","Modified","NAME PHONE_NO"
"2025/03/20","23908.08","H","TX","13TA","FRISCO","US","MANAGER","TOM RENDULIC","12400 DALLAS PARKWAY","","FRISCO","TX","75033","","469-514-8384","2","Modified","NAME PHONE_NO"
"2025/02/20","23915.01","H","TX","8XS5","GALVESTON","US","MANAGER","KASSEL COON","8251 TRAVELAIR ST","","HOUSTON","TX","77061","","(713) 645-9191","1","Modified","NAME"
"2025/03/20","23915.01","H","TX","8XS5","GALVESTON","US","MANAGER","GARY CARROLA","8251 TRAVELAIR ST","","HOUSTON","TX","77061","","(713) 645-9191","2","Modified","NAME"
"2025/02/20","24067.07","H","TX","TS37","HOUSTON","US","MANAGER","GRAY STANSELL","16330 CLAY ROAD","","HOUSTON","TX","77084","","713-463-6300","1","Modified","NAME ADDRESS1 PHONE_NO"
"2025/03/20","24067.07","H","TX","TS37","HOUSTON","US","MANAGER","KACEY HABERLAND","16715 CLAY RD","","HOUSTON","TX","77084","","832-927-7200","2","Modified","NAME ADDRESS1 PHONE_NO"
"2025/02/20","24067.07","H","TX","TS37","HOUSTON","US","OWNER","HARRIS COUNTY","16330 CLAY RD","","HOUSTON","TX","77084","","713-463-6300","1","Modified","PHONE_NO"
"2025/03/20","24067.07","H","TX","TS37","HOUSTON","US","OWNER","HARRIS COUNTY","16330 CLAY RD","","HOUSTON","TX","77084","","832-927-7200","2","Modified","PHONE_NO"
"2025/02/20","24067.99","H","TX","XA19","HOUSTON","US","MANAGER","KASSEL COON","8251 TRAVELAIR STREET","","HOUSTON","TX","77061","","713-645-9191","1","Modified","NAME"
"2025/03/20","24067.99","H","TX","XA19","HOUSTON","US","MANAGER","GARY CARROLA","8251 TRAVELAIR STREET","","HOUSTON","TX","77061","","713-645-9191","2","Modified","NAME"
"2025/02/20","24068.11","H","TX","7TX6","HOUSTON","US","MANAGER","KASSEL COON","8251 TRAVELAIR ST.","","HOUSTON","TX","77061","","(713) 645-9191","1","Modified","NAME"
"2025/03/20","24068.11","H","TX","7TX6","HOUSTON","US","MANAGER","GARY CARROLA","8251 TRAVELAIR ST.","","HOUSTON","TX","77061","","(713) 645-9191","2","Modified","NAME"
"2025/02/20","24068.13","H","TX","XA20","HOUSTON","US","MANAGER","KASSEL COON","8251 TRAVELAIR ST.","","HOUSTON","TX","77061","","713-645-9191","1","Modified","NAME"
"2025/03/20","24068.13","H","TX","XA20","HOUSTON","US","MANAGER","GARY CARROLA","8251 TRAVELAIR ST.","","HOUSTON","TX","77061","","713-645-9191","2","Modified","NAME"
"2025/02/20","24070.20","H","TX","7XA7","HOUSTON","US","MANAGER","KASSEL COON","8251 TRAVLAIR ST","","HOUSTON","TX","77061","","713-645-9191","1","Modified","NAME"
"2025/03/20","24070.20","H","TX","7XA7","HOUSTON","US","MANAGER","GARY CARROLA","8251 TRAVLAIR ST","","HOUSTON","TX","77061","","713-645-9191","2","Modified","NAME"
"2025/02/20","24070.53","H","TX","45TA","HOUSTON","US","MANAGER","CHRISTOPHER BROWN","PO BOX 20807","","HOSTON","TX","77225","","713-660-0901","2","Deleted",""
"2025/02/20","24070.53","H","TX","45TA","HOUSTON","US","OWNER","SOUTHERN PETROLEUM LAB.","PO BOX 20807","","HOUSTON","TX","77225","","713-668-4448","2","Deleted",""
"2025/02/20","24104.28","H","TX","19XA","IRVING","US","MANAGER","GINO RUBIO","1901 N. MACARTHUR BLVD.","","IRVING","TX","75061","","972-990-8134","1","Modified","NAME PHONE_NO"
"2025/03/20","24104.28","H","TX","19XA","IRVING","US","MANAGER","TYLER REYES","1901 N. MACARTHUR BLVD.","","IRVING","TX","75061","","951-751-4181","2","Modified","NAME PHONE_NO"
"2025/02/20","24202.","A","TX","0TS4","LEDBETTER","US","MANAGER","","","","","","","","","2","Deleted",""
"2025/02/20","24202.","A","TX","0TS4","LEDBETTER","US","OWNER","GEORGE O. ULLRICH","P.O. BOX 167","","LEDBETTER","TX","78946","","409-249-3730","2","Deleted",""
"2025/02/20","24225.15","H","TX","45TE","LIVE OAK","US","MANAGER","NORTHEAST METHODIST HOSPITAL","12412 JUDSON RD","","LIVE OAK","TX","78233","","210-757-5991","1","Modified","NAME"
"2025/03/20","24225.15","H","TX","45TE","LIVE OAK","US","MANAGER","FRANK LEON","12412 JUDSON RD","","LIVE OAK","TX","78233","","210-757-5991","2","Modified","NAME"
"2025/02/20","24415.","A","TX","XS09","NEW WAVERLY","US","MANAGER","JOHN D HERMANN","PO BOX 1487","","NEW WAVERLY","TX","77358","","210-380-5236","1","Modified","ADDRESS1"
"2025/03/20","24415.","A","TX","XS09","NEW WAVERLY","US","MANAGER","JOHN D HERMANN","25 LONG HORN LOOP COURT","","NEW WAVERLY","TX","77358","","210-380-5236","2","Modified","ADDRESS1"
"2025/02/20","24415.","A","TX","XS09","NEW WAVERLY","US","OWNER","ESTATES HOA","PO BOX 1487","","NEW WAVERLY","TX","77358","","936-443-5572","1","Modified","ADDRESS1"
"2025/03/20","24415.","A","TX","XS09","NEW WAVERLY","US","OWNER","ESTATES HOA","25 LONG HORN LOOP COURT","","NEW WAVERLY","TX","77358","","936-443-5572","2","Modified","ADDRESS1"
"2025/02/20","24422.1","H","TX","TE65","NORTH RICHLAND HILLS","US","MANAGER","MATTHEW HONZA","4301 CITY POINT DR","","NORTH RICHLAND HILLS","TX","76180","","(817) 427-6935","1","Modified","NAME PHONE_NO"
"2025/03/20","24422.1","H","TX","TE65","NORTH RICHLAND HILLS","US","MANAGER","RAELYN DARNELL","4301 CITY POINT DR","","NORTH RICHLAND HILLS","TX","76180","","817-427-6013","2","Modified","NAME PHONE_NO"
"2025/02/20","24633.","A","TX","RKP","ROCKPORT","US","MANAGER","MIKE GEER","PO BOX 1270","","ROCKPORT","TX","78382","","361-790-0141","1","Modified","ZIP_CODE"
"2025/03/20","24633.","A","TX","RKP","ROCKPORT","US","MANAGER","MIKE GEER","PO BOX 1270","","ROCKPORT","TX","78381","","361-790-0141","2","Modified","ZIP_CODE"
"2025/02/20","24633.","A","TX","RKP","ROCKPORT","US","OWNER","ARANSAS COUNTY","2840 HWY 35 N","","ROCKPORT","TX","78382","","817-480-8861","1","Modified","ADDRESS1"
"2025/03/20","24633.","A","TX","RKP","ROCKPORT","US","OWNER","ARANSAS COUNTY","2740 UNIT 1 HWY 35 N","","ROCKPORT","TX","78382","","817-480-8861","2","Modified","ADDRESS1"
"2025/02/20","24664.12","H","TX","XS89","ROYSE CITY","US","MANAGER","JEFF STERWERF","6743 E INTERSTATE 30","","ROYSE CITY","TX","75189","","513-864-8024","1","Modified","NAME PHONE_NO"
"2025/03/20","24664.12","H","TX","XS89","ROYSE CITY","US","MANAGER","BRET FREEMAN","6743 E INTERSTATE 30","","ROYSE CITY","TX","75189","","903-408-5671","2","Modified","NAME PHONE_NO"
"2025/02/20","24676.1","A","TX","2TX","SALADO","US","OWNER","SALADO AIRPORT LLC","15771 SOUTH I-35","","SALADO","TX","76571","","512-222-6812","1","Modified","PHONE_NO"
"2025/03/20","24676.1","A","TX","2TX","SALADO","US","OWNER","SALADO AIRPORT LLC","15771 SOUTH I-35","","SALADO","TX","76571","","512-222-8893","2","Modified","PHONE_NO"
"2025/02/20","24755.","H","TX","1TA0","SEABROOK","US","MANAGER","PLANT MANAGER","PO BOX 5010","","LA PORTE","TX","77572","5010","281-474-6000","1","Modified","NAME ADDRESS1 TITLE_CITY ZIP_CODE PHONE_NO"
"2025/03/20","24755.","H","TX","1TA0","SEABROOK","US","MANAGER","JOHN TOMLINSON - SAFETY SUPERINTEND","12212 PORT ROAD","","PASADENA","TX","77507","5010","281-474-6950","2","Modified","NAME ADDRESS1 TITLE_CITY ZIP_CODE PHONE_NO"
"2025/02/20","24755.","H","TX","1TA0","SEABROOK","US","OWNER","FINA OIL & CHEMICAL COMPANY","12212 PORT ROAD","","PASADENA","TX","77507","","281-474-6000","1","Modified","NAME"
"2025/03/20","24755.","H","TX","1TA0","SEABROOK","US","OWNER","BAYSTAR, BAYPORT POLYMERS LLC","12212 PORT ROAD","","PASADENA","TX","77507","","281-474-6000","2","Modified","NAME"
"2025/02/20","24756.7","A","TX","5TA9","SEAGOVILLE","US","MANAGER","DAVID WITTWER","5760 LEGACY DR","SUITE B3-438","PLANO","TX","75024","","972-520-2577","1","Modified","NAME"
"2025/03/20","24756.7","A","TX","5TA9","SEAGOVILLE","US","MANAGER","CLAY WITTWER","5760 LEGACY DR","SUITE B3-438","PLANO","TX","75024","","972-520-2577","2","Modified","NAME"
"2025/02/20","25052.02","A","TX","5XS3","WINNIE","US","MANAGER","WAYNE L WILBER","PO BOX 158","","HAMSHIRE","TX","77622","","409-243-3347","2","Deleted",""
"2025/02/20","25052.02","A","TX","5XS3","WINNIE","US","OWNER","WAYNE L. WILBER","PO BOX 158","","HAMSHIRE","TX","77622","","409-243-3347","2","Deleted",""
"2025/02/20","25233.","A","UT","OGD","OGDEN","US","MANAGER","ADAM NELSON","3909 AIRPORT ROAD","","ODGEN","UT","84405","","801-629-8223","1","Modified","NAME TITLE_CITY"
"2025/03/20","25233.","A","UT","OGD","OGDEN","US","MANAGER","BRIAN CONDIE","3909 AIRPORT ROAD","","OGDEN","UT","84405","","801-629-8223","2","Modified","NAME TITLE_CITY"
"2025/02/20","25333.","A","UT","ENV","WENDOVER","US","OWNER","TOOELE COUNTY","P.O. BOX 159","","WENDOVER","UT","84083","","435-665-2308","1","Modified","PHONE_NO"
"2025/03/20","25333.","A","UT","ENV","WENDOVER","US","OWNER","TOOELE COUNTY","P.O. BOX 159","","WENDOVER","UT","84083","","435-843-3360","2","Modified","PHONE_NO"
"2025/02/20","25460.","H","VT","11VT","KILLINGTON","US","MANAGER","ROBERT E. BURKE JR.","118 SOUTH VIEW PATH","","KILLINGTON","VT","05751","","802-422-3623","1","Modified","PHONE_NO"
"2025/03/20","25460.","H","VT","11VT","KILLINGTON","US","MANAGER","ROBERT E. BURKE JR.","118 SOUTH VIEW PATH","","KILLINGTON","VT","05751","","802-558-5871","2","Modified","PHONE_NO"
"2025/02/20","25460.","H","VT","11VT","KILLINGTON","US","OWNER","ROBERT E. BURKE JR.","118 SOUTH VIEW PATH","","KILLINGTON","VT","05751","","802-422-3623","1","Modified","PHONE_NO"
"2025/03/20","25460.","H","VT","11VT","KILLINGTON","US","OWNER","ROBERT E. BURKE JR.","118 SOUTH VIEW PATH","","KILLINGTON","VT","05751","","802-558-5871","2","Modified","PHONE_NO"
"2025/02/20","25632.13","A","VA","VG25","BEDFORD","US","MANAGER","JERRY W. MULLINS","PO BOX 908","","SALEM","VA","24153","","540-537-2406","1","Modified","NAME ADDRESS1 TITLE_CITY ZIP_CODE PHONE_NO"
"2025/03/20","25632.13","A","VA","VG25","BEDFORD","US","MANAGER","DAVID YOUTSEY","108 BIRKDALE COURT","","YORKTOWN","VA","23693","","757-870-3307","2","Modified","NAME ADDRESS1 TITLE_CITY ZIP_CODE PHONE_NO"
"2025/02/20","25632.13","A","VA","VG25","BEDFORD","US","OWNER","JERRY W. MULLINS","PO BOX 908","","SALEM","VA","24153","","540-537-2406","1","Modified","NAME ADDRESS1 TITLE_CITY ZIP_CODE PHONE_NO"
"2025/03/20","25632.13","A","VA","VG25","BEDFORD","US","OWNER","DAVID YOUTSEY","108 BIRKDALE COURT","","YORKTOWN","VA","23693","","757-870-3307","2","Modified","NAME ADDRESS1 TITLE_CITY ZIP_CODE PHONE_NO"
"2025/02/20","25658.8","G","VA","08VA","BUCHANAN","US","MANAGER","WILLIAM SANFORD STEWART","331 INTERMONT FARM LANE","","BUCHANAN","VA","24066","","(540) 521-3035","1","Modified","PHONE_NO"
"2025/03/20","25658.8","G","VA","08VA","BUCHANAN","US","MANAGER","WILLIAM SANFORD STEWART","331 INTERMONT FARM LANE","","BUCHANAN","VA","24066","","540-521-3035","2","Modified","PHONE_NO"
"2025/02/20","25658.8","G","VA","08VA","BUCHANAN","US","OWNER","JESSE STEWART","122 GLIDER WAY","","BUCHANAN","VA","24066","","540-314-0037","1","Modified","NAME ADDRESS1 PHONE_NO"
"2025/03/20","25658.8","G","VA","08VA","BUCHANAN","US","OWNER","WILLIAM STANFORD STEWART","331 INTERMONT FARM LANE","","BUCHANAN","VA","24066","","540-213-3035","2","Modified","NAME ADDRESS1 PHONE_NO"
"2025/02/20","25665.9","H","VA","8VA5","CHARLOTTESVILLE","US","MANAGER","TIMOTHY HODGE","P.O. BOX 801471","","CHARLOTTESVILLE","VA","22908","","(434) 243-5651","1","Modified","NAME PHONE_NO"
"2025/03/20","25665.9","H","VA","8VA5","CHARLOTTESVILLE","US","MANAGER","JERMAINE CLAYBORNE","P.O. BOX 801471","","CHARLOTTESVILLE","VA","22908","","434-924-5082","2","Modified","NAME PHONE_NO"
"2025/02/20","25665.9","H","VA","8VA5","CHARLOTTESVILLE","US","OWNER","UNIV. OF VIRGINIA HOSPITAL","P.O. BOX 801471","","CHARLOTTESVILLE","VA","22908","","(434) 243-5651","1","Modified","NAME"
"2025/03/20","25665.9","H","VA","8VA5","CHARLOTTESVILLE","US","OWNER","UVA HEALTH","P.O. BOX 801471","","CHARLOTTESVILLE","VA","22908","","(434) 243-5651","2","Modified","NAME"
"2025/02/20","25952.","A","VA","VA94","POWHATAN","US","MANAGER","MARK FOLGER WORSHAM","3513 OLD BUCKINGHAM ROAD","","POWHATAN","VA","23139","","804-304-3009","2","Deleted",""
"2025/02/20","25952.","A","VA","VA94","POWHATAN","US","OWNER","MARK FOLGER WORSHAM","3513 OLD BUCKINGHAM ROAD","","POWHATAN","VA","23139","","804-304-3009","2","Deleted",""
"2025/02/20","26049.1","A","VA","3VA3","WARRENTON","US","MANAGER","JUSTIN B. CURRIER","17375 CROOKES FARM RD","","RIXEYVILLE","VA","22737","","540-212-3900","1","Modified","NAME ADDRESS1 TITLE_CITY ZIP_CODE PHONE_NO"
"2025/03/20","26049.1","A","VA","3VA3","WARRENTON","US","MANAGER","MARK LEPUSIC","1814 N. BRYAN ST.","","ARLINGTON","VA","22201","","703-527-2296","2","Modified","NAME ADDRESS1 TITLE_CITY ZIP_CODE PHONE_NO"
"2025/02/20","26049.2","A","VA","HWY","WARRENTON","US","MANAGER","DAVE DARRAH","1533 IRIS TRAIL","PO BOX 198","MIDLAND","VA","22728","0068","540-422-8283","1","Modified","NAME"
"2025/03/20","26049.2","A","VA","HWY","WARRENTON","US","MANAGER","DAVE HUSS","1533 IRIS TRAIL","PO BOX 198","MIDLAND","VA","22728","0068","540-422-8283","2","Modified","NAME"
"2025/02/20","26049.2","A","VA","HWY","WARRENTON","US","OWNER","FAUQUIER COUNTY","10 HOTEL ST","SUITE 204","WARRENTON","VA","20186","","(540) 422-8005","1","Modified","PHONE_NO"
"2025/03/20","26049.2","A","VA","HWY","WARRENTON","US","OWNER","FAUQUIER COUNTY","10 HOTEL ST","SUITE 204","WARRENTON","VA","20186","","540-422-8285","2","Modified","PHONE_NO"
"2025/02/20","26159.11","H","WA","WA60","CLE ELUM","US","OWNER","WALDBLICK LLC","ATTN: ALEX WAIBEL","PO BOX 1033","ROSTRAVER","PA","15102","","412-260-0307","1","Modified","ADDRESS1 ADDRESS2 TITLE_CITY"
"2025/03/20","26159.11","H","WA","WA60","CLE ELUM","US","OWNER","WALDBLICK LLC","PO BOX 1033","","BELLE VERNON","PA","15102","","412-260-0307","2","Modified","ADDRESS1 ADDRESS2 TITLE_CITY"
"2025/02/20","26312.5","H","WA","WN32","NEWPORT","US","MANAGER","CHRISTINA WAGAR","714 W. PINE ST.","","NEWPORT","WA","99156","","(509) 447-2441","1","Modified","NAME PHONE_NO"
"2025/03/20","26312.5","H","WA","WN32","NEWPORT","US","MANAGER","ARON HUTCHISON","714 W. PINE ST.","","NEWPORT","WA","99156","","509-447-9404","2","Modified","NAME PHONE_NO"
"2025/02/20","26384.13","H","WA","WN82","REPUBLIC","US","MANAGER","AARON EDWARDS","36. KLONDIKE ROAD","","REPUBLIC","WA","99166","","(509) 775-8242","1","Modified","NAME ADDRESS1 PHONE_NO"
"2025/03/20","26384.13","H","WA","WN82","REPUBLIC","US","MANAGER","ADAM VOLLUZ","36 KLONDIKE ROAD","","REPUBLIC","WA","99166","","509-993-9105","2","Modified","NAME ADDRESS1 PHONE_NO"
"2025/02/20","26384.13","H","WA","WN82","REPUBLIC","US","OWNER","FERRY CO. MEMORIAL HOSPITAL","36 KLONDIKE ROAD","","REPUBLIC","WA","99166","","509-775-3333","1","Modified","NAME"
"2025/03/20","26384.13","H","WA","WN82","REPUBLIC","US","OWNER","FERRY COUNTY PUBLIC HOSPITAL DISTRI","36 KLONDIKE ROAD","","REPUBLIC","WA","99166","","509-775-3333","2","Modified","NAME"
"2025/02/20","26402.04","A","WA","2WA1","SEQUIM","US","MANAGER","DAVID RICHARDSON","10 JUNIPER LN","","SEQUIM","WA","98382","","310-251-0155","1","Modified","NAME PHONE_NO"
"2025/03/20","26402.04","A","WA","2WA1","SEQUIM","US","MANAGER","BROOKS PETERSEN","10 JUNIPER LN","","SEQUIM","WA","98382","","360-912-1915","2","Modified","NAME PHONE_NO"
"2025/02/20","26402.04","A","WA","2WA1","SEQUIM","US","OWNER","DIAMOND POINT ARPT ASSOC INC","P O BOX 1241","","SEQUIM","WA","98382","","(360) 808-1858","1","Modified","PHONE_NO"
"2025/03/20","26402.04","A","WA","2WA1","SEQUIM","US","OWNER","DIAMOND POINT ARPT ASSOC INC","P O BOX 1241","","SEQUIM","WA","98382","","360-912-1915","2","Modified","PHONE_NO"
"2025/02/20","26465.32","H","WA","44WA","WHITE SALMON","US","MANAGER","ROBERT KIMMES, CEO","211 SKYLINE DRIVE","","WHITE SALMON","WA","98672","","509-493-1101","1","Modified","NAME"
"2025/03/20","26465.32","H","WA","44WA","WHITE SALMON","US","MANAGER","MATT KOLMAN","211 SKYLINE DRIVE","","WHITE SALMON","WA","98672","","509-493-1101","2","Modified","NAME"
"2025/02/20","27004.01","A","WI","1WI8","ALGOMA","US","MANAGER","DALE H JORGENSEN","N 8621 WOLF RIVER RD","","ALGOMA","WI","54201","","920-487-3881","2","Deleted",""
"2025/02/20","27004.01","A","WI","1WI8","ALGOMA","US","OWNER","DALE H JORGENSEN","N 8621 WOLF RIVER RD","","ALGOMA","WI","54201","","920-487-3881","2","Deleted",""
"2025/02/20","27065.","A","WI","C37","BRODHEAD","US","MANAGER","PATRICK WEEDEN","P O BOX 286","","BRODHEAD","WI","53520","","(608) 576-6645","1","Modified","NAME PHONE_NO"
"2025/03/20","27065.","A","WI","C37","BRODHEAD","US","MANAGER","JAYSON AYRES","P O BOX 286","","BRODHEAD","WI","53520","","571-266-2094","2","Modified","NAME PHONE_NO"
"2025/02/20","27065.","A","WI","C37","BRODHEAD","US","OWNER","HAWK AIRE INC.","P O BOX 286","","BRODHEAD","WI","53520","","(608) 576-6645","1","Modified","PHONE_NO"
"2025/03/20","27065.","A","WI","C37","BRODHEAD","US","OWNER","HAWK AIRE INC.","P O BOX 286","","BRODHEAD","WI","53520","","571-266-2094","2","Modified","PHONE_NO"
"2025/02/20","27168.11","A","WI","35WI","EAST TROY","US","MANAGER","ROGER Z. BARKER","44 3, BOX 149","","ELKHORN","WI","53121","","414-642-9339","2","Deleted",""
"2025/02/20","27168.11","A","WI","35WI","EAST TROY","US","OWNER","ROGER BARKER","RR 3, BOX 149","","ELKHORN","WI","53121","","414-642-9339","2","Deleted",""
"2025/02/20","50037.31","A","AK","00AK","ANCHOR POINT","US","MANAGER","DAN PRESLEY","PO BOX 1274/59218 EAST END ROAD","","HOMER","AK","99603","","907-398-6664","1","Modified","NAME ADDRESS1 PHONE_NO"
"2025/03/20","50037.31","A","AK","00AK","ANCHOR POINT","US","MANAGER","STEVEN UNTIET","818 SMOKY BAY WAY #100","","HOMER","AK","99603","","907-351-7808","2","Modified","NAME ADDRESS1 PHONE_NO"
"2025/02/20","50037.31","A","AK","00AK","ANCHOR POINT","US","OWNER","DAN PRESLEY","PO BOX 1274/59218 EAST END ROAD","","HOMER","AK","99603","","907-398-6664","1","Modified","NAME ADDRESS1 TITLE_CITY ZIP_CODE PHONE_NO"
"2025/03/20","50037.31","A","AK","00AK","ANCHOR POINT","US","OWNER","HOFFMAN HOMEOWNERS ASSOC.","PO BOX 295","","ANCHOR POINT","AK","99556","","907-351-7808","2","Modified","NAME ADDRESS1 TITLE_CITY ZIP_CODE PHONE_NO"
"2025/02/20","50738.1","A","AK","49AK","TALKEETNA","US","MANAGER","ANDREW MILLER","221 MONTGOMERY WAY","","PALMER","AK","99645","6529","907-235-5537","1","Modified","NAME ADDRESS1 TITLE_CITY PHONE_NO"
"2025/03/20","50738.1","A","AK","49AK","TALKEETNA","US","MANAGER","BRETT INGRAM","8811 ACADIA DR.","","EAGLE RIVER","AK","99645","6529","601-209-0534","2","Modified","NAME ADDRESS1 TITLE_CITY PHONE_NO"
"2025/02/20","50738.1","A","AK","49AK","TALKEETNA","US","OWNER","SECLUDED LAKE AIRPORT, INC.","221 MONTGOMERY WAY","","PALMER","AK","99645","6529","907-235-5537","1","Modified","ADDRESS1 TITLE_CITY ZIP_CODE PHONE_NO"
"2025/03/20","50738.1","A","AK","49AK","TALKEETNA","US","OWNER","SECLUDED LAKE AIRPORT, INC.","8811 ACADIA DR.","","EAGLE RIVER","AK","99577","6529","601-209-0534","2","Modified","ADDRESS1 TITLE_CITY ZIP_CODE PHONE_NO"
"2025/02/20","52250.2","A","HI","KOA","KAILUA/KONA","US","MANAGER","CHAUNCEY WONG YUEN","73-200 KUPIPI ST","KONA INTL AIRPORT AT KEAHOLE","KAILUA-KONA","HI","96740","2645","808-327-9520","1","Modified","CITY"
"2025/03/20","52250.2","A","HI","KOA","KAILUA-KONA","US","MANAGER","CHAUNCEY WONG YUEN","73-200 KUPIPI ST","KONA INTL AIRPORT AT KEAHOLE","KAILUA-KONA","HI","96740","2645","808-327-9520","2","Modified","CITY"
"2025/02/20","52250.2","A","HI","KOA","KAILUA/KONA","US","OWNER","HAWAII ST ARPTS DIV","HONOLULU INTL ARPT","300 RODGERS BOULEVARD, STE. 700","HONOLULU","HI","96819","","808-838-8600","1","Modified","CITY"
"2025/03/20","52250.2","A","HI","KOA","KAILUA-KONA","US","OWNER","HAWAII ST ARPTS DIV","HONOLULU INTL ARPT","300 RODGERS BOULEVARD, STE. 700","HONOLULU","HI","96819","","808-838-8600","2","Modified","CITY"
"2025/03/20","00438.03","H","AL","59AL","MOBILE","US","MANAGER","SPRINGHILL MEDICAL COMPLEX","3719 DAUPHIN ST","","MOBILE","AL","36608","","251-460-5270","2","Added",""
"2025/03/20","00438.03","H","AL","59AL","MOBILE","US","OWNER","SPRINGHILL MEDICAL COMPLEX","3719 DAUPHIN ST","","MOBILE","AL","36608","","251-460-5270","2","Added",""
"2025/03/20","01015.02","A","AR","80AR","HELENA","US","MANAGER","PAUL RIDDELL","138 STONEBROOK","","HELENA","AR","72342","","870-338-1504","2","Added",""
"2025/03/20","01015.02","A","AR","80AR","HELENA","US","OWNER","PAUL RIDDELL","138 STONEBROOK","","HELENA","AR","72342","","870-338-1504","2","Added",""
"2025/03/20","01015.03","A","AR","51AS","HELENA","US","MANAGER","PAUL RIDDELL","5176 CR-315","","HELENA","TX","72342","","870-338-1504","2","Added",""
"2025/03/20","01015.03","A","AR","51AS","HELENA","US","OWNER","PAUL RIDDELL","138 STONEBROOK","","HELENA","TX","72342","","870-338-1504","2","Added",""
"2025/03/20","01015.04","A","AR","AS11","HELENA","US","MANAGER","PAUL RIDDELL","1100 CR-352","","LEXA","AR","72355","","870-338-1504","2","Added",""
"2025/03/20","01015.04","A","AR","AS11","HELENA","US","OWNER","PAUL RIDDELL","138 STONEBROOK","","HELENA","AR","72342","","870-338-1504","2","Added",""
"2025/03/20","01035.27","A","AR","AS31","JONESBORO","US","MANAGER","KEVIN CARPENTER","3153 RIVER ROAD","","JONESBORO","AR","72401","","870-243-7650","2","Added",""
"2025/03/20","01035.27","A","AR","AS31","JONESBORO","US","OWNER","KEVIN CARPENTER","417 HUNTCLIFF","","JONESBORO","AR","72404","","870-243-7650","2","Added",""
"2025/03/20","03222.356","H","FL","77FA","HALLANDALE BEACH","US","MANAGER","TED MATALON","501 DIPLOMAT PARKWAY","","HALLANDALE BEACH","FL","33009","","305-747-6408","2","Added",""
"2025/03/20","03222.356","H","FL","77FA","HALLANDALE BEACH","US","OWNER","MALTESE DIPLOMAT OWNER, LLC","501 DIPLOMAT PARKWAY","","HALLANDALE BEACH","FL","33009","","305-747-6408","2","Added",""
"2025/03/20","03267.64","H","FL","21FD","KISSIMMEE","US","MANAGER","TIM CAPORAL","601 E. ROLLINS ST.","BOX 161","ORLANDO","FL","32803","","407-303-5645","2","Added",""
"2025/03/20","03267.64","H","FL","21FD","KISSIMMEE","US","OWNER","ADVENTIST HEALTHCARE SYSTEM/SUNBELT","900 HOPE WAY","","ALTAMONTE","FL","32714","","407-357-2927","2","Added",""
"2025/03/20","03279.34","C","FL","FA92","LAKE CITY","US","MANAGER","DAMON M. THOMAS","5943 NFR 209","","OLUSTEE","FL","32072","","904-472-4351","2","Added",""
"2025/03/20","03279.34","C","FL","FA92","LAKE CITY","US","OWNER","DAMON M. THOMAS","5943 NFR 209","","OLUSTEE","FL","32072","","904-472-4351","2","Added",""
"2025/03/20","03781.8","H","GA","08GE","ELLABELL","US","MANAGER","JUNG BONG PARK, SENIOR MANAGER","130 PALISADE DR","","ELLABELL","GA","31308","","912-704-2929","2","Added",""
"2025/03/20","03781.8","H","GA","08GE","ELLABELL","US","OWNER","JUNG BONG PARK, SENIOR MANAGER","130 PALISADE DR","","ELLABELL","GA","31308","","912-704-2929","2","Added",""
"2025/03/20","03928.22","H","GA","97GE","MONROE","US","MANAGER","BRUCE WHITLEY","2597 MT PARAN CH RD","","MONROE","GA","30655","","770-855-7218","2","Added",""
"2025/03/20","03928.22","H","GA","97GE","MONROE","US","OWNER","BRUCE WHITLEY","2597 MT PARAN CH RD","","MONROE","GA","30655","","770-855-7218","2","Added",""
"2025/03/20","04224.7","A","ID","39ID","KENDRICK","US","MANAGER","LEE TROTTER","1012 MAYBERRY LANE","","KENDRICK","ID","83537","","605-787-2701","2","Added",""
"2025/03/20","04224.7","A","ID","39ID","KENDRICK","US","OWNER","LEE TROTTER","1012 MAYBERRY LANE","","KENDRICK","ID","83537","","605-787-2701","2","Added",""
"2025/03/20","05249.755","A","IN","IN37","ELLETSVILLE","US","MANAGER","WILLIAM M OLIVER","2600 W. DELAP ROAD","","BLOOMINGTON","IN","47404","","812-876-5800","2","Added",""
"2025/03/20","05249.755","A","IN","IN37","ELLETSVILLE","US","OWNER","WILLIAM M OLIVER","2600 W. DELAP ROAD","","BLOOMINGTON","IN","47404","","812-876-5800","2","Added",""
"2025/03/20","05952.935","A","IA","35IA","DE WITT","US","MANAGER","SHANNON FRAZIER","2260 260TH AVE","","DE WITT","IA","52742","","563-275-0672","2","Added",""
"2025/03/20","05952.935","A","IA","35IA","DE WITT","US","OWNER","SHANNON FRAZIER","2260 260TH AVE","","DE WITT","IA","52742","","563-275-0672","2","Added",""
"2025/03/20","06520.03","A","KS","9KS9","CHENEY","US","MANAGER","JEFFERY GRACE","4400 S 391ST ST W","","CHENEY","KS","67025","","316-518-1854","2","Added",""
"2025/03/20","06520.03","A","KS","9KS9","CHENEY","US","OWNER","STACY DEVORE","2377 SE 170 AVE","","CHENEY","KS","67025","","316-215-1356","2","Added",""
"2025/03/20","06846.","A","KS","S44","PLAINS","US","MANAGER","JUNE BENDER","CITY OF PLAINS","","PLAINS","KS","67869","","620-563-7611","2","Added",""
"2025/03/20","06846.","A","KS","S44","PLAINS","US","OWNER","CITY OF PLAINS","404 GRAND AVE PLAINS","","PLAINS","KS","67869","","620-563-7611","2","Added",""
"2025/03/20","06932.01","A","KS","7KS8","TOPEKA","US","MANAGER","RUSS MOORE","2137 NW 52 STREET","","TOPEKA","KS","66618","","785-554-6424","2","Added",""
"2025/03/20","06932.01","A","KS","7KS8","TOPEKA","US","OWNER","RUSS MOORE","2137 NW 52 STREET","","TOPEKA","KS","66618","","785-554-6424","2","Added",""
"2025/03/20","06934.605","A","KS","6KS8","TOWANDA","US","MANAGER","MARK E BEYER","10252 SW 40TH ST","","TOWANDA","KS","67144","","316-253-9267","2","Added",""
"2025/03/20","06934.605","A","KS","6KS8","TOWANDA","US","OWNER","MARK E BEYER","10252 SW 40TH ST","","TOWANDA","KS","67144","","316-253-9267","2","Added",""
"2025/03/20","07692.07","H","LA","2LA","OSCAR","US","MANAGER","POINTE COUPEE FIRE DISTRICT 3","13406 HWY 416","","ROUGON","LA","70773","","225-240-0490","2","Added",""
"2025/03/20","07692.07","H","LA","2LA","OSCAR","US","OWNER","POINTE COUPEE FIRE DISTRICT 3","6571 FALSE RIVER DRIVE","","OSCAR","LA","70762","","225-240-0490","2","Added",""
"2025/03/20","08148.565","C","ME","14ME","MONMOUTH","US","MANAGER","JON LARRABEE","77 LEBEL LANE","","LITCHFIELD","ME","04350","","610-413-9255","2","Added",""
"2025/03/20","08148.565","C","ME","14ME","MONMOUTH","US","OWNER","JON LARRABEE","77 LEBEL LANE","","LITCHFIELD","ME","04350","","610-413-9255","2","Added",""
"2025/03/20","10428.01","C","MI","MI37","WATERSMEET","US","MANAGER","ROBERT MCGUFFIN","E19037 S CISCO LAKE RD","","WATERSMEET","MI","49969","9757","630-280-9542","2","Added",""
"2025/03/20","10428.01","C","MI","MI37","WATERSMEET","US","OWNER","ROBERT MCGUFFIN","E19037 S CISCO LAKE RD","","WATERSMEET","MI","49969","9757","630-280-9542","2","Added",""
"2025/03/20","10979.53","H","MN","6MY2","SANDSTONE","US","MANAGER","TROY JANKE","705 LUNDORFF DR SOUTH","","SANDSTONE","MN","55072","","218-626-7999","2","Added",""
"2025/03/20","10979.53","H","MN","6MY2","SANDSTONE","US","OWNER","ESSENTIA HEALTH PINE MEDICAL CENTER","ATTN DANIEL CEBELINSKI","705 LUNDORFF DR SOUTH","SANDSTONE","MN","55072","","218-786-2398","2","Added",""
"2025/03/20","11730.75","A","MO","7MO8","FOSTER","US","MANAGER","JONATHAN LAUGHLIN","6009 SW STATE RTE DD","","RICH HILL","MO","64779","","660-200-5140","2","Added",""
"2025/03/20","11730.75","A","MO","7MO8","FOSTER","US","OWNER","JONATHAN LAUGHLIN","6009 SW STATE RTE DD","","RICH HILL","MO","64779","","660-200-5140","2","Added",""
"2025/03/20","12342.03","H","MT","37MT","ENNIS","US","MANAGER","BRIAN ASHE","1 YELLOWSTONE CLUB TRIAL","","BIG SKY","MT","59716","","406-995-4900","2","Added",""
"2025/03/20","12342.03","H","MT","37MT","ENNIS","US","OWNER","BRIAN ASHE","1 YELLOWSTONE CLUB TRIAL","","BIG SKY","MT","59716","","406-995-4900","2","Added",""
"2025/03/20","12679.25","A","NE","28NE","CLARKSON","US","MANAGER","MICHAEL HAMERNIK","413 BRYAN ST","","CLARKSON","NE","68629","","402-750-2984","2","Added",""
"2025/03/20","12679.25","A","NE","28NE","CLARKSON","US","OWNER","MICHAEL HMERNIK","413 BRYAN ST","","CLARKSON","NE","68629","","402-750-2984","2","Added",""
"2025/03/20","13563.82","H","NJ","57NJ","BRICK","US","MANAGER","RAYMOND SYMS","32 AUGUSTA CT","","RED BANK","NJ","07701","","732-870-8883","2","Added",""
"2025/03/20","13563.82","H","NJ","57NJ","BRICK","US","OWNER","BARNEGAT BAY MARINA","29 MANOLOKING RD","","BRICK","NJ","08723","","732-477-7700","2","Added",""
"2025/03/20","23337.91","A","TX","TT47","ANNA","US","MANAGER","SAMUEL M ADAMS","4701 CR 428","","ANNA","TX","75409","","972-658-2654","2","Added",""
"2025/03/20","23337.91","A","TX","TT47","ANNA","US","OWNER","SAMUEL M ADAMS","4701 CR 428","","ANNA","TX","75409","","972-658-2654","2","Added",""
"2025/03/20","23574.13","A","TX","99TA","CASTROVILLE","US","MANAGER","KEITH ECHTLE","1921 FM 471 N","","CASTROVILLE","TX","78009","","210-844-5566","2","Added",""
"2025/03/20","23574.13","A","TX","99TA","CASTROVILLE","US","OWNER","KEITH ECHTLE","1921 FM 471 N","","CASTROVILLE","TX","78009","","210-844-5566","2","Added",""
"2025/03/20","23662.02","H","TX","7XA1","CORPUS CHRISTI","US","MANAGER","JAX REDLINE","14517 SAND DOLLAR AVE","","CORPUS CHRISTI","TX","78418","","806-683-6777","2","Added",""
"2025/03/20","23662.02","H","TX","7XA1","CORPUS CHRISTI","US","OWNER","JAX REDLINE","7600 S FM 1541","","AMARILLO","TX","79118","","806-683-6777","2","Added",""
"2025/03/20","24189.9","A","TX","TT34","LANGTRY","US","MANAGER","JOEY NEWBERRY","3468 CR 138","","KENEDY","TX","78119","","512-393-4058","2","Added",""
"2025/03/20","24189.9","A","TX","TT34","LANGTRY","US","OWNER","JOEY NEWBERRY","3468 CR 138","","KENEDY","TX","78119","","512-393-4058","2","Added",""
"2025/03/20","24711.06","H","TX","XA73","SAN ANTONIO","US","MANAGER","UNIVERSITY HEALTH - PALO ALTO","11102 S ZARZAMORA ST","","SAN ANTONIO","TX","78224","","513-864-8024","2","Added",""
"2025/03/20","24711.06","H","TX","XA73","SAN ANTONIO","US","OWNER","UNIVERSITY HEALTH - PALO ALTO","11102 S ZARZAMORA ST","","SAN ANTONIO","TX","78224","","210-358-4000","2","Added",""
"2025/03/20","24744.01","A","TX","TX32","SANTO","US","MANAGER","MAX THOMPSON","80342 INTERSTATE 20","","SANTO","TX","76472","","817-980-5125","2","Added",""
"2025/03/20","24744.01","A","TX","TX32","SANTO","US","OWNER","MICAM DEVELOPMENT, LLC","80342 INTERSTATE 20","","SANTO","TX","76472","","817-980-5125","2","Added",""
"2025/03/20","24765.05","H","TX","61XS","SELMA","US","MANAGER","JEFF STERWERF","16300 RETAMA PARKWAY","","SELMA","TX","78154","","513-864-8024","2","Added",""
"2025/03/20","24765.05","H","TX","61XS","SELMA","US","OWNER","UNIVERSITY HEALTH RETAMA HOSPITAL","16300 RETAMA PARKWAY","","SELMA","TX","78154","","210-358-4000","2","Added",""
"2025/03/20","24868.81","A","TX","TT11","SULPHUR SPRINGS","US","MANAGER","DANNY GOGGANS","269 COUNTY RD 1104","","SULPHUR SPRINGS","TX","75482","","903-348-3358","2","Added",""
"2025/03/20","24868.81","A","TX","TT11","SULPHUR SPRINGS","US","OWNER","DANNY GOGGANS","269 COUNTY RD 1104","","SULPHUR SPRINGS","TX","75482","","903-348-3358","2","Added",""
"2025/03/20","26367.","A","WA","WT03","PRESCOTT","US","MANAGER","ERIK YOUNG","9594 E HWY 124","","PRESCOTT","WA","99348","","509-386-2220","2","Added",""
"2025/03/20","26367.","A","WA","WT03","PRESCOTT","US","OWNER","ERIK YOUNG","9594 E HWY 124","","PRESCOTT","WA","99348","","509-386-2220","2","Added",""
"2025/03/20","26466.11","A","WA","5WA4","WHITE SWAN","US","MANAGER","JOE BOISSELLE","14938 FORT RD.","","WHITE SWAN","WA","98952","","509-728-0649","2","Added",""
"2025/03/20","26466.11","A","WA","5WA4","WHITE SWAN","US","OWNER","JOE BOISSELLE","14938 FORT RD.","","WHITE SWAN","WA","98952","","509-728-0649","2","Added",""
"2025/03/20","42288.53","A","ID","43ID","KOOSKIA","US","MANAGER","RANDY WILSON","1036 HARRIS RIDGE ROAD","","KOOSKIA","ID","83539","","828-674-5326","2","Added",""
"2025/03/20","42288.53","A","ID","43ID","KOOSKIA","US","OWNER","RANDY WILSON","1036 HARRIS RIDGE ROAD","","KOOSKIA","ID","83539","","828-674-5326","2","Added",""
