"EFF_DATE","SITE_NO","SITE_TYPE_CODE","FACILITY_TYPE","STATE_CODE","FACILITY_ID","CITY","COUNTRY_CODE","ICAO_ID","FACILITY_NAME","REGION_CODE","TWR_OPERATOR_CODE","TWR_CALL","TWR_HRS","PRIMARY_APCH_RADIO_CALL","APCH_P_PROVIDER","APCH_P_PROV_TYPE_CD","SECONDARY_APCH_RADIO_CALL","APCH_S_PROVIDER","APCH_S_PROV_TYPE_CD","PRIMARY_DEP_RADIO_CALL","DEP_P_PROVIDER","DEP_P_PROV_TYPE_CD","SECONDARY_DEP_RADIO_CALL","DEP_S_PROVIDER","DEP_S_PROV_TYPE_CD","CTL_FAC_APCH_DEP_CALLS","APCH_DEP_OPER_CODE","CTL_PRVDING_HRS","SECONDARY_CTL_PRVDING_HRS","File","Action","Mods"
"2025/02/20","05090.1","A","ATCT","IN","AID","ANDERSON","US","KAID","ANDERSON MUNI-DARLINGTON FLD","AGL","CITY","ANDERSON","0830-1630 MON-SAT","INDIANAPOLIS","IND","A","","","","INDIANAPOLIS","IND","A","","","","","","","","1","Modified","FACILITY_NAME"
"2025/03/20","05090.1","A","ATCT","IN","AID","ANDERSON","US","KAID","ANDERSON RGNL","AGL","CITY","ANDERSON","0830-1630 MON-SAT","INDIANAPOLIS","IND","A","","","","INDIANAPOLIS","IND","A","","","","","","","","2","Modified","FACILITY_NAME"
"2025/02/20","03387.","A","ATCT","FL","EVB","NEW SMYRNA BEACH","US","KEVB","NEW SMYRNA BEACH MUNI","ASO","F","NEW SMYRNA BEACH","0700-2200","DAYTONA","DAB","A","","","","DAYTONA","DAB","A","","","","","","","","1","Modified","FACILITY_NAME"
"2025/03/20","03387.","A","ATCT","FL","EVB","NEW SMYRNA BEACH","US","KEVB","NEW SMYRNA BEACH MUNI (JACK BOLT FLD)","ASO","F","NEW SMYRNA BEACH","0700-2200","DAYTONA","DAB","A","","","","DAYTONA","DAB","A","","","","","","","","2","Modified","FACILITY_NAME"
"2025/02/20","52250.2","A","ATCT","HI","KOA","KAILUA/KONA","US","PHKO","ELLISON ONIZUKA KONA INTL AT KEAHOLE","AWP","FCT","KONA","0600-2200","HCF CENTER","ZHN","C","","","","HCF CENTER","ZHN","C","","","","","","","","1","Modified","CITY"
"2025/03/20","52250.2","A","ATCT","HI","KOA","KAILUA-KONA","US","PHKO","ELLISON ONIZUKA KONA INTL AT KEAHOLE","AWP","FCT","KONA","0600-2200","HCF CENTER","ZHN","C","","","","HCF CENTER","ZHN","C","","","","","","","","2","Modified","CITY"
"2025/02/20","11816.","A","ATCT","MO","MKC","KANSAS CITY","US","KMKC","CHARLES B WHEELER DOWNTOWN","ACE","F","DOWNTOWN","24","KANSAS CITY","MCI","A","","","","KANSAS CITY","MCI","A","","","","","","","","1","Modified","FACILITY_NAME"
"2025/03/20","11816.","A","ATCT","MO","MKC","KANSAS CITY","US","KMKC","KANSAS CITY DOWNTOWN-WHEELER FLD","ACE","F","DOWNTOWN","24","KANSAS CITY","MCI","A","","","","KANSAS CITY","MCI","A","","","","","","","","2","Modified","FACILITY_NAME"
"2025/02/20","20999.02","H","NON-ATCT","PA","PA29","MOUNT PLEASANT","US","","FRICK HOSPITAL & COMMUNITY HEALTH CENTER","AEA","","","","JOHNSTOWN","JST","A","CLEVELAND ARTCC","ZOB","C","JOHNSTOWN","JST","A","CLEVELAND ARTCC","ZOB","C","","","","","1","Modified","FACILITY_NAME"
"2025/03/20","20999.02","H","NON-ATCT","PA","PA29","MOUNT PLEASANT","US","","INDEPENDENCE HEALTH FRICK HOSPITAL","AEA","","","","JOHNSTOWN","JST","A","CLEVELAND ARTCC","ZOB","C","JOHNSTOWN","JST","A","CLEVELAND ARTCC","ZOB","C","","","","","2","Modified","FACILITY_NAME"
"2025/02/20","17349.13","A","ATCT-RAPCON","ND","RDR","GRAND FORKS","US","KRDR","GRAND FORKS AFB","AGL","A","RED RIVER","OPR 1100-0430Z++; CLSD HOL.","GRAND FORKS","RDR","A","MINNEAPOLIS ARTCC","ZMP","C","GRAND FORKS","RDR","A","MINNEAPOLIS ARTCC","ZMP","C","GRAND FORKS","A","1100-0430Z++; CLSD HOL. OT CTC MINNEAPOLIS CENTER.","","1","Modified","TWR_HRS CTL_PRVDING_HRS"
"2025/03/20","17349.13","A","ATCT-RAPCON","ND","RDR","GRAND FORKS","US","KRDR","GRAND FORKS AFB","AGL","A","RED RIVER","OPR 1200-0530Z++; CLSD HOL.","GRAND FORKS","RDR","A","MINNEAPOLIS ARTCC","ZMP","C","GRAND FORKS","RDR","A","MINNEAPOLIS ARTCC","ZMP","C","GRAND FORKS","A","1200-0530Z++; CLSD HOL. OT CTC MINNEAPOLIS CENTER.","","2","Modified","TWR_HRS CTL_PRVDING_HRS"
"2025/03/20","13012.","A","NON-ATCT","NV","TMT","AUSTIN","US","KTMT","AUSTIN","AWP","","","","SALT LAKE ARTCC","ZLC","C","","","","SALT LAKE ARTCC","ZLC","C","","","","","","","","2","Added",""
