"EFF_DATE","FIX_ID","ICAO_REGION_CODE","STATE_CODE","COUNTRY_CODE","LAT_DEG","LAT_MIN","LAT_SEC","LAT_HEMIS","LAT_DECIMAL","LONG_DEG","LONG_MIN","LONG_SEC","LONG_HEMIS","LONG_DECIMAL","FIX_ID_OLD","CHARTING_REMARK","FIX_USE_CODE","ARTCC_ID_HIGH","ARTCC_ID_LOW","PITCH_FLAG","CATCH_FLAG","SUA_ATCAA_FLAG","MIN_RECEP_ALT","COMPULSORY","CHARTS","File","Action","Mods"
"2025/02/20","AMUPE","K4","LA","US","29","48","4.74","N","29.80131666","90","3","43.52","W","-90.06208888","","","WP   ","ZHU","ZHU","N","N","N","","","MILITARY IAP","2","Deleted",""
"2025/02/20","ARHAT","K7","TN","US","35","8","54.6","N","35.1485","85","14","30.63","W","-85.24184166","","","WP   ","ZTL","ZTL","N","N","N","","","SID,SPECIAL IAP","1","Modified","LAT_MIN LAT_SEC LAT_DECIMAL LONG_SEC LONG_DECIMAL CHARTS"
"2025/03/20","ARHAT","K7","TN","US","35","9","6.97","N","35.15193611","85","14","22.94","W","-85.23970555","","","WP   ","ZTL","ZTL","N","N","N","","","SPECIAL DP,SPECIAL IAP","2","Modified","LAT_MIN LAT_SEC LAT_DECIMAL LONG_SEC LONG_DECIMAL CHARTS"
"2025/02/20","BESSA","K2","CA","US","38","35","19.09","N","38.58863611","122","8","48.24","W","-122.14673333","","RNAV","RP   ","ZOA","ZOA","N","N","N","","","CONTROLLER LOW,ENROUTE LOW,IAP,MILITARY SID,SPECIAL DP,SPECIAL IAP","1","Modified","CHARTS"
"2025/03/20","BESSA","K2","CA","US","38","35","19.09","N","38.58863611","122","8","48.24","W","-122.14673333","","RNAV","RP   ","ZOA","ZOA","N","N","N","","","CONTROLLER LOW,ENROUTE LOW,IAP,MILITARY SID","2","Modified","CHARTS"
"2025/02/20","CAPEN","K7","FL","US","28","6","25.9","N","28.10719444","80","32","15.94","W","-80.53776111","","","RP   ","ZMA","ZMA","N","N","N","","","IAP,SID","1","Modified","LAT_SEC LAT_DECIMAL LONG_SEC LONG_DECIMAL"
"2025/03/20","CAPEN","K7","FL","US","28","6","26.25","N","28.10729166","80","32","8.49","W","-80.53569166","","","RP   ","ZMA","ZMA","N","N","N","","","IAP,SID","2","Modified","LAT_SEC LAT_DECIMAL LONG_SEC LONG_DECIMAL"
"2025/02/20","CECYL","K2","CA","US","38","48","15.09","N","38.80419166","121","49","14.65","W","-121.82073611","","","WP   ","ZOA","ZOA","N","N","N","","","SPECIAL DP,SPECIAL IAP","2","Deleted",""
"2025/02/20","CFDVQ","K6","NY","US","40","46","20.6","N","40.77238888","73","51","24.59","W","-73.85683055","","","CN   ","ZNY","ZNY","N","N","N","","","IAP","1","Modified","LAT_SEC LAT_DECIMAL LONG_SEC LONG_DECIMAL"
"2025/03/20","CFDVQ","K6","NY","US","40","46","20.62","N","40.77239444","73","51","24.61","W","-73.85683611","","","CN   ","ZNY","ZNY","N","N","N","","","IAP","2","Modified","LAT_SEC LAT_DECIMAL LONG_SEC LONG_DECIMAL"
"2025/02/20","CMONR","K5","IN","US","41","23","36.64","N","41.39351111","87","30","29.73","W","-87.50825833","","","WP   ","ZAU","ZAU","N","N","N","","","SPECIAL DP,SPECIAL IAP","2","Deleted",""
"2025/02/20","COXEN","K2","CA","US","38","35","1.81","N","38.58383611","122","3","25.09","W","-122.05696944","","","WP   ","ZOA","ZOA","N","N","N","","","SPECIAL DP,SPECIAL IAP","2","Deleted",""
"2025/02/20","CUDIE","K5","IL","US","41","20","46.79","N","41.34633055","87","34","15.05","W","-87.57084722","","","WP   ","ZAU","ZAU","N","N","N","","","SPECIAL IAP","2","Deleted",""
"2025/02/20","DORPS","K4","LA","US","29","51","33.85","N","29.85940277","89","59","49.83","W","-89.997175","","","MW   ","ZHU","ZHU","N","N","N","","","MILITARY IAP","2","Deleted",""
"2025/02/20","ELTOP","K7","FL","US","30","55","38.94","N","30.92748333","85","11","8.45","W","-85.18568055","","","WP   ","ZJX","ZJX","N","N","N","","","IAP","1","Modified","LAT_SEC LAT_DECIMAL LONG_SEC LONG_DECIMAL"
"2025/03/20","ELTOP","K7","FL","US","30","55","49.15","N","30.93031944","85","11","8.47","W","-85.18568611","","","WP   ","ZJX","ZJX","N","N","N","","","IAP","2","Modified","LAT_SEC LAT_DECIMAL LONG_SEC LONG_DECIMAL"
"2025/02/20","ESSUN","K7","TN","US","35","47","41.38","N","35.79482777","86","22","54.75","W","-86.381875","","","WP   ","ZME","ZME","N","N","N","","","IAP","1","Modified","LAT_SEC LAT_DECIMAL LONG_SEC LONG_DECIMAL"
"2025/03/20","ESSUN","K7","TN","US","35","47","45.19","N","35.79588611","86","22","54.69","W","-86.38185833","","","WP   ","ZME","ZME","N","N","N","","","IAP","2","Modified","LAT_SEC LAT_DECIMAL LONG_SEC LONG_DECIMAL"
"2025/02/20","EVADE","K3","ND","US","47","4","13.63","N","47.07045277","98","53","9.96","W","-98.8861","","RNAV","RP   ","ZMP","ZMP","N","N","N","","","IAP","1","Modified","CHARTING_REMARK FIX_USE_CODE"
"2025/03/20","EVADE","K3","ND","US","47","4","13.63","N","47.07045277","98","53","9.96","W","-98.8861","","","WP   ","ZMP","ZMP","N","N","N","","","IAP","2","Modified","CHARTING_REMARK FIX_USE_CODE"
"2025/02/20","FINAG","K2","NM","US","31","48","44.99","N","31.81249722","106","53","10.51","W","-106.88625277","","","WP   ","ZAB","ZAB","N","N","N","","","STAR","1","Modified","CHARTS"
"2025/03/20","FINAG","K2","NM","US","31","48","44.99","N","31.81249722","106","53","10.51","W","-106.88625277","","","WP   ","ZAB","ZAB","N","N","N","","","SPECIAL IAP,STAR","2","Modified","CHARTS"
"2025/02/20","FINIG","K4","TX","US","29","24","33.78","N","29.40938333","98","12","37.93","W","-98.21053611","","","MR   ","ZHU","ZHU","N","N","N","","","MILITARY IAP","1","Modified","LAT_SEC LAT_DECIMAL LONG_SEC LONG_DECIMAL"
"2025/03/20","FINIG","K4","TX","US","29","24","33.6","N","29.40933333","98","12","37.74","W","-98.21048333","","","MR   ","ZHU","ZHU","N","N","N","","","MILITARY IAP","2","Modified","LAT_SEC LAT_DECIMAL LONG_SEC LONG_DECIMAL"
"2025/02/20","GASPS","K5","IL","US","41","26","26.38","N","41.44066111","87","34","15.37","W","-87.57093611","","","WP   ","ZAU","ZAU","N","N","N","","","SPECIAL IAP","2","Deleted",""
"2025/02/20","GRAIS","K2","CA","US","38","45","57.05","N","38.76584722","121","51","42.58","W","-121.86182777","","","WP   ","ZOA","ZOA","N","N","N","","","SPECIAL DP,SPECIAL IAP","2","Deleted",""
"2025/02/20","HERLS","K2","CO","US","39","28","15.26","N","39.47090555","106","43","38.72","W","-106.72742222","","","RP   ","ZDV","ZDV","N","N","N","","","ENROUTE LOW,IAP,SPECIAL IAP","1","Modified","CHARTING_REMARK CHARTS"
"2025/03/20","HERLS","K2","CO","US","39","28","15.26","N","39.47090555","106","43","38.72","W","-106.72742222","","RNAV","RP   ","ZDV","ZDV","N","N","N","","","CONTROLLER LOW,ENROUTE LOW,IAP,SPECIAL DP,SPECIAL IAP","2","Modified","CHARTING_REMARK CHARTS"
"2025/02/20","HESAT","K7","TN","US","35","3","31.5","N","35.05875","85","16","59.81","W","-85.28328055","","","WP   ","ZTL","ZTL","N","N","N","","","SID,SPECIAL IAP","1","Modified","LONG_SEC LONG_DECIMAL CHARTS"
"2025/03/20","HESAT","K7","TN","US","35","3","31.5","N","35.05875","85","16","59.8","W","-85.28327777","","","WP   ","ZTL","ZTL","N","N","N","","","SPECIAL DP,SPECIAL IAP","2","Modified","LONG_SEC LONG_DECIMAL CHARTS"
"2025/02/20","HEXAN","K2","CA","US","38","43","15.98","N","38.72110555","121","54","35.06","W","-121.90973888","","","WP   ","ZOA","ZOA","N","N","N","","","SPECIAL DP,SPECIAL IAP","2","Deleted",""
"2025/02/20","HICKU","K4","TX","US","29","27","17.27","N","29.45479722","98","14","25.49","W","-98.24041388","","","MR   ","ZHU","ZHU","N","N","N","","","MILITARY IAP","1","Modified","LAT_MIN LAT_SEC LAT_DECIMAL LONG_MIN LONG_SEC LONG_DECIMAL"
"2025/03/20","HICKU","K4","TX","US","29","26","28.22","N","29.44117222","98","13","53.15","W","-98.23143055","","","MR   ","ZHU","ZHU","N","N","N","","","MILITARY IAP","2","Modified","LAT_MIN LAT_SEC LAT_DECIMAL LONG_MIN LONG_SEC LONG_DECIMAL"
"2025/02/20","HIRIG","K6","PA","US","41","42","18.1","N","41.70502777","77","24","22.31","W","-77.40619722","","","WP   ","ZNY","ZNY","N","N","N","","","SID,SPECIAL IAP","1","Modified","CHARTS"
"2025/03/20","HIRIG","K6","PA","US","41","42","18.1","N","41.70502777","77","24","22.31","W","-77.40619722","","","WP   ","ZNY","ZNY","N","N","N","","","SPECIAL DP,SPECIAL IAP","2","Modified","CHARTS"
"2025/02/20","JENRU","K7","TN","US","35","8","7.85","N","35.13551388","85","10","58.65","W","-85.18295833","","","WP   ","ZTL","ZTL","N","N","N","","","SPECIAL IAP","1","Modified","LAT_SEC LAT_DECIMAL LONG_SEC LONG_DECIMAL"
"2025/03/20","JENRU","K7","TN","US","35","8","20.23","N","35.13895277","85","10","50.96","W","-85.18082222","","","WP   ","ZTL","ZTL","N","N","N","","","SPECIAL IAP","2","Modified","LAT_SEC LAT_DECIMAL LONG_SEC LONG_DECIMAL"
"2025/02/20","JESIE","K2","CO","US","40","1","24.72","N","40.02353333","106","52","31.52","W","-106.87542222","","RNAV","RP   ","ZDV","ZDV","N","N","N","","","CONTROLLER LOW,ENROUTE LOW,IAP,SID,SPECIAL IAP","1","Modified","CHARTS"
"2025/03/20","JESIE","K2","CO","US","40","1","24.72","N","40.02353333","106","52","31.52","W","-106.87542222","","RNAV","RP   ","ZDV","ZDV","N","N","N","","","CONTROLLER LOW,ENROUTE LOW,IAP,SID,SPECIAL DP,SPECIAL IAP","2","Modified","CHARTS"
"2025/02/20","JUMIG","K7","FL","US","30","52","45.21","N","30.879225","85","11","8.41","W","-85.18566944","","","WP   ","ZJX","ZJX","N","N","N","","","IAP","1","Modified","LAT_SEC LAT_DECIMAL LONG_SEC LONG_DECIMAL"
"2025/03/20","JUMIG","K7","FL","US","30","52","55.42","N","30.88206111","85","11","8.42","W","-85.18567222","","","WP   ","ZJX","ZJX","N","N","N","","","IAP","2","Modified","LAT_SEC LAT_DECIMAL LONG_SEC LONG_DECIMAL"
"2025/02/20","KIOOZ","K5","IN","US","41","23","36.77","N","41.39354722","87","22","47.35","W","-87.37981944","","","WP   ","ZAU","ZAU","N","N","N","","","SPECIAL DP,SPECIAL IAP","2","Deleted",""
"2025/02/20","MOLLY","K2","NM","US","32","3","47.91","N","32.06330833","106","43","27.24","W","-106.72423333","","RNAV","RP   ","ZAB","ZAB","N","N","N","10000","","CONTROLLER LOW,ENROUTE LOW,IAP,STAR","1","Modified","CHARTS"
"2025/03/20","MOLLY","K2","NM","US","32","3","47.91","N","32.06330833","106","43","27.24","W","-106.72423333","","RNAV","RP   ","ZAB","ZAB","N","N","N","10000","","CONTROLLER LOW,ENROUTE LOW,IAP,SPECIAL IAP,STAR","2","Modified","CHARTS"
"2025/02/20","NOVJO","K2","CO","US","39","46","6.35","N","39.76843055","107","48","38.33","W","-107.81064722","","RNAV","RP   ","ZDV","ZDV","N","N","N","","","CONTROLLER LOW,ENROUTE LOW,IAP,SID","1","Modified","CHARTS"
"2025/03/20","NOVJO","K2","CO","US","39","46","6.35","N","39.76843055","107","48","38.33","W","-107.81064722","","RNAV","RP   ","ZDV","ZDV","N","N","N","","","CONTROLLER LOW,ENROUTE LOW,IAP,SID,SPECIAL DP","2","Modified","CHARTS"
"2025/02/20","SAPVE","K4","TX","US","29","24","33.67","N","29.40935277","98","12","37.78","W","-98.21049444","","","MW   ","ZHU","ZHU","N","N","N","","","MILITARY IAP","1","Modified","LAT_SEC LAT_DECIMAL LONG_SEC LONG_DECIMAL"
"2025/03/20","SAPVE","K4","TX","US","29","24","33.36","N","29.40926666","98","12","37.27","W","-98.21035277","","","MW   ","ZHU","ZHU","N","N","N","","","MILITARY IAP","2","Modified","LAT_SEC LAT_DECIMAL LONG_SEC LONG_DECIMAL"
"2025/02/20","SIBKE","K4","TX","US","29","35","37.37","N","29.59371388","98","19","55.22","W","-98.33200555","","RNAV","MR   ","ZHU","ZHU","N","N","N","","","MILITARY IAP","1","Modified","LAT_MIN LAT_SEC LAT_DECIMAL LONG_MIN LONG_SEC LONG_DECIMAL"
"2025/03/20","SIBKE","K4","TX","US","29","36","26.34","N","29.60731666","98","20","27.5","W","-98.34097222","","RNAV","MR   ","ZHU","ZHU","N","N","N","","","MILITARY IAP","2","Modified","LAT_MIN LAT_SEC LAT_DECIMAL LONG_MIN LONG_SEC LONG_DECIMAL"
"2025/02/20","SLOLM","K2","CO","US","39","17","48.53","N","39.29681388","107","37","39.9","W","-107.62775","","RNAV","RP   ","ZDV","ZDV","N","N","N","","","CONTROLLER LOW,ENROUTE LOW,IAP,SID","1","Modified","CHARTS"
"2025/03/20","SLOLM","K2","CO","US","39","17","48.53","N","39.29681388","107","37","39.9","W","-107.62775","","RNAV","RP   ","ZDV","ZDV","N","N","N","","","CONTROLLER LOW,ENROUTE LOW,IAP,SID,SPECIAL DP","2","Modified","CHARTS"
"2025/02/20","SOTME","K4","TX","US","29","16","0.72","N","29.26686666","98","6","59.12","W","-98.11642222","","RNAV","MR   ","ZHU","ZHU","N","N","N","","","MILITARY IAP","1","Modified","LAT_SEC LAT_DECIMAL LONG_SEC LONG_DECIMAL"
"2025/03/20","SOTME","K4","TX","US","29","16","0.29","N","29.26674722","98","6","59.98","W","-98.11666111","","RNAV","MR   ","ZHU","ZHU","N","N","N","","","MILITARY IAP","2","Modified","LAT_SEC LAT_DECIMAL LONG_SEC LONG_DECIMAL"
"2025/02/20","TEGOE","K7","TN","US","35","9","41.23","N","35.16145277","85","18","2.67","W","-85.30074166","","","WP   ","ZTL","ZTL","N","N","N","","","SPECIAL IAP","1","Modified","LAT_SEC LAT_DECIMAL LONG_MIN LONG_SEC LONG_DECIMAL"
"2025/03/20","TEGOE","K7","TN","US","35","9","53.61","N","35.16489166","85","17","55","W","-85.29861111","","","WP   ","ZTL","ZTL","N","N","N","","","SPECIAL IAP","2","Modified","LAT_SEC LAT_DECIMAL LONG_MIN LONG_SEC LONG_DECIMAL"
"2025/02/20","UNFIX","K2","CA","US","38","37","53.78","N","38.63160555","122","0","19.58","W","-122.00543888","","","WP   ","ZOA","ZOA","N","N","N","","","SPECIAL DP,SPECIAL IAP","2","Deleted",""
"2025/02/20","WANAB","K2","NM","US","32","7","15.39","N","32.12094166","106","58","47.7","W","-106.97991666","","","WP   ","ZAB","ZAB","N","N","N","","","STAR","1","Modified","CHARTS"
"2025/03/20","WANAB","K2","NM","US","32","7","15.39","N","32.12094166","106","58","47.7","W","-106.97991666","","","WP   ","ZAB","ZAB","N","N","N","","","SPECIAL IAP,STAR","2","Modified","CHARTS"
"2025/02/20","WAPOP","K4","TX","US","29","30","20.42","N","29.50567222","98","16","26.09","W","-98.27391388","","","MR   ","ZHU","ZHU","N","N","N","","","MILITARY IAP","1","Modified","LAT_SEC LAT_DECIMAL LONG_SEC LONG_DECIMAL"
"2025/03/20","WAPOP","K4","TX","US","29","30","20.43","N","29.505675","98","16","26.11","W","-98.27391944","","","MR   ","ZHU","ZHU","N","N","N","","","MILITARY IAP","2","Modified","LAT_SEC LAT_DECIMAL LONG_SEC LONG_DECIMAL"
"2025/02/20","WESOX","K7","TN","US","35","6","0.45","N","35.100125","85","15","27.44","W","-85.25762222","","","WP   ","ZTL","ZTL","N","N","N","","","SID,SPECIAL IAP","1","Modified","LAT_SEC LAT_DECIMAL LONG_SEC LONG_DECIMAL CHARTS"
"2025/03/20","WESOX","K7","TN","US","35","6","12.83","N","35.10356388","85","15","19.76","W","-85.25548888","","","WP   ","ZTL","ZTL","N","N","N","","","SPECIAL DP,SPECIAL IAP","2","Modified","LAT_SEC LAT_DECIMAL LONG_SEC LONG_DECIMAL CHARTS"
"2025/02/20","WODDD","K5","IN","US","41","23","36.71","N","41.39353055","87","26","30.57","W","-87.441825","","","WP   ","ZAU","ZAU","N","N","N","","","SPECIAL DP,SPECIAL IAP","2","Deleted",""
"2025/02/20","WOLST","K4","TX","US","29","21","13.29","N","29.35369166","98","10","25.34","W","-98.17370555","","","MW   ","ZHU","ZHU","N","N","N","","","MILITARY IAP","1","Modified","LAT_SEC LAT_DECIMAL LONG_SEC LONG_DECIMAL"
"2025/03/20","WOLST","K4","TX","US","29","21","13.24","N","29.35367777","98","10","25.58","W","-98.17377222","","","MW   ","ZHU","ZHU","N","N","N","","","MILITARY IAP","2","Modified","LAT_SEC LAT_DECIMAL LONG_SEC LONG_DECIMAL"
"2025/03/20","ACRAM","K7","FL","US","26","30","41.96","N","26.51165555","82","10","31.17","W","-82.175325","","","WP   ","ZMA","ZMA","N","N","N","","","SPECIAL DP,SPECIAL IAP","2","Added",""
"2025/03/20","AJFOR","K7","FL","US","26","43","59.88","N","26.7333","82","12","3.48","W","-82.20096666","","","WP   ","ZMA","ZMA","N","N","N","","","SPECIAL DP,SPECIAL IAP","2","Added",""
"2025/03/20","ANIEE","K4","TX","US","29","36","26.25","N","29.60729166","98","20","27.67","W","-98.34101944","","","WP   ","ZHU","ZHU","N","N","N","","","MILITARY IAP","2","Added",""
"2025/03/20","ASPNN","K2","CO","US","39","15","32.7","N","39.25908333","106","52","40.75","W","-106.87798611","","","WP   ","ZDV","ZDV","N","N","N","","","SPECIAL DP","2","Added",""
"2025/03/20","BALEW","K4","TX","US","31","53","0.09","N","31.88335833","106","33","42.73","W","-106.56186944","","","WP   ","ZAB","ZAB","N","N","N","","","SPECIAL IAP","2","Added",""
"2025/03/20","BRAWN","K4","TX","US","29","26","28.3","N","29.44119444","98","13","52.99","W","-98.23138611","","","WP   ","ZHU","ZHU","N","N","N","","","MILITARY IAP","2","Added",""
"2025/03/20","BUSBE","K2","CO","US","39","24","7.23","N","39.40200833","107","8","47.21","W","-107.14644722","","","WP   ","ZDV","ZDV","N","N","N","","","SPECIAL DP","2","Added",""
"2025/03/20","BUVSE","K7","FL","US","26","44","26.03","N","26.74056388","82","14","48.47","W","-82.24679722","","","WP   ","ZMA","ZMA","N","N","N","","","SPECIAL DP,SPECIAL IAP","2","Added",""
"2025/03/20","CEVUK","K7","FL","US","26","36","29.02","N","26.60806111","82","12","21.85","W","-82.20606944","","","WP   ","ZMA","ZMA","N","N","N","","","SPECIAL IAP","2","Added",""
"2025/03/20","CFAJK","K2","NM","US","31","45","56.99","N","31.76583055","106","39","3.09","W","-106.65085833","","","CN   ","ZAB","ZAB","N","N","N","","","SPECIAL IAP","2","Added",""
"2025/03/20","CFBBF","K2","NM","US","31","48","59.56","N","31.81654444","106","37","27.81","W","-106.62439166","","","CN   ","ZAB","ZAB","N","N","N","","","SPECIAL IAP","2","Added",""
"2025/03/20","CFBGS","K2","CO","US","39","15","40.08","N","39.26113333","106","55","32.18","W","-106.92560555","","","CN   ","ZDV","ZDV","N","N","N","","","SPECIAL DP","2","Added",""
"2025/03/20","CFDWS","K4","TX","US","31","52","18.1","N","31.87169444","106","27","42.18","W","-106.46171666","","","CN   ","ZAB","ZAB","N","N","N","","","SPECIAL IAP","2","Added",""
"2025/03/20","CFEHK","K2","CO","US","39","22","37.6","N","39.37711111","106","58","5.98","W","-106.96832777","","","CN   ","ZDV","ZDV","N","N","N","","","SPECIAL DP","2","Added",""
"2025/03/20","CFJKT","K2","CO","US","39","27","46.92","N","39.46303333","107","4","23.08","W","-107.07307777","","","CN   ","ZDV","ZDV","N","N","N","","","SPECIAL DP","2","Added",""
"2025/03/20","CFLSG","K4","TX","US","31","52","22.63","N","31.87295277","106","35","41.68","W","-106.59491111","","","CN   ","ZAB","ZAB","N","N","N","","","SPECIAL IAP","2","Added",""
"2025/03/20","CFNRK","K2","CO","US","39","19","56.23","N","39.33228611","107","13","48.17","W","-107.23004722","","","CN   ","ZDV","ZDV","N","N","N","","","SPECIAL DP","2","Added",""
"2025/03/20","CITEL","K2","CO","US","39","27","27","N","39.4575","107","23","48","W","-107.39666666","","","WP   ","ZDV","ZDV","N","N","N","","","SPECIAL DP","2","Added",""
"2025/03/20","DDONN","K7","FL","US","30","29","56.21","N","30.49894722","81","32","55.11","W","-81.54864166","","","WP   ","ZJX","ZJX","N","N","N","","","SPECIAL IAP","2","Added",""
"2025/03/20","DDUUK","K6","NJ","US","40","40","25.45","N","40.67373611","74","5","35.48","W","-74.09318888","","","WP   ","ZNY","ZNY","N","N","N","","","IAP","2","Added",""
"2025/03/20","DEALL","K2","CO","US","39","18","5.01","N","39.30139166","106","58","43.04","W","-106.97862222","","","WP   ","ZDV","ZDV","N","N","N","","","SPECIAL DP","2","Added",""
"2025/03/20","EYTOM","K7","FL","US","26","28","17.35","N","26.47148611","82","9","45.08","W","-82.16252222","","","WP   ","ZMA","ZMA","N","N","N","","","SPECIAL DP,SPECIAL IAP","2","Added",""
"2025/03/20","FONTA","K7","FL","US","26","35","8.55","N","26.58570833","82","5","20.51","W","-82.08903055","","","WP   ","ZMA","ZMA","N","N","N","","","SPECIAL DP,SPECIAL IAP","2","Added",""
"2025/03/20","GAFET","K2","CO","US","39","31","17.89","N","39.52163611","107","8","59","W","-107.14972222","","","WP   ","ZDV","ZDV","N","N","N","","","SPECIAL DP","2","Added",""
"2025/03/20","GERFI","K2","NM","US","31","48","15.37","N","31.80426944","106","33","18.34","W","-106.55509444","","","WP   ","ZAB","ZAB","N","N","N","","","SPECIAL IAP","2","Added",""
"2025/03/20","GLDUN","K7","FL","US","26","35","53.63","N","26.59823055","82","12","21.47","W","-82.20596388","","","WP   ","ZMA","ZMA","N","N","N","","","SPECIAL DP,SPECIAL IAP","2","Added",""
"2025/03/20","GMERE","K7","FL","US","26","46","55.9","N","26.78219444","82","8","4.76","W","-82.13465555","","","WP   ","ZMA","ZMA","N","N","N","","","SPECIAL IAP","2","Added",""
"2025/03/20","HARMS","K7","FL","US","26","36","34.74","N","26.60965","81","59","45.91","W","-81.99608611","","","WP   ","ZMA","ZMA","N","N","N","","","SPECIAL DP,SPECIAL IAP","2","Added",""
"2025/03/20","HEARD","K2","CO","US","39","17","47.88","N","39.29663333","106","55","14.73","W","-106.92075833","","","WP   ","ZDV","ZDV","N","N","N","","","SPECIAL DP","2","Added",""
"2025/03/20","HETLA","K2","NM","US","31","48","45.64","N","31.81267777","106","44","0.73","W","-106.73353611","","","WP   ","ZAB","ZAB","N","N","N","","","SPECIAL IAP","2","Added",""
"2025/03/20","ICOLO","K2","CO","US","39","19","17.4","N","39.3215","107","2","7.12","W","-107.03531111","","","WP   ","ZDV","ZDV","N","N","N","","","SPECIAL DP","2","Added",""
"2025/03/20","JDAWG","K6","NY","US","40","56","38.94","N","40.94415","73","51","17.77","W","-73.85493611","","","WP   ","ZBW","ZBW","N","N","N","","","IAP","2","Added",""
"2025/03/20","JODKU","K2","CO","US","39","16","7.87","N","39.26885277","106","52","50.76","W","-106.88076666","","","WP   ","ZDV","ZDV","N","N","N","","","SPECIAL DP","2","Added",""
"2025/03/20","JURSI","K4","TX","US","31","46","54.97","N","31.78193611","106","23","33.79","W","-106.39271944","","","WP   ","ZAB","ZAB","N","N","N","","","SPECIAL IAP","2","Added",""
"2025/03/20","KACMI","K4","TX","US","31","46","24.46","N","31.77346111","106","25","13.14","W","-106.42031666","","","WP   ","ZAB","ZAB","N","N","N","","","SPECIAL IAP","2","Added",""
"2025/03/20","KECES","K2","NM","US","31","52","32.91","N","31.87580833","106","41","19.92","W","-106.68886666","","","WP   ","ZAB","ZAB","N","N","N","","","SPECIAL IAP","2","Added",""
"2025/03/20","KOEHN","K7","FL","US","26","33","23.32","N","26.55647777","82","6","53.54","W","-82.11487222","","","WP   ","ZMA","ZMA","N","N","N","","","SPECIAL DP,SPECIAL IAP","2","Added",""
"2025/03/20","KOLBE","K7","FL","US","26","35","45.02","N","26.59583888","82","2","58.95","W","-82.04970833","","","WP   ","ZMA","ZMA","N","N","N","","","SPECIAL DP,SPECIAL IAP","2","Added",""
"2025/03/20","LEVDE","K6","NJ","US","40","41","52.65","N","40.69795833","74","6","28.72","W","-74.10797777","","","WP   ","ZNY","ZNY","N","N","N","","","IAP","2","Added",""
"2025/03/20","LOPCE","K2","CO","US","39","32","35.1","N","39.54308333","107","2","34.07","W","-107.04279722","","","WP   ","ZDV","ZDV","N","N","N","","","SPECIAL DP","2","Added",""
"2025/03/20","MAVIS","K7","FL","US","26","39","28.27","N","26.65785277","82","0","41.28","W","-82.01146666","","","WP   ","ZMA","ZMA","N","N","N","","","SPECIAL IAP","2","Added",""
"2025/03/20","MUDGE","K2","CO","US","39","25","31.39","N","39.42538611","107","12","14.86","W","-107.20412777","","","WP   ","ZDV","ZDV","N","N","N","","","SPECIAL DP","2","Added",""
"2025/03/20","NORIE","K2","NM","US","31","51","20.62","N","31.85572777","106","38","9.8","W","-106.63605555","","","WP   ","ZAB","ZAB","N","N","N","","","SPECIAL IAP","2","Added",""
"2025/03/20","ONICO","K2","NM","US","31","48","19.01","N","31.80528055","106","35","22.73","W","-106.58964722","","","WP   ","ZAB","ZAB","N","N","N","","","SPECIAL IAP","2","Added",""
"2025/03/20","PEKIN","K4","TX","US","31","51","3.94","N","31.85109444","106","34","14.79","W","-106.570775","","","WP   ","ZAB","ZAB","N","N","N","","","SPECIAL IAP","2","Added",""
"2025/03/20","PIBRE","K2","CO","US","39","25","8.8","N","39.41911111","107","16","49.81","W","-107.28050277","","","WP   ","ZDV","ZDV","N","N","N","","","SPECIAL DP","2","Added",""
"2025/03/20","PRHAM","K7","FL","US","26","34","45.31","N","26.57925277","82","9","52.39","W","-82.16455277","","","WP   ","ZMA","ZMA","N","N","N","","","SPECIAL DP,SPECIAL IAP","2","Added",""
"2025/03/20","PUFFR","K2","CO","US","39","23","5.65","N","39.38490277","107","7","22.04","W","-107.12278888","","","WP   ","ZDV","ZDV","N","N","N","","","SPECIAL DP","2","Added",""
"2025/03/20","RIPUE","K7","FL","US","26","30","42.46","N","26.51179444","82","8","24.63","W","-82.140175","","","WP   ","ZMA","ZMA","N","N","N","","","SPECIAL DP,SPECIAL IAP","2","Added",""
"2025/03/20","SHYLO","K4","TX","US","31","56","53.65","N","31.94823611","106","35","23.51","W","-106.58986388","","","WP   ","ZAB","ZAB","N","N","N","","","SPECIAL IAP","2","Added",""
"2025/03/20","SOTCO","K7","FL","US","26","33","41.21","N","26.56144722","81","58","50.57","W","-81.98071388","","","WP   ","ZMA","ZMA","N","N","N","","","SPECIAL IAP","2","Added",""
"2025/03/20","TEEKI","K2","CO","US","39","14","51.82","N","39.24772777","107","17","11.33","W","-107.28648055","","","WP   ","ZDV","ZDV","N","N","N","","","SPECIAL DP","2","Added",""
"2025/03/20","TIRYN","K6","NJ","US","40","38","37.46","N","40.64373888","74","7","15.03","W","-74.12084166","","","WP   ","ZNY","ZNY","N","N","N","","","IAP","2","Added",""
"2025/03/20","TOTBE","K4","TX","US","31","49","20.08","N","31.82224444","106","34","22.51","W","-106.57291944","","","WP   ","ZAB","ZAB","N","N","N","","","SPECIAL IAP","2","Added",""
"2025/03/20","UCKOR","K7","FL","US","26","43","28.49","N","26.72458055","82","8","45.5","W","-82.14597222","","","WP   ","ZMA","ZMA","N","N","N","","","SPECIAL DP,SPECIAL IAP","2","Added",""
"2025/03/20","WABIL","K4","TX","US","31","46","58.9","N","31.78302777","106","31","34.61","W","-106.52628055","","","WP   ","ZAB","ZAB","N","N","N","","","SPECIAL IAP","2","Added",""
"2025/03/20","WAKLA","K2","NM","US","31","47","10.63","N","31.78628611","106","38","8.09","W","-106.63558055","","","WP   ","ZAB","ZAB","N","N","N","","","SPECIAL IAP","2","Added",""
"2025/03/20","WELIS","K2","CO","US","39","37","26.28","N","39.62396666","107","1","8.95","W","-107.01915277","","","WP   ","ZDV","ZDV","N","N","N","","","SPECIAL DP","2","Added",""
"2025/03/20","YAZYE","K4","LA","US","29","47","34.62","N","29.79295","90","4","17.16","W","-90.07143333","","","MR   ","ZHU","ZHU","N","N","N","","","MILITARY IAP","2","Added",""
"2025/03/20","YIVUD","K7","FL","US","26","40","1.08","N","26.66696666","82","9","26.21","W","-82.15728055","","","WP   ","ZMA","ZMA","N","N","N","","","SPECIAL IAP","2","Added",""
"2025/03/20","YOKUY","K7","FL","US","26","36","4.16","N","26.60115555","82","5","22.37","W","-82.08954722","","","WP   ","ZMA","ZMA","N","N","N","","","SPECIAL IAP","2","Added",""
"2025/03/20","ZEMGI","K7","TN","US","35","3","43.28","N","35.06202222","85","16","52.5","W","-85.28125","","","WP   ","ZTL","ZTL","N","N","N","","","SPECIAL DP","2","Added",""
"2025/03/20","ZUDNU","K7","FL","US","26","33","35.49","N","26.55985833","82","11","26.5","W","-82.19069444","","","WP   ","ZMA","ZMA","N","N","N","","","SPECIAL DP,SPECIAL IAP","2","Added",""
