"EFF_DATE","FIX_ID","ICAO_REGION_CODE","STATE_CODE","COUNTRY_CODE","NAV_ID","NAV_TYPE","BEARING","DISTANCE","File","Action","Mods"
"2025/02/20","CAPEN","K7","FL","US","MLB","VOR/DME","95.71","5.18","1","Modified","BEARING DISTANCE"
"2025/03/20","CAPEN","K7","FL","US","MLB","VOR/DME","95.67","5.28","2","Modified","BEARING DISTANCE"
"2025/02/20","CAPEN","K7","FL","US","TRV","VORTAC","1.33","","2","Deleted",""
"2025/02/20","COSVO","K3","MN","US","MDI","LOC","313.01","","1","Modified","BEARING"
"2025/03/20","COSVO","K3","MN","US","MDI","LOC","133.01","","2","Modified","BEARING"
"2025/02/20","FARSU","K4","TX","US","SSF","VOR","59","","2","Deleted",""
"2025/02/20","FINIG","K4","TX","US","SSF","VOR","44.45","","1","Modified","BEARING"
"2025/03/20","FINIG","K4","TX","US","SSF","VOR","44.47","","2","Modified","BEARING"
"2025/02/20","FINIG","K4","TX","US","VQE","LOC","145.03","","1","Modified","BEARING"
"2025/03/20","FINIG","K4","TX","US","VQE","LOC","145.02","","2","Modified","BEARING"
"2025/02/20","HENPU","K4","LA","US","HRV","VORTAC","57","0.1","1","Modified","BEARING"
"2025/03/20","HENPU","K4","LA","US","HRV","VORTAC","56.96","0.1","2","Modified","BEARING"
"2025/02/20","HICKU","K4","TX","US","RND","VORTAC","143.68","4.51","1","Modified","BEARING DISTANCE"
"2025/03/20","HICKU","K4","TX","US","RND","VORTAC","143.9","5.45","2","Modified","BEARING DISTANCE"
"2025/02/20","HICKU","K4","TX","US","SSF","VOR","33.12","","2","Deleted",""
"2025/02/20","HICKU","K4","TX","US","VQE","LOC","145.03","","1","Modified","BEARING"
"2025/03/20","HICKU","K4","TX","US","VQE","LOC","145.02","","2","Modified","BEARING"
"2025/02/20","MAJHY","K7","FL","US","MAI","VORTAC","316.18","3.96","1","Modified","BEARING"
"2025/03/20","MAJHY","K7","FL","US","MAI","VORTAC","316.2","3.96","2","Modified","BEARING"
"2025/02/20","MISSB","K4","LA","US","HRV","VORTAC","223.02","12.99","1","Modified","BEARING DISTANCE"
"2025/03/20","MISSB","K4","LA","US","HRV","VORTAC","223.01","13","2","Modified","BEARING DISTANCE"
"2025/02/20","NODVE","K4","TX","US","VQE","LOC","145.03","","2","Deleted",""
"2025/02/20","RENEE","K4","LA","US","SJI","VORTAC","225.61","103.36","2","Deleted",""
"2025/02/20","SIBKE","K4","TX","US","RND","VORTAC","326.23","5.09","1","Modified","BEARING DISTANCE"
"2025/03/20","SIBKE","K4","TX","US","RND","VORTAC","326.05","6.03","2","Modified","BEARING DISTANCE"
"2025/02/20","SIBKE","K4","TX","US","SAT","VORTAC","105.97","","1","Modified","BEARING DISTANCE"
"2025/03/20","SIBKE","K4","TX","US","SAT","VORTAC","101.22","6.67","2","Modified","BEARING DISTANCE"
"2025/02/20","SIBKE","K4","TX","US","UNY","LOC","325.03","","1","Modified","BEARING"
"2025/03/20","SIBKE","K4","TX","US","UNY","LOC","325.04","","2","Modified","BEARING"
"2025/02/20","SOTME","K4","TX","US","RND","VORTAC","144.6","17.5","1","Modified","BEARING"
"2025/03/20","SOTME","K4","TX","US","RND","VORTAC","144.65","17.5","2","Modified","BEARING"
"2025/02/20","TINEE","K4","LA","US","LEV","VORTAC","347.06","30.91","2","Deleted",""
"2025/02/20","ZABEX","K4","LA","US","HRV","VORTAC","223.67","6.94","1","Modified","BEARING DISTANCE"
"2025/03/20","ZABEX","K4","LA","US","HRV","VORTAC","223.66","6.95","2","Modified","BEARING DISTANCE"
"2025/02/20","ZAGOR","K4","LA","US","HRV","VORTAC","225.63","2.89","1","Modified","BEARING"
"2025/03/20","ZAGOR","K4","LA","US","HRV","VORTAC","225.6","2.89","2","Modified","BEARING"
"2025/02/20","ZAGOR","K4","LA","US","NBG","LOC","244.27","","1","Modified","BEARING"
"2025/03/20","ZAGOR","K4","LA","US","NBG","LOC","224.27","","2","Modified","BEARING"
"2025/03/20","YAZYE","K4","LA","US","HRV","VORTAC","224.21","4.95","2","Added",""
"2025/03/20","YAZYE","K4","LA","US","NBG","LOC","224.27","","2","Added",""
