"EFF_DATE","FIX_ID","ICAO_REGION_CODE","STATE_CODE","COUNTRY_CODE","CHARTING_TYPE_DESC","File","Action","Mods"
"2025/02/20","AMUPE","K4","LA","US","MILITARY IAP","2","Deleted",""
"2025/02/20","ARHAT","K7","TN","US","SID","2","Deleted",""
"2025/02/20","BESSA","K2","CA","US","SPECIAL DP","2","Deleted",""
"2025/02/20","BESSA","K2","CA","US","SPECIAL IAP","2","Deleted",""
"2025/02/20","CECYL","K2","CA","US","SPECIAL DP","2","Deleted",""
"2025/02/20","CECYL","K2","CA","US","SPECIAL IAP","2","Deleted",""
"2025/02/20","CMONR","K5","IN","US","SPECIAL DP","2","Deleted",""
"2025/02/20","CMONR","K5","IN","US","SPECIAL IAP","2","Deleted",""
"2025/02/20","COXEN","K2","CA","US","SPECIAL DP","2","Deleted",""
"2025/02/20","COXEN","K2","CA","US","SPECIAL IAP","2","Deleted",""
"2025/02/20","CUDIE","K5","IL","US","SPECIAL IAP","2","Deleted",""
"2025/02/20","DORPS","K4","LA","US","MILITARY IAP","2","Deleted",""
"2025/02/20","GASPS","K5","IL","US","SPECIAL IAP","2","Deleted",""
"2025/02/20","GRAIS","K2","CA","US","SPECIAL DP","2","Deleted",""
"2025/02/20","GRAIS","K2","CA","US","SPECIAL IAP","2","Deleted",""
"2025/02/20","HESAT","K7","TN","US","SID","2","Deleted",""
"2025/02/20","HEXAN","K2","CA","US","SPECIAL DP","2","Deleted",""
"2025/02/20","HEXAN","K2","CA","US","SPECIAL IAP","2","Deleted",""
"2025/02/20","HIRIG","K6","PA","US","SID","2","Deleted",""
"2025/02/20","KIOOZ","K5","IN","US","SPECIAL DP","2","Deleted",""
"2025/02/20","KIOOZ","K5","IN","US","SPECIAL IAP","2","Deleted",""
"2025/02/20","UNFIX","K2","CA","US","SPECIAL DP","2","Deleted",""
"2025/02/20","UNFIX","K2","CA","US","SPECIAL IAP","2","Deleted",""
"2025/02/20","WESOX","K7","TN","US","SID","2","Deleted",""
"2025/02/20","WODDD","K5","IN","US","SPECIAL DP","2","Deleted",""
"2025/02/20","WODDD","K5","IN","US","SPECIAL IAP","2","Deleted",""
"2025/03/20","ACRAM","K7","FL","US","SPECIAL DP","2","Added",""
"2025/03/20","ACRAM","K7","FL","US","SPECIAL IAP","2","Added",""
"2025/03/20","AJFOR","K7","FL","US","SPECIAL DP","2","Added",""
"2025/03/20","AJFOR","K7","FL","US","SPECIAL IAP","2","Added",""
"2025/03/20","ANIEE","K4","TX","US","MILITARY IAP","2","Added",""
"2025/03/20","ARHAT","K7","TN","US","SPECIAL DP","2","Added",""
"2025/03/20","ASPNN","K2","CO","US","SPECIAL DP","2","Added",""
"2025/03/20","BALEW","K4","TX","US","SPECIAL IAP","2","Added",""
"2025/03/20","BRAWN","K4","TX","US","MILITARY IAP","2","Added",""
"2025/03/20","BUSBE","K2","CO","US","SPECIAL DP","2","Added",""
"2025/03/20","BUVSE","K7","FL","US","SPECIAL DP","2","Added",""
"2025/03/20","BUVSE","K7","FL","US","SPECIAL IAP","2","Added",""
"2025/03/20","CEVUK","K7","FL","US","SPECIAL IAP","2","Added",""
"2025/03/20","CFAJK","K2","NM","US","SPECIAL IAP","2","Added",""
"2025/03/20","CFBBF","K2","NM","US","SPECIAL IAP","2","Added",""
"2025/03/20","CFBGS","K2","CO","US","SPECIAL DP","2","Added",""
"2025/03/20","CFDWS","K4","TX","US","SPECIAL IAP","2","Added",""
"2025/03/20","CFEHK","K2","CO","US","SPECIAL DP","2","Added",""
"2025/03/20","CFJKT","K2","CO","US","SPECIAL DP","2","Added",""
"2025/03/20","CFLSG","K4","TX","US","SPECIAL IAP","2","Added",""
"2025/03/20","CFNRK","K2","CO","US","SPECIAL DP","2","Added",""
"2025/03/20","CITEL","K2","CO","US","SPECIAL DP","2","Added",""
"2025/03/20","DDONN","K7","FL","US","SPECIAL IAP","2","Added",""
"2025/03/20","DDUUK","K6","NJ","US","IAP","2","Added",""
"2025/03/20","DEALL","K2","CO","US","SPECIAL DP","2","Added",""
"2025/03/20","EYTOM","K7","FL","US","SPECIAL DP","2","Added",""
"2025/03/20","EYTOM","K7","FL","US","SPECIAL IAP","2","Added",""
"2025/03/20","FINAG","K2","NM","US","SPECIAL IAP","2","Added",""
"2025/03/20","FONTA","K7","FL","US","SPECIAL DP","2","Added",""
"2025/03/20","FONTA","K7","FL","US","SPECIAL IAP","2","Added",""
"2025/03/20","GAFET","K2","CO","US","SPECIAL DP","2","Added",""
"2025/03/20","GERFI","K2","NM","US","SPECIAL IAP","2","Added",""
"2025/03/20","GLDUN","K7","FL","US","SPECIAL DP","2","Added",""
"2025/03/20","GLDUN","K7","FL","US","SPECIAL IAP","2","Added",""
"2025/03/20","GMERE","K7","FL","US","SPECIAL IAP","2","Added",""
"2025/03/20","HARMS","K7","FL","US","SPECIAL DP","2","Added",""
"2025/03/20","HARMS","K7","FL","US","SPECIAL IAP","2","Added",""
"2025/03/20","HEARD","K2","CO","US","SPECIAL DP","2","Added",""
"2025/03/20","HERLS","K2","CO","US","CONTROLLER LOW","2","Added",""
"2025/03/20","HERLS","K2","CO","US","SPECIAL DP","2","Added",""
"2025/03/20","HESAT","K7","TN","US","SPECIAL DP","2","Added",""
"2025/03/20","HETLA","K2","NM","US","SPECIAL IAP","2","Added",""
"2025/03/20","HIRIG","K6","PA","US","SPECIAL DP","2","Added",""
"2025/03/20","ICOLO","K2","CO","US","SPECIAL DP","2","Added",""
"2025/03/20","JDAWG","K6","NY","US","IAP","2","Added",""
"2025/03/20","JESIE","K2","CO","US","SPECIAL DP","2","Added",""
"2025/03/20","JODKU","K2","CO","US","SPECIAL DP","2","Added",""
"2025/03/20","JURSI","K4","TX","US","SPECIAL IAP","2","Added",""
"2025/03/20","KACMI","K4","TX","US","SPECIAL IAP","2","Added",""
"2025/03/20","KECES","K2","NM","US","SPECIAL IAP","2","Added",""
"2025/03/20","KOEHN","K7","FL","US","SPECIAL DP","2","Added",""
"2025/03/20","KOEHN","K7","FL","US","SPECIAL IAP","2","Added",""
"2025/03/20","KOLBE","K7","FL","US","SPECIAL DP","2","Added",""
"2025/03/20","KOLBE","K7","FL","US","SPECIAL IAP","2","Added",""
"2025/03/20","LEVDE","K6","NJ","US","IAP","2","Added",""
"2025/03/20","LOPCE","K2","CO","US","SPECIAL DP","2","Added",""
"2025/03/20","MAVIS","K7","FL","US","SPECIAL IAP","2","Added",""
"2025/03/20","MOLLY","K2","NM","US","SPECIAL IAP","2","Added",""
"2025/03/20","MUDGE","K2","CO","US","SPECIAL DP","2","Added",""
"2025/03/20","NORIE","K2","NM","US","SPECIAL IAP","2","Added",""
"2025/03/20","NOVJO","K2","CO","US","SPECIAL DP","2","Added",""
"2025/03/20","ONICO","K2","NM","US","SPECIAL IAP","2","Added",""
"2025/03/20","PEKIN","K4","TX","US","SPECIAL IAP","2","Added",""
"2025/03/20","PIBRE","K2","CO","US","SPECIAL DP","2","Added",""
"2025/03/20","PRHAM","K7","FL","US","SPECIAL DP","2","Added",""
"2025/03/20","PRHAM","K7","FL","US","SPECIAL IAP","2","Added",""
"2025/03/20","PUFFR","K2","CO","US","SPECIAL DP","2","Added",""
"2025/03/20","RIPUE","K7","FL","US","SPECIAL DP","2","Added",""
"2025/03/20","RIPUE","K7","FL","US","SPECIAL IAP","2","Added",""
"2025/03/20","SHYLO","K4","TX","US","SPECIAL IAP","2","Added",""
"2025/03/20","SLOLM","K2","CO","US","SPECIAL DP","2","Added",""
"2025/03/20","SOTCO","K7","FL","US","SPECIAL IAP","2","Added",""
"2025/03/20","TEEKI","K2","CO","US","SPECIAL DP","2","Added",""
"2025/03/20","TIRYN","K6","NJ","US","IAP","2","Added",""
"2025/03/20","TOTBE","K4","TX","US","SPECIAL IAP","2","Added",""
"2025/03/20","UCKOR","K7","FL","US","SPECIAL DP","2","Added",""
"2025/03/20","UCKOR","K7","FL","US","SPECIAL IAP","2","Added",""
"2025/03/20","WABIL","K4","TX","US","SPECIAL IAP","2","Added",""
"2025/03/20","WAKLA","K2","NM","US","SPECIAL IAP","2","Added",""
"2025/03/20","WANAB","K2","NM","US","SPECIAL IAP","2","Added",""
"2025/03/20","WELIS","K2","CO","US","SPECIAL DP","2","Added",""
"2025/03/20","WESOX","K7","TN","US","SPECIAL DP","2","Added",""
"2025/03/20","YAZYE","K4","LA","US","MILITARY IAP","2","Added",""
"2025/03/20","YIVUD","K7","FL","US","SPECIAL IAP","2","Added",""
"2025/03/20","YOKUY","K7","FL","US","SPECIAL IAP","2","Added",""
"2025/03/20","ZEMGI","K7","TN","US","SPECIAL DP","2","Added",""
"2025/03/20","ZUDNU","K7","FL","US","SPECIAL DP","2","Added",""
"2025/03/20","ZUDNU","K7","FL","US","SPECIAL IAP","2","Added",""
