"EFF_DATE","HP_NAME","HP_NO","STATE_CODE","COUNTRY_CODE","FIX_ID","ICAO_REGION_CODE","NAV_ID","NAV_TYPE","HOLD_DIRECTION","HOLD_DEG_OR_CRS","AZIMUTH","COURSE_INBOUND_DEG","TURN_DIRECTION","LEG_LENGTH_DIST","File","Action","Mods"
"2025/02/20","ARHAT WP*TN*K7","1","TN","US","ARHAT","K7","","","N","19","RNAV","199","R","4","1","Modified","HOLD_DEG_OR_CRS COURSE_INBOUND_DEG"
"2025/03/20","ARHAT WP*TN*K7","1","TN","US","ARHAT","K7","","","N","20","RNAV","200","R","4","2","Modified","HOLD_DEG_OR_CRS COURSE_INBOUND_DEG"
"2025/02/20","CMONR WP*IN*K5","1","IN","US","CMONR","K5","","","E","102","RNAV","282","R","","2","Deleted",""
"2025/02/20","FIROS WP*UT*K2","1","UT","US","FIROS","K2","","","E","108","RNAV","288","R","8","1","Modified","LEG_LENGTH_DIST"
"2025/03/20","FIROS WP*UT*K2","1","UT","US","FIROS","K2","","","E","108","RNAV","288","R","7","2","Modified","LEG_LENGTH_DIST"
"2025/02/20","HEXAN WP*CA*K2","1","CA","US","HEXAN","K2","","","SW","206","RNAV","26","L","4","2","Deleted",""
"2025/02/20","JATTU INT*OK*K4","1","OK","US","JATTU","K4","LTS","VORTAC","NE","35","RAD","215","L","4","2","Deleted",""
"2025/02/20","JATTU WP*OK*K4","2","OK","US","JATTU","K4","","","NE","35","RNAV","215","L","4","2","Deleted",""
"2025/02/20","KENIE INT*MN*K3","1","MN","US","KENIE","K3","AAM","LS","N","356","BRG","176","R","","2","Deleted",""
"2025/02/20","MISSB INT*LA*K4","4","LA","US","MISSB","K4","NBG","LG","SW","224","CRS","44","L","4","2","Deleted",""
"2025/02/20","MISSB WP*LA*K4","3","LA","US","MISSB","K4","","","SW","224","RNAV","44","L","4","2","Deleted",""
"2025/02/20","OLIRY INT*OK*K4","1","OK","US","OLIRY","K4","LTS","VORTAC","SE","113","RAD","293","R","4","2","Deleted",""
"2025/02/20","OLIRY INT*OK*K4","3","OK","US","OLIRY","K4","LTS","VORTAC","SE","113","RAD","293","R","4","2","Deleted",""
"2025/02/20","OLIRY WP*OK*K4","4","OK","US","OLIRY","K4","","","SE","113","RNAV","293","R","4","2","Deleted",""
"2025/03/20","AKOYU WP*TN*K7","1","TN","US","AKOYU","K7","","","NE","36","RNAV","216","R","3","2","Added",""
"2025/03/20","HARMS WP*FL*K7","1","FL","US","HARMS","K7","","","W","260","RNAV","80","L","4","2","Added",""
"2025/03/20","JATTU WP*OK*K4","1","OK","US","JATTU","K4","","","NE","35","RNAV","215","L","4","2","Added",""
"2025/03/20","KENIE LOM*ND","1","ND","US","","","AA","LO","N","356","BRG","176","R","","2","Added",""
"2025/03/20","KOEHN WP*FL*K7","1","FL","US","KOEHN","K7","","","NW","303","RNAV","123","R","4","2","Added",""
"2025/03/20","MARIANNA VORTAC*FL","1","FL","US","","","MAI","VORTAC","SE","136","RAD","316","L","","2","Added",""
"2025/03/20","MISSB INT*LA*K4","3","LA","US","MISSB","K4","NBG","LG","SW","224","CRS","44","L","4","2","Added",""
"2025/03/20","OLIRY WP*OK*K4","1","OK","US","OLIRY","K4","","","SE","113","RNAV","293","R","4","2","Added",""
"2025/03/20","SULPA INT*LA*K4","3","LA","US","SULPA","K4","HRV","VORTAC","SE","154","RAD","334","R","4","2","Added",""
"2025/03/20","UCKOR WP*FL*K7","1","FL","US","UCKOR","K7","","","W","286","RNAV","106","R","4","2","Added",""
