"EFF_DATE","HP_NAME","HP_NO","STATE_CODE","COUNTRY_CODE","CHARTING_TYPE_DESC","File","Action","Mods"
"2025/02/20","ARHAT WP*TN*K7","1","TN","US","IAP","2","Deleted",""
"2025/02/20","CMONR WP*IN*K5","1","IN","US","SPECIAL IAP","2","Deleted",""
"2025/02/20","HEXAN WP*CA*K2","1","CA","US","SPECIAL IAP","2","Deleted",""
"2025/02/20","JATTU INT*OK*K4","1","OK","US","MILITARY IAP","2","Deleted",""
"2025/02/20","JATTU WP*OK*K4","2","OK","US","MILITARY IAP","2","Deleted",""
"2025/02/20","KENIE INT*MN*K3","1","MN","US","IAP","2","Deleted",""
"2025/02/20","MISSB INT*LA*K4","4","LA","US","MILITARY IAP","2","Deleted",""
"2025/02/20","MISSB WP*LA*K4","3","LA","US","MILITARY IAP","2","Deleted",""
"2025/02/20","OLIRY INT*OK*K4","1","OK","US","MILITARY IAP","2","Deleted",""
"2025/02/20","OLIRY INT*OK*K4","3","OK","US","MILITARY IAP","2","Deleted",""
"2025/02/20","OLIRY WP*OK*K4","4","OK","US","MILITARY IAP","2","Deleted",""
"2025/03/20","AKOYU WP*TN*K7","1","TN","US","NOT REQUIRED","2","Added",""
"2025/03/20","ARHAT WP*TN*K7","1","TN","US","SPECIAL IAP","2","Added",""
"2025/03/20","HARMS WP*FL*K7","1","FL","US","SPECIAL IAP","2","Added",""
"2025/03/20","JATTU WP*OK*K4","1","OK","US","MILITARY IAP","2","Added",""
"2025/03/20","KENIE LOM*ND","1","ND","US","IAP","2","Added",""
"2025/03/20","KOEHN WP*FL*K7","1","FL","US","SPECIAL DP","2","Added",""
"2025/03/20","KOEHN WP*FL*K7","1","FL","US","SPECIAL IAP","2","Added",""
"2025/03/20","MARIANNA VORTAC*FL","1","FL","US","IAP","2","Added",""
"2025/03/20","MISSB INT*LA*K4","3","LA","US","MILITARY IAP","2","Added",""
"2025/03/20","MOLLY WP*NM*K2","3","NM","US","SPECIAL IAP","2","Added",""
"2025/03/20","OLIRY WP*OK*K4","1","OK","US","MILITARY IAP","2","Added",""
"2025/03/20","SULPA INT*LA*K4","3","LA","US","MILITARY IAP","2","Added",""
"2025/03/20","UCKOR WP*FL*K7","1","FL","US","SPECIAL IAP","2","Added",""
