"EFF_DATE","SITE_NO","SITE_TYPE_CODE","STATE_CODE","ARPT_ID","CITY","COUNTRY_CODE","RWY_END_ID","ILS_LOC_ID","SYSTEM_TYPE_CODE","COMPONENT_STATUS","COMPONENT_STATUS_DATE","LAT_DEG","LAT_MIN","LAT_SEC","LAT_HEMIS","LAT_DECIMAL","LONG_DEG","LONG_MIN","LONG_SEC","LONG_HEMIS","LONG_DECIMAL","LAT_LONG_SOURCE_CODE","SITE_ELEVATION","G_S_TYPE_CODE","G_S_ANGLE","G_S_FREQ","File","Action","Mods"
"2025/02/20","03616.","A","GA","ABY","ALBANY","US","05","ABY","LD","OPERATIONAL IFR","1972/04/04","31","31","58.3219","N","31.53286719","84","11","54.3864","W","-84.19844066","T","194.4","GS","3","329.9","1","Modified","LAT_SEC LAT_DECIMAL LONG_SEC LONG_DECIMAL SITE_ELEVATION"
"2025/03/20","03616.","A","GA","ABY","ALBANY","US","05","ABY","LD","OPERATIONAL IFR","1972/04/04","31","31","58.3108","N","31.53286411","84","11","54.3963","W","-84.19844341","T","193.5","GS","3","329.9","2","Modified","LAT_SEC LAT_DECIMAL LONG_SEC LONG_DECIMAL SITE_ELEVATION"
"2025/02/20","03705.2","A","GA","CTJ","CARROLLTON","US","35","CTJ","LG","OPERATIONAL IFR","2004/10/12","33","37","35.1129","N","33.62642025","85","9","5.4997","W","-85.15152769","T","1114","GS","3","333.5","1","Modified","LAT_SEC LAT_DECIMAL LONG_SEC LONG_DECIMAL SITE_ELEVATION"
"2025/03/20","03705.2","A","GA","CTJ","CARROLLTON","US","35","CTJ","LG","OPERATIONAL IFR","2004/10/12","33","37","35.1137","N","33.62642047","85","9","5.5014","W","-85.15152816","T","1114.2","GS","3","333.5","2","Modified","LAT_SEC LAT_DECIMAL LONG_SEC LONG_DECIMAL SITE_ELEVATION"
"2025/02/20","05257.","A","IN","EVV","EVANSVILLE","US","04","DSO","LD","OPERATIONAL IFR","1982/03/18","38","2","13.9459","N","38.03720719","87","31","39.4121","W","-87.52761447","T","382.4","GS","3","333.8","1","Modified","LAT_SEC LAT_DECIMAL LONG_SEC LONG_DECIMAL SITE_ELEVATION"
"2025/03/20","05257.","A","IN","EVV","EVANSVILLE","US","04","DSO","LD","OPERATIONAL IFR","1982/03/18","38","2","13.9457","N","38.03720713","87","31","39.4098","W","-87.52761383","T","382.3","GS","3","333.8","2","Modified","LAT_SEC LAT_DECIMAL LONG_SEC LONG_DECIMAL SITE_ELEVATION"
"2025/02/20","05257.","A","IN","EVV","EVANSVILLE","US","22","EVV","LD","OPERATIONAL IFR","1982/04/15","38","3","1.108","N","38.05030777","87","30","52.6525","W","-87.51462569","T","411.5","GS","3","333.8","1","Modified","LAT_SEC LAT_DECIMAL LONG_SEC LONG_DECIMAL"
"2025/03/20","05257.","A","IN","EVV","EVANSVILLE","US","22","EVV","LD","OPERATIONAL IFR","1982/04/15","38","3","1.109","N","38.05030805","87","30","52.6501","W","-87.51462502","T","411.5","GS","3","333.8","2","Modified","LAT_SEC LAT_DECIMAL LONG_SEC LONG_DECIMAL"
"2025/02/20","10684.","A","MN","FRM","FAIRMONT","US","31","FQJ","LS","OPERATIONAL IFR","2022/05/25","43","38","23.0272","N","43.63972977","94","24","48.2255","W","-94.41339597","T","1155.1","GS","3","331.7","1","Modified","LAT_SEC LAT_DECIMAL LONG_SEC LONG_DECIMAL SITE_ELEVATION"
"2025/03/20","10684.","A","MN","FRM","FAIRMONT","US","31","FQJ","LS","OPERATIONAL IFR","2022/05/25","43","38","23.0276","N","43.63972988","94","24","48.2235","W","-94.41339541","T","1155","GS","3","331.7","2","Modified","LAT_SEC LAT_DECIMAL LONG_SEC LONG_DECIMAL SITE_ELEVATION"
"2025/02/20","11651.1","A","MO","COU","COLUMBIA","US","02","COU","LD","OPERATIONAL IFR","1972/02/04","38","48","27.924","N","38.80775666","92","13","15.4022","W","-92.22094505","T","879.8","GS","2.83","330.2","1","Modified","LAT_SEC LAT_DECIMAL LONG_SEC LONG_DECIMAL"
"2025/03/20","11651.1","A","MO","COU","COLUMBIA","US","02","COU","LD","OPERATIONAL IFR","1972/02/04","38","48","27.9249","N","38.80775691","92","13","15.402","W","-92.220945","T","879.8","GS","2.83","330.2","2","Modified","LAT_SEC LAT_DECIMAL LONG_SEC LONG_DECIMAL"
"2025/02/20","11816.","A","MO","MKC","KANSAS CITY","US","04","GQR","LD","OPERATIONAL IFR","1989/01/12","39","7","12.4964","N","39.12013788","94","35","46.6372","W","-94.59628811","T","742.8","GS","3","333.35","1","Modified","LAT_SEC LAT_DECIMAL LONG_SEC LONG_DECIMAL SITE_ELEVATION"
"2025/03/20","11816.","A","MO","MKC","KANSAS CITY","US","04","GQR","LD","OPERATIONAL IFR","1989/01/12","39","7","12.4955","N","39.12013763","94","35","46.6369","W","-94.59628802","T","743.2","GS","3","333.35","2","Modified","LAT_SEC LAT_DECIMAL LONG_SEC LONG_DECIMAL SITE_ELEVATION"
"2025/02/20","11816.","A","MO","MKC","KANSAS CITY","US","19","MKC","LD","OPERATIONAL IFR","1901/01/01","39","7","44.8943","N","39.1291373","94","35","22.8643","W","-94.58968452","T","741.2","GS","3","333.8","1","Modified","LAT_SEC LAT_DECIMAL LONG_SEC LONG_DECIMAL SITE_ELEVATION"
"2025/03/20","11816.","A","MO","MKC","KANSAS CITY","US","19","MKC","LD","OPERATIONAL IFR","1901/01/01","39","7","44.8922","N","39.12913672","94","35","22.8645","W","-94.58968458","T","741.1","GS","3","333.8","2","Modified","LAT_SEC LAT_DECIMAL LONG_SEC LONG_DECIMAL SITE_ELEVATION"
"2025/02/20","25830.","A","VA","HSP","HOT SPRINGS","US","25","HSP","LS","OPERATIONAL RESTRICTED","1974/12/19","37","57","11.4014","N","37.95316705","79","49","41.8949","W","-79.82830413","K","3762.6","GS","3","330.5","1","Modified","LAT_SEC LAT_DECIMAL LONG_SEC LONG_DECIMAL LAT_LONG_SOURCE_CODE SITE_ELEVATION"
"2025/03/20","25830.","A","VA","HSP","HOT SPRINGS","US","25","HSP","LS","OPERATIONAL RESTRICTED","1974/12/19","37","57","11.3993","N","37.95316647","79","49","41.897","W","-79.82830472","T","3762.4","GS","3","330.5","2","Modified","LAT_SEC LAT_DECIMAL LONG_SEC LONG_DECIMAL LAT_LONG_SOURCE_CODE SITE_ELEVATION"
"2025/02/20","27813.","A","WY","JAC","JACKSON","US","19","JAC","LD","OPERATIONAL IFR","1976/02/12","43","36","46.6","N","43.61294444","110","44","12.13","W","-110.73670277","K","6441","GS","3","331.4","1","Modified","LAT_SEC LAT_DECIMAL LONG_SEC LONG_DECIMAL LAT_LONG_SOURCE_CODE SITE_ELEVATION"
"2025/03/20","27813.","A","WY","JAC","JACKSON","US","19","JAC","LD","OPERATIONAL IFR","1976/02/12","43","36","46.6026","N","43.61294516","110","44","12.1352","W","-110.73670422","T","6440.7","GS","3","331.4","2","Modified","LAT_SEC LAT_DECIMAL LONG_SEC LONG_DECIMAL LAT_LONG_SOURCE_CODE SITE_ELEVATION"
"2025/02/20","27878.","A","WY","RKS","ROCK SPRINGS","US","27","RKS","LD","OPERATIONAL RESTRICTED","2001/03/23","41","35","29.11","N","41.59141944","109","3","3.2","W","-109.05088888","T","6759","GS","3","332","1","Modified","COMPONENT_STATUS COMPONENT_STATUS_DATE LAT_SEC LAT_DECIMAL LONG_SEC LONG_DECIMAL SITE_ELEVATION"
"2025/03/20","27878.","A","WY","RKS","ROCK SPRINGS","US","27","RKS","LD","OPERATIONAL IFR","2025/02/12","41","35","29.1101","N","41.59141947","109","3","3.1804","W","-109.05088344","T","6753.9","GS","3","332","2","Modified","COMPONENT_STATUS COMPONENT_STATUS_DATE LAT_SEC LAT_DECIMAL LONG_SEC LONG_DECIMAL SITE_ELEVATION"
"2025/02/20","52250.2","A","HI","KOA","KAILUA/KONA","US","17","KOA","LD","OPERATIONAL IFR","1972/12/07","19","45","2.7832","N","19.75077311","156","2","43.6312","W","-156.04545311","K","40.7","GS","3","333.2","1","Modified","CITY"
"2025/03/20","52250.2","A","HI","KOA","KAILUA-KONA","US","17","KOA","LD","OPERATIONAL IFR","1972/12/07","19","45","2.7832","N","19.75077311","156","2","43.6312","W","-156.04545311","K","40.7","GS","3","333.2","2","Modified","CITY"
