"EFF_DATE","SITE_NO","SITE_TYPE_CODE","STATE_CODE","ARPT_ID","CITY","COUNTRY_CODE","RWY_END_ID","ILS_LOC_ID","SYSTEM_TYPE_CODE","STATE_NAME","REGION_CODE","RWY_LEN","RWY_WIDTH","CATEGORY","OWNER","OPERATOR","APCH_BEAR","MAG_VAR","MAG_VAR_HEMIS","COMPONENT_STATUS","COMPONENT_STATUS_DATE","LAT_DEG","LAT_MIN","LAT_SEC","LAT_HEMIS","LAT_DECIMAL","LONG_DEG","LONG_MIN","LONG_SEC","LONG_HEMIS","LONG_DECIMAL","LAT_LONG_SOURCE_CODE","SITE_ELEVATION","LOC_FREQ","BK_COURSE_STATUS_CODE","File","Action","Mods"
"2025/02/20","03616.","A","GA","ABY","ALBANY","US","05","ABY","LD","GEORGIA","ASO","6601","148","I","F-FEDERAL AVIATION ADMIN.","F-FEDERAL AVIATION ADMIN.","47.1","5","W","OPERATIONAL RESTRICTED","2018/02/06","31","32","42.73","N","31.54520277","84","10","59.72","W","-84.18325555","F","193.5","108.5","","1","Modified","RWY_WIDTH LAT_SEC LAT_DECIMAL LONG_SEC LONG_DECIMAL LAT_LONG_SOURCE_CODE SITE_ELEVATION"
"2025/03/20","03616.","A","GA","ABY","ALBANY","US","05","ABY","LD","GEORGIA","ASO","6601","150","I","F-FEDERAL AVIATION ADMIN.","F-FEDERAL AVIATION ADMIN.","47.1","5","W","OPERATIONAL RESTRICTED","2018/02/06","31","32","42.7547","N","31.54520963","84","10","59.7089","W","-84.18325247","T","193.6","108.5","","2","Modified","RWY_WIDTH LAT_SEC LAT_DECIMAL LONG_SEC LONG_DECIMAL LAT_LONG_SOURCE_CODE SITE_ELEVATION"
"2025/02/20","03705.2","A","GA","CTJ","CARROLLTON","US","35","CTJ","LG","GEORGIA","ASO","5503","100","I","O-W. GEORGIA REG ARPT AUTH","O-W. GEORGIA REG ARPT","347.83","4","W","OPERATIONAL IFR","1988/06/02","33","38","26.9175","N","33.64081041","85","9","19.5164","W","-85.15542122","T","1161.9","111.7","","1","Modified","LAT_SEC LAT_DECIMAL LONG_SEC LONG_DECIMAL"
"2025/03/20","03705.2","A","GA","CTJ","CARROLLTON","US","35","CTJ","LG","GEORGIA","ASO","5503","100","I","O-W. GEORGIA REG ARPT AUTH","O-W. GEORGIA REG ARPT","347.83","4","W","OPERATIONAL IFR","1988/06/02","33","38","26.9266","N","33.64081294","85","9","19.5225","W","-85.15542291","T","1161.9","111.7","","2","Modified","LAT_SEC LAT_DECIMAL LONG_SEC LONG_DECIMAL"
"2025/02/20","03791.","A","GA","FZG","FITZGERALD","US","02","FQR","LC","GEORGIA","ASO","5000","101","I","O-CITY OF FITZGERALD","O-CITY OF FITZGERALD","16.89","5","W","OPERATIONAL IFR","1989/01/12","31","41","29.7024","N","31.691584","83","16","15.312","W","-83.27092","F","372","111.1","","1","Modified","RWY_WIDTH LAT_SEC LAT_DECIMAL LONG_SEC LONG_DECIMAL LAT_LONG_SOURCE_CODE SITE_ELEVATION"
"2025/03/20","03791.","A","GA","FZG","FITZGERALD","US","02","FQR","LC","GEORGIA","ASO","5000","100","I","O-CITY OF FITZGERALD","O-CITY OF FITZGERALD","16.89","5","W","OPERATIONAL IFR","1989/01/12","31","41","29.7736","N","31.69160377","83","16","15.3093","W","-83.27091925","T","364.3","111.1","","2","Modified","RWY_WIDTH LAT_SEC LAT_DECIMAL LONG_SEC LONG_DECIMAL LAT_LONG_SOURCE_CODE SITE_ELEVATION"
"2025/02/20","05257.","A","IN","EVV","EVANSVILLE","US","04","DSO","LD","INDIANA","AGL","8021","150","I","F-FEDERAL AVIATION ADMIN","F-FEDERAL AVIATION ADMIN","41.09","3","W","OPERATIONAL IFR","1982/03/18","38","3","19.6918","N","38.05546994","87","30","40.7365","W","-87.51131569","T","412.3","109.9","N","1","Modified","LAT_SEC LAT_DECIMAL LONG_SEC LONG_DECIMAL SITE_ELEVATION"
"2025/03/20","05257.","A","IN","EVV","EVANSVILLE","US","04","DSO","LD","INDIANA","AGL","8021","150","I","F-FEDERAL AVIATION ADMIN","F-FEDERAL AVIATION ADMIN","41.09","3","W","OPERATIONAL IFR","1982/03/18","38","3","19.6985","N","38.0554718","87","30","40.7284","W","-87.51131344","T","401.8","109.9","N","2","Modified","LAT_SEC LAT_DECIMAL LONG_SEC LONG_DECIMAL SITE_ELEVATION"
"2025/02/20","05257.","A","IN","EVV","EVANSVILLE","US","22","EVV","LD","INDIANA","AGL","8021","150","I","F-FEDERAL AVIATION ADMIN.","F-FEDERAL AVIATION ADMIN.","221.1","3","W","OPERATIONAL IFR","1901/01/01","38","2","1.4548","N","38.03373744","87","31","58.3023","W","-87.53286175","T","382","109.9","U","1","Modified","LAT_SEC LAT_DECIMAL LONG_SEC LONG_DECIMAL"
"2025/03/20","05257.","A","IN","EVV","EVANSVILLE","US","22","EVV","LD","INDIANA","AGL","8021","150","I","F-FEDERAL AVIATION ADMIN.","F-FEDERAL AVIATION ADMIN.","221.1","3","W","OPERATIONAL IFR","1901/01/01","38","2","1.4645","N","38.03374013","87","31","58.2917","W","-87.5328588","T","382","109.9","U","2","Modified","LAT_SEC LAT_DECIMAL LONG_SEC LONG_DECIMAL"
"2025/02/20","10684.","A","MN","FRM","FAIRMONT","US","31","FQJ","LS","MINNESOTA","AGL","5503","100","I","O-STATE OF MINNESOTA","O-STATE OF MINNESOTA","310.11","4","E","OPERATIONAL IFR","1995/02/02","43","39","1.6856","N","43.65046822","94","25","36.3034","W","-94.42675094","T","1160.5","111.1","","1","Modified","RWY_LEN LAT_SEC LAT_DECIMAL LONG_SEC LONG_DECIMAL SITE_ELEVATION"
"2025/03/20","10684.","A","MN","FRM","FAIRMONT","US","31","FQJ","LS","MINNESOTA","AGL","5505","100","I","O-STATE OF MINNESOTA","O-STATE OF MINNESOTA","310.11","4","E","OPERATIONAL IFR","1995/02/02","43","39","1.6846","N","43.65046794","94","25","36.3042","W","-94.42675116","T","1160.4","111.1","","2","Modified","RWY_LEN LAT_SEC LAT_DECIMAL LONG_SEC LONG_DECIMAL SITE_ELEVATION"
"2025/02/20","10950.1","A","MN","RST","ROCHESTER","US","31","RST","LS","MINNESOTA","AGL","9034","150","I","F-FEDERAL AVIATION ADMINISTRATION","F-FEDERAL AVIATION ADMINISTRATION","313.14","1","W","OPERATIONAL IFR","1901/01/01","43","55","19.2111","N","43.92200308","92","30","53.8656","W","-92.51496266","T","1259.7","108.5","","1","Modified","CATEGORY"
"2025/03/20","10950.1","A","MN","RST","ROCHESTER","US","31","RST","LS","MINNESOTA","AGL","9034","150","II","F-FEDERAL AVIATION ADMINISTRATION","F-FEDERAL AVIATION ADMINISTRATION","313.14","1","W","OPERATIONAL IFR","1901/01/01","43","55","19.2111","N","43.92200308","92","30","53.8656","W","-92.51496266","T","1259.7","108.5","","2","Modified","CATEGORY"
"2025/02/20","11651.1","A","MO","COU","COLUMBIA","US","02","COU","LD","MISSOURI","ACE","7401","150","I","F-FEDERAL AVIATION ADMIN.","F-FEDERAL AVIATION ADMIN.","21.44","0","E","OPERATIONAL IFR","2021/10/06","38","49","36.2493","N","38.82673591","92","12","46.5333","W","-92.21292591","T","875.9","110.7","","1","Modified","LAT_SEC LAT_DECIMAL"
"2025/03/20","11651.1","A","MO","COU","COLUMBIA","US","02","COU","LD","MISSOURI","ACE","7401","150","I","F-FEDERAL AVIATION ADMIN.","F-FEDERAL AVIATION ADMIN.","21.44","0","E","OPERATIONAL IFR","2021/10/06","38","49","36.249","N","38.82673583","92","12","46.5333","W","-92.21292591","T","875.9","110.7","","2","Modified","LAT_SEC LAT_DECIMAL"
"2025/02/20","11816.","A","MO","MKC","KANSAS CITY","US","04","GQR","LD","MISSOURI","ACE","5050","100","I","F-FEDERAL AVIATION ADMIN","F-FEDERAL AVIATION ADMIN","35.28","1","E","OPERATIONAL IFR","1988/04/07","39","7","40.4189","N","39.12789413","94","35","16.625","W","-94.58795138","T","742.7","111.75","","1","Modified","LAT_SEC LAT_DECIMAL LONG_SEC LONG_DECIMAL SITE_ELEVATION"
"2025/03/20","11816.","A","MO","MKC","KANSAS CITY","US","04","GQR","LD","MISSOURI","ACE","5050","100","I","F-FEDERAL AVIATION ADMIN","F-FEDERAL AVIATION ADMIN","35.28","1","E","OPERATIONAL IFR","1988/04/07","39","7","40.4226","N","39.12789516","94","35","16.6248","W","-94.58795133","T","743","111.75","","2","Modified","LAT_SEC LAT_DECIMAL LONG_SEC LONG_DECIMAL SITE_ELEVATION"
"2025/02/20","11816.","A","MO","MKC","KANSAS CITY","US","19","MKC","LD","MISSOURI","ACE","6827","150","I","F-FEDERAL AVIATION ADMIN.","F-FEDERAL AVIATION ADMIN.","191.69","1","E","OPERATIONAL IFR","1967/01/28","39","6","49.6247","N","39.11378463","94","35","44.1963","W","-94.59561008","T","747.6","109.9","","1","Modified","LAT_SEC LAT_DECIMAL LONG_SEC LONG_DECIMAL SITE_ELEVATION"
"2025/03/20","11816.","A","MO","MKC","KANSAS CITY","US","19","MKC","LD","MISSOURI","ACE","6827","150","I","F-FEDERAL AVIATION ADMIN.","F-FEDERAL AVIATION ADMIN.","191.69","1","E","OPERATIONAL IFR","1967/01/28","39","6","49.6348","N","39.11378744","94","35","44.1924","W","-94.595609","T","747.7","109.9","","2","Modified","LAT_SEC LAT_DECIMAL LONG_SEC LONG_DECIMAL SITE_ELEVATION"
"2025/02/20","14612.","A","NM","GUP","GALLUP","US","06","GUP","LE","NEW MEXICO","ASW","7312","100","","F-FEDERAL AVIATION ADMIN","F-FEDERAL AVIATION ADMIN","61.88","12","E","OPERATIONAL IFR","1979/08/09","35","30","52.5757","N","35.51460436","108","46","27.4717","W","-108.77429769","K","6483.4","111.7","","1","Modified","CATEGORY OWNER OPERATOR LAT_LONG_SOURCE_CODE"
"2025/03/20","14612.","A","NM","GUP","GALLUP","US","06","GUP","LE","NEW MEXICO","ASW","7312","100","I","F-FEDERAL AVIATION ADMINISTRATION","F-FEDERAL AVIATION ADMINISTRATION","61.88","12","E","OPERATIONAL IFR","1979/08/09","35","30","52.5757","N","35.51460436","108","46","27.4717","W","-108.77429769","T","6483.4","111.7","","2","Modified","CATEGORY OWNER OPERATOR LAT_LONG_SOURCE_CODE"
"2025/02/20","17142.","A","NC","SVH","STATESVILLE","US","28","SVH","LD","NORTH CAROLINA","ASO","7003","100","I","F-FEDERAL AVIATION ADMINISTRATION","F-FEDERAL AVIATION ADMINISTRATION","284.85","8","W","OPERATIONAL RESTRICTED","2018/02/06","35","45","59.28","N","35.76646666","80","58","8.33","W","-80.96898055","T","926","111.75","U","1","Modified","COMPONENT_STATUS COMPONENT_STATUS_DATE"
"2025/03/20","17142.","A","NC","SVH","STATESVILLE","US","28","SVH","LD","NORTH CAROLINA","ASO","7003","100","I","F-FEDERAL AVIATION ADMINISTRATION","F-FEDERAL AVIATION ADMINISTRATION","284.85","8","W","OPERATIONAL IFR","2025/01/27","35","45","59.28","N","35.76646666","80","58","8.33","W","-80.96898055","T","926","111.75","U","2","Modified","COMPONENT_STATUS COMPONENT_STATUS_DATE"
"2025/02/20","23109.1","A","TN","MOR","MORRISTOWN","US","05","MOR","SD","TENNESSEE","ASO","5717","100","I","O-CITY OF MORRISTOWN","O-CITY OF MORRISTOWN","53.42","4","W","OPERATIONAL IFR","1980/10/16","36","11","15.5928","N","36.18766466","83","21","48.6781","W","-83.36352169","K","1281.7","109.5","N","1","Modified","RWY_LEN LAT_SEC LAT_DECIMAL LAT_LONG_SOURCE_CODE"
"2025/03/20","23109.1","A","TN","MOR","MORRISTOWN","US","05","MOR","SD","TENNESSEE","ASO","5718","100","I","O-CITY OF MORRISTOWN","O-CITY OF MORRISTOWN","53.42","4","W","OPERATIONAL IFR","1980/10/16","36","11","15.591","N","36.18766416","83","21","48.6781","W","-83.36352169","T","1281.7","109.5","N","2","Modified","RWY_LEN LAT_SEC LAT_DECIMAL LAT_LONG_SOURCE_CODE"
"2025/02/20","25830.","A","VA","HSP","HOT SPRINGS","US","25","HSP","LS","VIRGINIA","AEA","5600","100","I","F-FEDERAL AVIATION ADMIN.","F-FEDERAL AVIATION ADMIN.","246.83","8","W","OPERATIONAL IFR","1970/11/05","37","56","49.3685","N","37.9470468","79","50","35.1017","W","-79.8430838","K","3787.1","108.7","U","1","Modified","LAT_SEC LAT_DECIMAL LONG_SEC LONG_DECIMAL LAT_LONG_SOURCE_CODE SITE_ELEVATION BK_COURSE_STATUS_CODE"
"2025/03/20","25830.","A","VA","HSP","HOT SPRINGS","US","25","HSP","LS","VIRGINIA","AEA","5600","100","I","F-FEDERAL AVIATION ADMIN.","F-FEDERAL AVIATION ADMIN.","246.83","8","W","OPERATIONAL IFR","1970/11/05","37","56","49.3674","N","37.9470465","79","50","35.1023","W","-79.84308397","T","3786.9","108.7","","2","Modified","LAT_SEC LAT_DECIMAL LONG_SEC LONG_DECIMAL LAT_LONG_SOURCE_CODE SITE_ELEVATION BK_COURSE_STATUS_CODE"
"2025/02/20","27813.","A","WY","JAC","JACKSON","US","19","JAC","LD","WYOMING","ANM","6300","150","I","F-FEDERAL AVIATION ADMIN","F-FEDERAL AVIATION ADMIN","186.52","13","E","OPERATIONAL RESTRICTED","2018/02/06","43","35","47.637","N","43.59656583","110","44","34.805","W","-110.74300138","K","6408.8","109.1","","1","Modified","LAT_SEC LAT_DECIMAL LONG_SEC LONG_DECIMAL LAT_LONG_SOURCE_CODE"
"2025/03/20","27813.","A","WY","JAC","JACKSON","US","19","JAC","LD","WYOMING","ANM","6300","150","I","F-FEDERAL AVIATION ADMIN","F-FEDERAL AVIATION ADMIN","186.52","13","E","OPERATIONAL RESTRICTED","2018/02/06","43","35","47.6264","N","43.59656288","110","44","34.8089","W","-110.74300247","T","6408.8","109.1","","2","Modified","LAT_SEC LAT_DECIMAL LONG_SEC LONG_DECIMAL LAT_LONG_SOURCE_CODE"
"2025/02/20","27878.","A","WY","RKS","ROCK SPRINGS","US","27","RKS","LD","WYOMING","ANM","10000","150","I","F-FEDERAL AVIATION ADMIN","F-FEDERAL AVIATION ADMIN","270.44","13","E","OPERATIONAL IFR","1979/11/29","41","35","53.9893","N","41.59833036","109","5","9.4263","W","-109.08595175","T","6726.3","109.3","Y","1","Modified","RWY_LEN APCH_BEAR LAT_SEC LAT_DECIMAL LONG_SEC LONG_DECIMAL SITE_ELEVATION"
"2025/03/20","27878.","A","WY","RKS","ROCK SPRINGS","US","27","RKS","LD","WYOMING","ANM","10002","150","I","F-FEDERAL AVIATION ADMIN","F-FEDERAL AVIATION ADMIN","270.23","13","E","OPERATIONAL IFR","1979/11/29","41","35","53.9877","N","41.59832991","109","5","9.4214","W","-109.08595038","T","6726.2","109.3","Y","2","Modified","RWY_LEN APCH_BEAR LAT_SEC LAT_DECIMAL LONG_SEC LONG_DECIMAL SITE_ELEVATION"
"2025/02/20","52250.2","A","HI","KOA","KAILUA/KONA","US","17","KOA","LD","HAWAII","AWP","7000","150","I","F-FEDERAL AVIATION ADMIN.","F-FEDERAL AVIATION ADMIN.","173.82","11","E","OPERATIONAL RESTRICTED","2018/02/09","19","43","15.216","N","19.72089333","156","2","49.9951","W","-156.04722086","K","22","109.7","R","1","Modified","CITY"
"2025/03/20","52250.2","A","HI","KOA","KAILUA-KONA","US","17","KOA","LD","HAWAII","AWP","7000","150","I","F-FEDERAL AVIATION ADMIN.","F-FEDERAL AVIATION ADMIN.","173.82","11","E","OPERATIONAL RESTRICTED","2018/02/09","19","43","15.216","N","19.72089333","156","2","49.9951","W","-156.04722086","K","22","109.7","R","2","Modified","CITY"
