"EFF_DATE","SITE_NO","SITE_TYPE_CODE","STATE_CODE","ARPT_ID","CITY","COUNTRY_CODE","RWY_END_ID","ILS_LOC_ID","SYSTEM_TYPE_CODE","ILS_COMP_TYPE_CODE","COMPONENT_STATUS","COMPONENT_STATUS_DATE","LAT_DEG","LAT_MIN","LAT_SEC","LAT_HEMIS","LAT_DECIMAL","LONG_DEG","LONG_MIN","LONG_SEC","LONG_HEMIS","LONG_DECIMAL","LAT_LONG_SOURCE_CODE","SITE_ELEVATION","MKR_FAC_TYPE_CODE","MARKER_ID_BEACON","COMPASS_LOCATOR_NAME","FREQ","NAV_ID","NAV_TYPE","LOW_POWERED_NDB_STATUS","File","Action","Mods"
"2025/02/20","10684.","A","MN","FRM","FAIRMONT","US","31","FQJ","LS","MM","OPERATIONAL IFR","1995/02/02","43","37","59.6242","N","43.63322894","94","24","8.6372","W","-94.40239922","T","1156.5","M","QJ","","","","","","1","Modified","LAT_SEC LAT_DECIMAL LONG_SEC LONG_DECIMAL SITE_ELEVATION"
"2025/03/20","10684.","A","MN","FRM","FAIRMONT","US","31","FQJ","LS","MM","OPERATIONAL IFR","1995/02/02","43","37","59.6185","N","43.63322736","94","24","8.6304","W","-94.40239733","T","1155.9","M","QJ","","","","","","2","Modified","LAT_SEC LAT_DECIMAL LONG_SEC LONG_DECIMAL SITE_ELEVATION"
"2025/02/20","10684.","A","MN","FRM","FAIRMONT","US","31","FQJ","LS","OM","OPERATIONAL IFR","1995/02/02","43","34","25.0783","N","43.57363286","94","19","4.6646","W","-94.31796238","T","1145.3","MR","FQ","MONTZ","420","FQ","NDB","","1","Modified","LAT_SEC LAT_DECIMAL LONG_SEC LONG_DECIMAL SITE_ELEVATION"
"2025/03/20","10684.","A","MN","FRM","FAIRMONT","US","31","FQJ","LS","OM","OPERATIONAL IFR","1995/02/02","43","34","25.0787","N","43.57363297","94","19","4.6519","W","-94.31795886","T","1145","MR","FQ","MONTZ","420","FQ","NDB","","2","Modified","LAT_SEC LAT_DECIMAL LONG_SEC LONG_DECIMAL SITE_ELEVATION"
"2025/02/20","12265.","A","MT","BIL","BILLINGS","US","10L","BIL","LD","MM","OPERATIONAL IFR","2017/11/02","45","48","57.2906","N","45.81591405","108","33","58.9619","W","-108.5663783","K","3620","M","IL","","","","","","2","Deleted",""
"2025/02/20","14612.","A","NM","GUP","GALLUP","US","06","GUP","LE","OM","OPERATIONAL IFR","1979/08/09","35","29","6.4153","N","35.48511536","108","54","3.8327","W","-108.90106463","K","6361.6","M","GU","KINLY","","","","","1","Modified","LAT_LONG_SOURCE_CODE"
"2025/03/20","14612.","A","NM","GUP","GALLUP","US","06","GUP","LE","OM","OPERATIONAL IFR","1979/08/09","35","29","6.4153","N","35.48511536","108","54","3.8327","W","-108.90106463","T","6361.6","M","GU","KINLY","","","","","2","Modified","LAT_LONG_SOURCE_CODE"
"2025/02/20","25830.","A","VA","HSP","HOT SPRINGS","US","25","HSP","LS","OM","OPERATIONAL IFR","1993/01/04","37","59","11.545","N","37.98654027","79","45","32.398","W","-79.75899944","K","2080","M","HS","DURAN","","","","","1","Modified","LAT_SEC LAT_DECIMAL LONG_SEC LONG_DECIMAL LAT_LONG_SOURCE_CODE"
"2025/03/20","25830.","A","VA","HSP","HOT SPRINGS","US","25","HSP","LS","OM","OPERATIONAL IFR","1993/01/04","37","59","11.5197","N","37.98653325","79","45","32.4054","W","-79.7590015","T","2080","M","HS","DURAN","","","","","2","Modified","LAT_SEC LAT_DECIMAL LONG_SEC LONG_DECIMAL LAT_LONG_SOURCE_CODE"
