"EFF_DATE","SITE_NO","SITE_TYPE_CODE","STATE_CODE","ARPT_ID","CITY","COUNTRY_CODE","RWY_END_ID","ILS_LOC_ID","SYSTEM_TYPE_CODE","COMPONENT_STATUS","COMPONENT_STATUS_DATE","LAT_DEG","LAT_MIN","LAT_SEC","LAT_HEMIS","LAT_DECIMAL","LONG_DEG","LONG_MIN","LONG_SEC","LONG_HEMIS","LONG_DECIMAL","LAT_LONG_SOURCE_CODE","SITE_ELEVATION","CHANNEL","File","Action","Mods"
"2025/02/20","03616.","A","GA","ABY","ALBANY","US","05","ABY","LD","OPERATIONAL IFR","2016/08/09","31","32","41.35","N","31.54481944","84","10","58.03","W","-84.18278611","F","190","22X","1","Modified","LAT_SEC LAT_DECIMAL LONG_SEC LONG_DECIMAL LAT_LONG_SOURCE_CODE SITE_ELEVATION"
"2025/03/20","03616.","A","GA","ABY","ALBANY","US","05","ABY","LD","OPERATIONAL IFR","2016/08/09","31","32","41.3921","N","31.54483113","84","10","58.0482","W","-84.18279116","T","197.8","22X","2","Modified","LAT_SEC LAT_DECIMAL LONG_SEC LONG_DECIMAL LAT_LONG_SOURCE_CODE SITE_ELEVATION"
"2025/02/20","05257.","A","IN","EVV","EVANSVILLE","US","04","DSO","LD","OPERATIONAL IFR","2014/08/12","38","1","59.74","N","38.03326111","87","31","55.78","W","-87.53216111","F","381.6","36X","1","Modified","LAT_SEC LAT_DECIMAL LONG_SEC LONG_DECIMAL LAT_LONG_SOURCE_CODE"
"2025/03/20","05257.","A","IN","EVV","EVANSVILLE","US","04","DSO","LD","OPERATIONAL IFR","2014/08/12","38","1","59.7544","N","38.03326511","87","31","55.8028","W","-87.53216744","T","381.6","36X","2","Modified","LAT_SEC LAT_DECIMAL LONG_SEC LONG_DECIMAL LAT_LONG_SOURCE_CODE"
"2025/02/20","05257.","A","IN","EVV","EVANSVILLE","US","22","EVV","LD","OPERATIONAL RESTRICTED","2018/02/05","38","1","59.74","N","38.03326111","87","31","55.78","W","-87.53216111","F","381.6","36X","1","Modified","LAT_SEC LAT_DECIMAL LONG_SEC LONG_DECIMAL LAT_LONG_SOURCE_CODE"
"2025/03/20","05257.","A","IN","EVV","EVANSVILLE","US","22","EVV","LD","OPERATIONAL RESTRICTED","2018/02/05","38","1","59.7544","N","38.03326511","87","31","55.7802","W","-87.53216116","T","381.6","36X","2","Modified","LAT_SEC LAT_DECIMAL LONG_SEC LONG_DECIMAL LAT_LONG_SOURCE_CODE"
"2025/02/20","11651.1","A","MO","COU","COLUMBIA","US","02","COU","LD","OPERATIONAL IFR","1901/01/01","38","49","37.1577","N","38.82698825","92","12","49.7749","W","-92.21382636","T","884","44X","1","Modified","LAT_SEC LAT_DECIMAL LONG_SEC LONG_DECIMAL SITE_ELEVATION"
"2025/03/20","11651.1","A","MO","COU","COLUMBIA","US","02","COU","LD","OPERATIONAL IFR","1901/01/01","38","49","37.1503","N","38.82698619","92","12","49.7679","W","-92.21382441","T","883.5","44X","2","Modified","LAT_SEC LAT_DECIMAL LONG_SEC LONG_DECIMAL SITE_ELEVATION"
"2025/02/20","11816.","A","MO","MKC","KANSAS CITY","US","04","GQR","LD","OPERATIONAL IFR","2017/07/03","39","7","40.93","N","39.12803611","94","35","16.1","W","-94.58780555","T","753","54Y","1","Modified","LAT_SEC LAT_DECIMAL SITE_ELEVATION"
"2025/03/20","11816.","A","MO","MKC","KANSAS CITY","US","04","GQR","LD","OPERATIONAL IFR","2017/07/03","39","7","40.9316","N","39.12803655","94","35","16.1","W","-94.58780555","T","756","54Y","2","Modified","LAT_SEC LAT_DECIMAL SITE_ELEVATION"
"2025/02/20","11816.","A","MO","MKC","KANSAS CITY","US","19","MKC","LD","OPERATIONAL IFR","2017/06/30","39","6","51.56","N","39.11432222","94","35","47.36","W","-94.59648888","T","767","36X","1","Modified","LAT_SEC LAT_DECIMAL LONG_SEC LONG_DECIMAL SITE_ELEVATION"
"2025/03/20","11816.","A","MO","MKC","KANSAS CITY","US","19","MKC","LD","OPERATIONAL IFR","2017/06/30","39","6","51.5605","N","39.11432236","94","35","47.3609","W","-94.59648913","T","760.5","36X","2","Modified","LAT_SEC LAT_DECIMAL LONG_SEC LONG_DECIMAL SITE_ELEVATION"
"2025/02/20","14612.","A","NM","GUP","GALLUP","US","06","GUP","LE","OPERATIONAL IFR","1984/12/20","35","30","53.7728","N","35.51493688","108","46","26.5644","W","-108.77404566","K","6498.5","54X","1","Modified","LAT_LONG_SOURCE_CODE"
"2025/03/20","14612.","A","NM","GUP","GALLUP","US","06","GUP","LE","OPERATIONAL IFR","1984/12/20","35","30","53.7728","N","35.51493688","108","46","26.5644","W","-108.77404566","T","6498.5","54X","2","Modified","LAT_LONG_SOURCE_CODE"
"2025/02/20","23109.1","A","TN","MOR","MORRISTOWN","US","05","MOR","SD","OPERATIONAL IFR","1990/01/11","36","11","16.0356","N","36.18778766","83","21","49.1491","W","-83.36365252","Z","1283.4","32X","1","Modified","LAT_SEC LAT_DECIMAL LONG_SEC LONG_DECIMAL LAT_LONG_SOURCE_CODE"
"2025/03/20","23109.1","A","TN","MOR","MORRISTOWN","US","05","MOR","SD","OPERATIONAL IFR","1990/01/11","36","11","16.0374","N","36.18778816","83","21","49.1574","W","-83.36365483","T","1283.4","32X","2","Modified","LAT_SEC LAT_DECIMAL LONG_SEC LONG_DECIMAL LAT_LONG_SOURCE_CODE"
"2025/02/20","27813.","A","WY","JAC","JACKSON","US","19","JAC","LD","OPERATIONAL IFR","1901/01/01","43","35","47.372","N","43.59649222","110","44","31.1003","W","-110.7419723","K","6420.2","28X","1","Modified","LAT_SEC LAT_DECIMAL LONG_SEC LONG_DECIMAL LAT_LONG_SOURCE_CODE SITE_ELEVATION"
"2025/03/20","27813.","A","WY","JAC","JACKSON","US","19","JAC","LD","OPERATIONAL IFR","1901/01/01","43","35","47.3744","N","43.59649288","110","44","31.0986","W","-110.74197183","T","6421.5","28X","2","Modified","LAT_SEC LAT_DECIMAL LONG_SEC LONG_DECIMAL LAT_LONG_SOURCE_CODE SITE_ELEVATION"
"2025/02/20","27878.","A","WY","RKS","ROCK SPRINGS","US","27","RKS","LD","OPERATIONAL IFR","1901/01/01","41","35","51.6363","N","41.59767675","109","5","11.2888","W","-109.08646911","T","6744.7","30X","1","Modified","LONG_SEC LONG_DECIMAL SITE_ELEVATION"
"2025/03/20","27878.","A","WY","RKS","ROCK SPRINGS","US","27","RKS","LD","OPERATIONAL IFR","1901/01/01","41","35","51.6363","N","41.59767675","109","5","11.2726","W","-109.08646461","T","6739.4","30X","2","Modified","LONG_SEC LONG_DECIMAL SITE_ELEVATION"
"2025/02/20","52250.2","A","HI","KOA","KAILUA/KONA","US","17","KOA","LD","OPERATIONAL IFR","1980/07/10","19","43","14.7904","N","19.72077511","156","2","52.2484","W","-156.04784677","K","36","34X","1","Modified","CITY"
"2025/03/20","52250.2","A","HI","KOA","KAILUA-KONA","US","17","KOA","LD","OPERATIONAL IFR","1980/07/10","19","43","14.7904","N","19.72077511","156","2","52.2484","W","-156.04784677","K","36","34X","2","Modified","CITY"
