"EFF_DATE","SITE_NO","SITE_TYPE_CODE","STATE_CODE","ARPT_ID","CITY","COUNTRY_CODE","RWY_END_ID","ILS_LOC_ID","SYSTEM_TYPE_CODE","TAB_NAME","ILS_COMP_TYPE_CODE","REF_COL_NAME","REF_COL_SEQ_NO","REMARK","File","Action","Mods"
"2025/02/20","01971.","A","CA","OAK","OAKLAND","US","12","AAZ","LS","ILS","","GENERAL_REMARK","5","LOC UNUSBL BYD 30 DEG RIGHT OF CRS.","1","Modified","REMARK"
"2025/03/20","01971.","A","CA","OAK","OAKLAND","US","12","AAZ","LS","ILS","","GENERAL_REMARK","5","LOC UNUSBL BYD 15 DEG RIGHT OF CRS.","2","Modified","REMARK"
"2025/02/20","03514.","A","FL","MCF","TAMPA","US","05","MCF","LG","ILS","","GENERAL_REMARK","3","MP 0900-1200Z++ TUE-WED.","1","Modified","REMARK"
"2025/03/20","03514.","A","FL","MCF","TAMPA","US","05","MCF","LG","ILS","","GENERAL_REMARK","3","MP 1200-1500Z++ TUE AND THURS.","2","Modified","REMARK"
"2025/02/20","03956.","A","GA","PXE","PERRY","US","36","PXE","LG","ILS","","GENERAL_REMARK","2","GS AUTOPILOT CPD APCH NA BLO 900 FT MSL.","1","Modified","REMARK"
"2025/03/20","03956.","A","GA","PXE","PERRY","US","36","PXE","LG","ILS","","GENERAL_REMARK","2","GS AUTOPILOT CPD APCH NA BLW 1000 FT MSL.","2","Modified","REMARK"
"2025/02/20","11605.","A","MO","CGI","CAPE GIRARDEAU","US","10","CGI","LD","ILS","","GENERAL_REMARK","2","LOC BACK CRS UNUSBL BYD 20 DEGS LEFT OF CRS.","1","Modified","REMARK"
"2025/03/20","11605.","A","MO","CGI","CAPE GIRARDEAU","US","10","CGI","LD","ILS","","GENERAL_REMARK","2","LOC BACK CRS UNUSBL BYD 19 DEGS LEFT OF CRS; BYD 22 DEGS RIGHT OF CRS.","2","Modified","REMARK"
"2025/02/20","14612.","A","NM","GUP","GALLUP","US","06","GUP","LE","ILS","","GENERAL_REMARK","1","LOC/DME UNMONITORED.","1","Modified","REMARK"
"2025/03/20","14612.","A","NM","GUP","GALLUP","US","06","GUP","LE","ILS","","GENERAL_REMARK","1","LOC/DME UNMON.","2","Modified","REMARK"
"2025/02/20","17142.","A","NC","SVH","STATESVILLE","US","28","SVH","LD","ILS","","GENERAL_REMARK","2","LOC UNUSBL BYD 15 DEG RIGHT AND 22 DEG LEFT OF CRS.","2","Deleted",""
"2025/02/20","27754.","A","WY","CPR","CASPER","US","03","SYD","LS","ILS","","GENERAL_REMARK","2","SYD LOC IS UNMONITORED FROM 0400-1200Z DAILY.","1","Modified","REMARK"
"2025/03/20","27754.","A","WY","CPR","CASPER","US","03","SYD","LS","ILS","","GENERAL_REMARK","2","SYD LOC IS UNMNTD FM 0400-1200Z DAILY.","2","Modified","REMARK"
"2025/02/20","52250.2","A","HI","KOA","KAILUA/KONA","US","17","KOA","LD","ILS","","GENERAL_REMARK","1","ILS UNMONITORED WHEN ATCT CLOSED.","1","Modified","CITY"
"2025/03/20","52250.2","A","HI","KOA","KAILUA-KONA","US","17","KOA","LD","ILS","","GENERAL_REMARK","1","ILS UNMONITORED WHEN ATCT CLOSED.","2","Modified","CITY"
"2025/02/20","52250.2","A","HI","KOA","KAILUA/KONA","US","17","KOA","LD","ILS","","GENERAL_REMARK","2","LOC BC UNUSBL 22 DEG LEFT AND 25 DEGS RIGHT OF CL.","1","Modified","CITY"
"2025/03/20","52250.2","A","HI","KOA","KAILUA-KONA","US","17","KOA","LD","ILS","","GENERAL_REMARK","2","LOC BC UNUSBL 22 DEG LEFT AND 25 DEGS RIGHT OF CL.","2","Modified","CITY"
"2025/02/20","52250.2","A","HI","KOA","KAILUA/KONA","US","17","KOA","LD","ILS","","GENERAL_REMARK","3","AUTOPILOT COUPLED APCH NA BELOW 500 MSL.","1","Modified","CITY"
"2025/03/20","52250.2","A","HI","KOA","KAILUA-KONA","US","17","KOA","LD","ILS","","GENERAL_REMARK","3","AUTOPILOT COUPLED APCH NA BELOW 500 MSL.","2","Modified","CITY"
"2025/03/20","03705.2","A","GA","CTJ","CARROLLTON","US","35","CTJ","LG","ILS","","GENERAL_REMARK","1","ILS CLASSIFICATION IB.","2","Added",""
"2025/03/20","09750.","A","MI","YIP","DETROIT","US","23","LSW","LD","ILS","","GENERAL_REMARK","4","AUTOPILOT CPD APCH NA BLW 1848 FT.","2","Added",""
"2025/03/20","16875.","A","NC","LHZ","LOUISBURG","US","05","LHZ","LD","ILS","","GENERAL_REMARK","3","GS AUTOPILOT CPD APCH NA BLW 600 FT MSL.","2","Added",""
"2025/03/20","27754.","A","WY","CPR","CASPER","US","03","SYD","LS","ILS","","GENERAL_REMARK","3","UNUSBL BYD 25 DEGS RIGHT OF CRS.","2","Added",""
