"EFF_DATE","COUNTRY_CODE","LOC_ID","REGION_CODE","STATE","CITY","LID_GROUP","FAC_TYPE","FAC_NAME","RESP_ARTCC_ID","ARTCC_COMPUTER_ID","FSS_ID","File","Action","Mods"
"2025/02/20","US","01ID","ANM","ID","LAVA HOT SPRINGS","LANDING FACILITY","A","LAVA HOT SPRINGS","ZLC","ZCU","BOI","1","Modified","FAC_NAME"
"2025/03/20","US","01ID","ANM","ID","LAVA HOT SPRINGS","LANDING FACILITY","A","LAVA HOT SPRINGS AIRPARK","ZLC","ZCU","BOI","2","Modified","FAC_NAME"
"2025/02/20","US","05ME","ANE","ME","JONESBORO","LANDING FACILITY","A","DRISKO","ZBW","ZCB","BGR","1","Modified","FAC_NAME"
"2025/03/20","US","05ME","ANE","ME","JONESBORO","LANDING FACILITY","A","DRISKO KELLEY","ZBW","ZCB","BGR","2","Modified","FAC_NAME"
"2025/02/20","US","0TS4","ASW","TX","LEDBETTER","LANDING FACILITY","A","ULLRICH","ZHU","ZCH","CXO","2","Deleted",""
"2025/02/20","US","1TA0","ASW","TX","SEABROOK","LANDING FACILITY","H","TOTAL BAYPORT","ZHU","ZCH","CXO","1","Modified","FAC_NAME"
"2025/03/20","US","1TA0","ASW","TX","SEABROOK","LANDING FACILITY","H","BAYSTAR BAYPORT POLYMERS LLC","ZHU","ZCH","CXO","2","Modified","FAC_NAME"
"2025/02/20","US","1WI8","AGL","WI","ALGOMA","LANDING FACILITY","A","JORGENSEN - STOLLER","ZMP","ZCP","GRB","2","Deleted",""
"2025/02/20","US","20NC","ASO","NC","SHERRILLS FORD","LANDING FACILITY","A","MOUNTAIN VIEW","ZTL","ZCT","RDU","2","Deleted",""
"2025/02/20","US","2IL8","AGL","IL","ELGIN","LANDING FACILITY","H","IL DEPT OF TRANSPORTATION","ZAU","ZCG","IKK","2","Deleted",""
"2025/02/20","US","2KS5","ACE","KS","PLAINS","LANDING FACILITY","A","PLAINS MUNI","ZKC","ZCK","ICT","2","Deleted",""
"2025/02/20","US","2LL1","AGL","IL","SHERIDAN","LANDING FACILITY","A","CWIAN FLD","ZAU","ZCG","IKK","2","Deleted",""
"2025/02/20","US","31GA","ASO","GA","ATLANTA","LANDING FACILITY","H","WGCL-TV","ZTL","ZCT","MCN","1","Modified","FAC_NAME"
"2025/03/20","US","31GA","ASO","GA","ATLANTA","LANDING FACILITY","H","WANF-TV","ZTL","ZCT","MCN","2","Modified","FAC_NAME"
"2025/02/20","US","35WI","AGL","WI","EAST TROY","LANDING FACILITY","A","BARKER STRIP","ZAU","ZCG","GRB","2","Deleted",""
"2025/02/20","US","39K","ACE","KS","LYNDON","LANDING FACILITY","A","VERSAAIR SERVICES","ZKC","ZCK","ICT","1","Modified","FAC_NAME"
"2025/03/20","US","39K","ACE","KS","LYNDON","LANDING FACILITY","A","DRAGOON CREEK","ZKC","ZCK","ICT","2","Modified","FAC_NAME"
"2025/02/20","US","45TA","ASW","TX","HOUSTON","LANDING FACILITY","H","SPL","ZHU","ZCH","CXO","2","Deleted",""
"2025/02/20","US","46FL","ASO","FL","TITUSVILLE","LANDING FACILITY","H","HOSPITAL","ZJX","ZCJ","PIE","1","Modified","FAC_NAME"
"2025/03/20","US","46FL","ASO","FL","TITUSVILLE","LANDING FACILITY","H","NORTH BREVARD HOSPITAL DISTRICT","ZJX","ZCJ","PIE","2","Modified","FAC_NAME"
"2025/02/20","US","48I","AEA","WV","SUTTON","WEATHER SENSOR","AWOS-3P","","","","","2","Deleted",""
"2025/02/20","US","53TX","ASW","TX","DALLAS","LANDING FACILITY","H","BARSONS UTILITIES","ZFW","ZCF","FTW","2","Deleted",""
"2025/02/20","US","58IL","AGL","IL","MANTENO","LANDING FACILITY","A","SPANGLER","ZAU","ZCG","IKK","2","Deleted",""
"2025/02/20","US","5KY5","ASO","KY","CADIZ","LANDING FACILITY","A","LOWE","ZME","ZCM","LOU","1","Modified","FAC_NAME"
"2025/03/20","US","5KY5","ASO","KY","CADIZ","LANDING FACILITY","A","SEVEN SPRINGS FARMS","ZME","ZCM","LOU","2","Modified","FAC_NAME"
"2025/02/20","US","5LS0","ASW","LA","GONZALES","LANDING FACILITY","H","SHELL CHEMICAL WEST SITE","ZHU","ZCH","DRI","2","Deleted",""
"2025/02/20","US","5W5","ASO","NC","RALEIGH","LANDING FACILITY","A","TRIPLE W","ZDC","ZCW","RDU","1","Modified","FAC_NAME"
"2025/03/20","US","5W5","ASO","NC","RALEIGH","LANDING FACILITY","A","SOUTHERN WAKE RGNL","ZDC","ZCW","RDU","2","Modified","FAC_NAME"
"2025/02/20","US","5XS3","ASW","TX","WINNIE","LANDING FACILITY","A","WILBER FARMS","ZHU","ZCH","CXO","2","Deleted",""
"2025/02/20","US","79FL","ASO","FL","CHIEFLAND","LANDING FACILITY","A","NEAL FLD","ZJX","ZCJ","GNV","1","Modified","FAC_NAME"
"2025/03/20","US","79FL","ASO","FL","CHIEFLAND","LANDING FACILITY","A","GOOD DOG LANDING","ZJX","ZCJ","GNV","2","Modified","FAC_NAME"
"2025/02/20","US","7KY6","ASO","KY","ALBANY","LANDING FACILITY","H","GRIDER HILLDOCK - DILLON","ZID","ZCI","LOU","1","Modified","FAC_NAME"
"2025/03/20","US","7KY6","ASO","KY","ALBANY","LANDING FACILITY","H","GRIDER HILL-SETTLES","ZID","ZCI","LOU","2","Modified","FAC_NAME"
"2025/02/20","US","82NY","AEA","NY","GALLATIN","LANDING FACILITY","A","SILVERNAILS FLD","ZBW","ZCB","BTV","2","Deleted",""
"2025/02/20","US","8KT1","ASO","KY","LOUISVILLE","LANDING FACILITY","H","PAPA JOHN'S HEADQUARTERS","ZID","ZCI","LOU","2","Deleted",""
"2025/02/20","US","8VA5","AEA","VA","CHARLOTTESVILLE","LANDING FACILITY","H","UNIVERSITY OF VIRGINIA HOSPITAL","ZDC","ZCW","DCA","1","Modified","FAC_NAME"
"2025/03/20","US","8VA5","AEA","VA","CHARLOTTESVILLE","LANDING FACILITY","H","UVA HEALTH UNIVERSITY HOSPITAL","ZDC","ZCW","DCA","2","Modified","FAC_NAME"
"2025/02/20","US","AID","AGL","IN","ANDERSON","LANDING FACILITY","A","ANDERSON MUNI-DARLINGTON FLD","ZID","ZCI","HUF","1","Modified","FAC_NAME"
"2025/03/20","US","AID","AGL","IN","ANDERSON","LANDING FACILITY","A","ANDERSON RGNL","ZID","ZCI","HUF","2","Modified","FAC_NAME"
"2025/02/20","US","AID","AGL","IN","ANDERSON","INSTRUMENT LANDING SYSTEM","LS","ANDERSON MUNI-DARLINGTON FLD(AID) ILS RWY 30","ZID","ZCI","","1","Modified","FAC_NAME"
"2025/03/20","US","AID","AGL","IN","ANDERSON","INSTRUMENT LANDING SYSTEM","LS","ANDERSON RGNL(AID) ILS RWY 30","ZID","ZCI","","2","Modified","FAC_NAME"
"2025/02/20","US","CN17","AWP","CA","SAN DIEGO","LANDING FACILITY","H","RADY CHILDRENS HOSPITAL - SAN DIEGO","ZLA","ZCL","SAN","1","Modified","FAC_NAME"
"2025/03/20","US","CN17","AWP","CA","SAN DIEGO","LANDING FACILITY","H","RADY CHILDRENS HOSPITAL SAN DIEGO","ZLA","ZCL","SAN","2","Modified","FAC_NAME"
"2025/02/20","US","COI","ASO","FL","MERRITT ISLAND","WEATHER SENSOR","AWOS-3","","","","","2","Deleted",""
"2025/02/20","US","EVB","ASO","FL","NEW SMYRNA BEACH","LANDING FACILITY","A","NEW SMYRNA BEACH MUNI","ZJX","ZCJ","PIE","1","Modified","FAC_NAME"
"2025/03/20","US","EVB","ASO","FL","NEW SMYRNA BEACH","LANDING FACILITY","A","NEW SMYRNA BEACH MUNI (JACK BOLT FLD)","ZJX","ZCJ","PIE","2","Modified","FAC_NAME"
"2025/02/20","US","GQR","ACE","MO","KANSAS CITY","INSTRUMENT LANDING SYSTEM","LD","CHARLES B WHEELER DOWNTOWN(MKC) ILS RWY 04","ZKC","ZCK","","1","Modified","FAC_NAME"
"2025/03/20","US","GQR","ACE","MO","KANSAS CITY","INSTRUMENT LANDING SYSTEM","LD","KANSAS CITY DOWNTOWN-WHEELER FLD(MKC) ILS RWY 04","ZKC","ZCK","","2","Modified","FAC_NAME"
"2025/02/20","US","IL99","AGL","IL","EARLVILLE","LANDING FACILITY","A","B & C","ZAU","ZCG","IKK","2","Deleted",""
"2025/02/20","US","IN28","AGL","IN","MUNSTER","LANDING FACILITY","H","COMMUNITY HOSPITAL","ZAU","ZCG","HUF","1","Modified","FAC_NAME"
"2025/03/20","US","IN28","AGL","IN","MUNSTER","LANDING FACILITY","H","MUNSTER COMMUNITY HOSPITAL","ZAU","ZCG","HUF","2","Modified","FAC_NAME"
"2025/02/20","US","JAX","ASO","FL","JACKSONVILLE","NAVIGATION AID","VOT","JACKSONVILLE INTL","","","GNV","2","Deleted",""
"2025/02/20","US","KOA","AWP","HI","KAILUA/KONA","LANDING FACILITY","A","ELLISON ONIZUKA KONA INTL AT KEAHOLE","ZHN","ZHN","HNL","2","Deleted",""
"2025/02/20","US","KOA","AWP","HI","KAILUA/KONA","WEATHER SENSOR","ASOS","","","","","2","Deleted",""
"2025/02/20","US","KOA","AWP","HI","KAILUA/KONA","INSTRUMENT LANDING SYSTEM","LD","ELLISON ONIZUKA KONA INTL AT KEAHOLE(KOA) ILS RWY 17","ZHN","ZHN","","2","Deleted",""
"2025/02/20","US","KOA","AWP","HI","KAILUA/KONA","REMOTE COMMUNICATION OUTLET","RCO","KONA","","","HNL","2","Deleted",""
"2025/02/20","US","KOA","AWP","HI","KAILUA/KONA","NAVIGATION AID","VORTAC","KONA","ZHN","ZHN","HNL","2","Deleted",""
"2025/02/20","US","KOA","AWP","HI","KAILUA/KONA","WEATHER REPORTING STATION","WXL","","","","","2","Deleted",""
"2025/02/20","US","LA44","ASW","LA","ST GABRIEL","LANDING FACILITY","H","CALPINE","ZHU","ZCH","DRI","1","Modified","FAC_NAME"
"2025/03/20","US","LA44","ASW","LA","ST GABRIEL","LANDING FACILITY","H","CARVILLE ENERGY","ZHU","ZCH","DRI","2","Modified","FAC_NAME"
"2025/02/20","US","LL08","AGL","IL","PRINCETON","LANDING FACILITY","H","ADVANCED ASPHALT","ZAU","ZCG","IKK","2","Deleted",""
"2025/02/20","US","MA27","ANE","MA","BROCKTON","LANDING FACILITY","H","GODDARD HOSP","ZBW","ZCB","BDR","2","Deleted",""
"2025/02/20","US","MKC","ACE","MO","KANSAS CITY","LANDING FACILITY","A","CHARLES B WHEELER DOWNTOWN","ZKC","ZCK","COU","1","Modified","FAC_NAME"
"2025/03/20","US","MKC","ACE","MO","KANSAS CITY","LANDING FACILITY","A","KANSAS CITY DOWNTOWN-WHEELER FLD","ZKC","ZCK","COU","2","Modified","FAC_NAME"
"2025/02/20","US","MKC","ACE","MO","KANSAS CITY","INSTRUMENT LANDING SYSTEM","LD","CHARLES B WHEELER DOWNTOWN(MKC) ILS RWY 19","ZKC","ZCK","","1","Modified","FAC_NAME"
"2025/03/20","US","MKC","ACE","MO","KANSAS CITY","INSTRUMENT LANDING SYSTEM","LD","KANSAS CITY DOWNTOWN-WHEELER FLD(MKC) ILS RWY 19","ZKC","ZCK","","2","Modified","FAC_NAME"
"2025/02/20","US","NJ66","AEA","NJ","HACKETTSTOWN","LANDING FACILITY","H","HACKETTSTOWN COMMUNITY HOSPITAL","ZNY","ZCN","MIV","1","Modified","FAC_NAME"
"2025/03/20","US","NJ66","AEA","NJ","HACKETTSTOWN","LANDING FACILITY","H","HACKETTSTOWN RGNL MEDICAL CENTER","ZNY","ZCN","MIV","2","Modified","FAC_NAME"
"2025/02/20","US","NK38","AEA","NY","GARDINER","LANDING FACILITY","H","PARKER'S LANDING","ZNY","ZCN","ISP","2","Deleted",""
"2025/02/20","US","NV00","AWP","NV","PAHRUMP","LANDING FACILITY","A","VALLEY VIEW","ZLA","ZCL","RNO","1","Modified","FAC_NAME"
"2025/03/20","US","NV00","AWP","NV","PAHRUMP","LANDING FACILITY","A","THE AIRPORT CLUB","ZLA","ZCL","RNO","2","Modified","FAC_NAME"
"2025/02/20","US","OIN","ACE","KS","OBERLIN","WEATHER SENSOR","AWOS-3","","","","","2","Deleted",""
"2025/02/20","US","PA29","AEA","PA","MOUNT PLEASANT","LANDING FACILITY","H","FRICK HOSPITAL & COMMUNITY HEALTH CENTER","ZOB","ZCC","AOO","1","Modified","FAC_NAME"
"2025/03/20","US","PA29","AEA","PA","MOUNT PLEASANT","LANDING FACILITY","H","INDEPENDENCE HEALTH FRICK HOSPITAL","ZOB","ZCC","AOO","2","Modified","FAC_NAME"
"2025/02/20","US","RKS","ANM","WY","ROCK SPRINGS","WEATHER SENSOR","ASOS","","","","","2","Deleted",""
"2025/02/20","US","VA94","AEA","VA","POWHATAN","LANDING FACILITY","A","PLAINVIEW","ZDC","ZCW","DCA","2","Deleted",""
"2025/02/20","US","WN82","ANM","WA","REPUBLIC","LANDING FACILITY","H","FERRY COUNTY MEML HOSPITAL","ZSE","ZCS","SEA","1","Modified","FAC_NAME"
"2025/03/20","US","WN82","ANM","WA","REPUBLIC","LANDING FACILITY","H","FERRY COUNTY PUBLIC HOSPITAL DISTRICT #1","ZSE","ZCS","SEA","2","Modified","FAC_NAME"
"2025/03/20","US","08GE","ASO","GA","ELLABELL","LANDING FACILITY","H","HYUNDAI MOTOR GROUP METAPLANT AMERICA","ZJX","ZCJ","MCN","2","Added",""
"2025/03/20","US","14ME","ANE","ME","MONMOUTH","LANDING FACILITY","C","LARRY'S COVE","ZBW","ZCB","BGR","2","Added",""
"2025/03/20","US","16J","ASO","GA","DAWSON","WEATHER SENSOR","AWOS-3PT","","","","","2","Added",""
"2025/03/20","US","16J","ASO","GA","DAWSON","WEATHER REPORTING STATION","WXL","","","","","2","Added",""
"2025/03/20","US","21FD","ASO","FL","KISSIMMEE","LANDING FACILITY","H","ADVENTHEALTH PARTIN SETTLEMENT HELISTOP","ZMA","ZCR","PIE","2","Added",""
"2025/03/20","US","28NE","ACE","NE","CLARKSON","LANDING FACILITY","A","BIG THUNDER","ZMP","ZCP","OLU","2","Added",""
"2025/03/20","US","2LA","ASW","LA","OSCAR","LANDING FACILITY","H","ZACH POURCIAU","ZHU","ZCH","DRI","2","Added",""
"2025/03/20","US","35IA","ACE","IA","DE WITT","LANDING FACILITY","A","FRAZIER","ZAU","ZCG","FOD","2","Added",""
"2025/03/20","US","37MT","ANM","MT","ENNIS","LANDING FACILITY","H","YC PRIMARY","ZLC","ZCU","GTF","2","Added",""
"2025/03/20","US","39ID","ANM","ID","KENDRICK","LANDING FACILITY","A","GETAWAY FLD","ZSE","ZCS","SEA","2","Added",""
"2025/03/20","US","43ID","ANM","ID","KOOSKIA","LANDING FACILITY","A","HARRIS RIDGE","ZSE","ZCS","BOI","2","Added",""
"2025/03/20","US","48I","AEA","WV","SUTTON","WEATHER SENSOR","AWOS-3PT","","","","","2","Added",""
"2025/03/20","US","51AS","ASW","AR","HELENA","LANDING FACILITY","A","BURKS","ZME","ZCM","JBR","2","Added",""
"2025/03/20","US","57NJ","AEA","NJ","BRICK","LANDING FACILITY","H","BARNEGAT BAY MARINA","ZNY","ZCN","MIV","2","Added",""
"2025/03/20","US","59AL","ASO","AL","MOBILE","LANDING FACILITY","H","SPRINGHILL MEDICAL","ZHU","ZCH","ANB","2","Added",""
"2025/03/20","US","5WA4","ANM","WA","WHITE SWAN","LANDING FACILITY","A","BOISSELLE","ZSE","ZCS","SEA","2","Added",""
"2025/03/20","US","61XS","ASW","TX","SELMA","LANDING FACILITY","H","UNIVERSITY HEALTH RETAMA HOSPITAL","ZHU","ZCH","SJT","2","Added",""
"2025/03/20","US","6KS8","ACE","KS","TOWANDA","LANDING FACILITY","A","TOWANDA FARMS","ZKC","ZCK","ICT","2","Added",""
"2025/03/20","US","6MY2","AGL","MN","SANDSTONE","LANDING FACILITY","H","PINE MEDICAL CENTER","ZMP","ZCP","PNM","2","Added",""
"2025/03/20","US","77FA","ASO","FL","HALLANDALE BEACH","LANDING FACILITY","H","SHELL BAY GOLF COURSE","ZMA","ZCR","MIA","2","Added",""
"2025/03/20","US","7KS8","ACE","KS","TOPEKA","LANDING FACILITY","A","MOORE SHORT FLD LANDING","ZKC","ZCK","ICT","2","Added",""
"2025/03/20","US","7MO8","ACE","MO","FOSTER","LANDING FACILITY","A","LAUGHLIN","ZKC","ZCK","COU","2","Added",""
"2025/03/20","US","7XA1","ASW","TX","CORPUS CHRISTI","LANDING FACILITY","H","REDLINE HELICOPTER TOURS","ZHU","ZCH","SJT","2","Added",""
"2025/03/20","US","80AR","ASW","AR","HELENA","LANDING FACILITY","A","KING","ZME","ZCM","JBR","2","Added",""
"2025/03/20","US","97GE","ASO","GA","MONROE","LANDING FACILITY","H","BMW VALLEY","ZTL","ZCT","MCN","2","Added",""
"2025/03/20","US","99TA","ASW","TX","CASTROVILLE","LANDING FACILITY","A","ECHTLE FLD","ZHU","ZCH","SJT","2","Added",""
"2025/03/20","US","9KS9","ACE","KS","CHENEY","LANDING FACILITY","A","SOUTH FORK AIRPARK","ZKC","ZCK","ICT","2","Added",""
"2025/03/20","US","AS11","ASW","AR","HELENA","LANDING FACILITY","A","ROHRSCHEIB","ZME","ZCM","JBR","2","Added",""
"2025/03/20","US","AS31","ASW","AR","JONESBORO","LANDING FACILITY","A","CARPENTER FLD","ZME","ZCM","JBR","2","Added",""
"2025/03/20","US","COI","ASO","FL","MERRITT ISLAND","WEATHER SENSOR","AWOS-3PT","","","","","2","Added",""
"2025/03/20","US","COI","ASO","FL","MERRITT ISLAND","WEATHER REPORTING STATION","WXL","","","","","2","Added",""
"2025/03/20","US","FA92","ASO","FL","LAKE CITY","LANDING FACILITY","C","THOMAS LANDING","ZJX","ZCJ","PIE","2","Added",""
"2025/03/20","US","IN37","AGL","IN","ELLETSVILLE","LANDING FACILITY","A","CREEKBEND","ZID","ZCI","HUF","2","Added",""
"2025/03/20","US","KOA","AWP","HI","KAILUA-KONA","LANDING FACILITY","A","ELLISON ONIZUKA KONA INTL AT KEAHOLE","ZHN","ZHN","HNL","2","Added",""
"2025/03/20","US","KOA","AWP","HI","KAILUA-KONA","WEATHER SENSOR","ASOS","","","","","2","Added",""
"2025/03/20","US","KOA","AWP","HI","KAILUA-KONA","INSTRUMENT LANDING SYSTEM","LD","ELLISON ONIZUKA KONA INTL AT KEAHOLE(KOA) ILS RWY 17","ZHN","ZHN","","2","Added",""
"2025/03/20","US","KOA","AWP","HI","KAILUA-KONA","REMOTE COMMUNICATION OUTLET","RCO","KONA","","","HNL","2","Added",""
"2025/03/20","US","KOA","AWP","HI","KAILUA-KONA","NAVIGATION AID","VORTAC","KONA","ZHN","ZHN","HNL","2","Added",""
"2025/03/20","US","KOA","AWP","HI","KAILUA-KONA","WEATHER REPORTING STATION","WXL","","","","","2","Added",""
"2025/03/20","US","MI37","AGL","MI","WATERSMEET","LANDING FACILITY","C","LINDSLEY LAKE","ZMP","ZCP","GRB","2","Added",""
"2025/03/20","US","OIN","ACE","KS","OBERLIN","WEATHER SENSOR","AWOS-3PT","","","","","2","Added",""
"2025/03/20","US","RKS","ANM","WY","ROCK SPRINGS","WEATHER SENSOR","AWOS-3","","","","","2","Added",""
"2025/03/20","US","S44","ACE","KS","PLAINS","LANDING FACILITY","A","PLAINS MUNI","ZKC","ZCK","ICT","2","Added",""
"2025/03/20","US","TT11","ASW","TX","SULPHUR SPRINGS","LANDING FACILITY","A","GOGGANS AIRFIELD","ZFW","ZCF","FTW","2","Added",""
"2025/03/20","US","TT34","ASW","TX","LANGTRY","LANDING FACILITY","A","NEWBERRY RANCHES","ZHU","ZCH","SJT","2","Added",""
"2025/03/20","US","TT47","ASW","TX","ANNA","LANDING FACILITY","A","ADAMS FLD","ZFW","ZCF","FTW","2","Added",""
"2025/03/20","US","TX32","ASW","TX","SANTO","LANDING FACILITY","A","YELLOWSTONE AIR PARK","ZFW","ZCF","FTW","2","Added",""
"2025/03/20","US","WT03","ANM","WA","PRESCOTT","LANDING FACILITY","A","TWISTED PROP","ZSE","ZCS","SEA","2","Added",""
"2025/03/20","US","XA73","ASW","TX","SAN ANTONIO","LANDING FACILITY","H","UNIVERSITY HEALTH PALO ALTO","ZHU","ZCH","SJT","2","Added",""
"2025/03/20","US","XNI","ASW","NM","ZUNI","WEATHER SENSOR","AWOS-3PT","","","","","2","Added",""
"2025/03/20","US","XNI","ASW","NM","ZUNI","WEATHER REPORTING STATION","WXL","","","","","2","Added",""
