"EFF_DATE","NAV_ID","NAV_TYPE","STATE_CODE","CITY","COUNTRY_CODE","NAV_STATUS","NAME","STATE_NAME","REGION_CODE","COUNTRY_NAME","FAN_MARKER","OWNER","OPERATOR","NAS_USE_FLAG","PUBLIC_USE_FLAG","NDB_CLASS_CODE","OPER_HOURS","HIGH_ALT_ARTCC_ID","HIGH_ARTCC_NAME","LOW_ALT_ARTCC_ID","LOW_ARTCC_NAME","LAT_DEG","LAT_MIN","LAT_SEC","LAT_HEMIS","LAT_DECIMAL","LONG_DEG","LONG_MIN","LONG_SEC","LONG_HEMIS","LONG_DECIMAL","SURVEY_ACCURACY_CODE","TACAN_DME_STATUS","TACAN_DME_LAT_DEG","TACAN_DME_LAT_MIN","TACAN_DME_LAT_SEC","TACAN_DME_LAT_HEMIS","TACAN_DME_LAT_DECIMAL","TACAN_DME_LONG_DEG","TACAN_DME_LONG_MIN","TACAN_DME_LONG_SEC","TACAN_DME_LONG_HEMIS","TACAN_DME_LONG_DECIMAL","ELEV","MAG_VARN","MAG_VARN_HEMIS","MAG_VARN_YEAR","SIMUL_VOICE_FLAG","PWR_OUTPUT","AUTO_VOICE_ID_FLAG","MNT_CAT_CODE","VOICE_CALL","CHAN","FREQ","MKR_IDENT","MKR_SHAPE","MKR_BRG","ALT_CODE","DME_SSV","LOW_NAV_ON_HIGH_CHART_FLAG","Z_MKR_FLAG","FSS_ID","FSS_NAME","FSS_HOURS","NOTAM_ID","QUAD_IDENT","PITCH_FLAG","CATCH_FLAG","SUA_ATCAA_FLAG","RESTRICTION_FLAG","HIWAS_FLAG","File","Action","Mods"
"2025/02/20","EEN","DME","NH","KEENE","US","OPERATIONAL RESTRICTED","KEENE","NEW HAMPSHIRE","ANE","UNITED STATES","","F-FEDERAL AVIATION ADMIN","F-FEDERAL AVIATION ADMIN","Y","Y","","24","ZBW","BOSTON","ZBW","BOSTON","42","47","39.4","N","42.79427777","72","17","30.4","W","-72.29177777","6","OPERATIONAL RESTRICTED","42","47","39.4","N","42.79427777","72","17","30.4","W","-72.29177777","1380","","","","N","","N","1","NONE","90Y","114.35","","","","","H","Y","","BGR","BANGOR","24","BGR","","N","N","N","","","1","Modified","NOTAM_ID"
"2025/03/20","EEN","DME","NH","KEENE","US","OPERATIONAL RESTRICTED","KEENE","NEW HAMPSHIRE","ANE","UNITED STATES","","F-FEDERAL AVIATION ADMIN","F-FEDERAL AVIATION ADMIN","Y","Y","","24","ZBW","BOSTON","ZBW","BOSTON","42","47","39.4","N","42.79427777","72","17","30.4","W","-72.29177777","6","OPERATIONAL RESTRICTED","42","47","39.4","N","42.79427777","72","17","30.4","W","-72.29177777","1380","","","","N","","N","1","NONE","90Y","114.35","","","","","H","Y","","BGR","BANGOR","24","EEN","","N","N","N","","","2","Modified","NOTAM_ID"
"2025/02/20","FNX","DME","MN","FAIRMONT","US","OPERATIONAL IFR","FAIRMONT","MINNESOTA","AGL","UNITED STATES","","F-FEDERAL AVIATION ADMIN.","F-FEDERAL AVIATION ADMIN.","Y","Y","","24","ZMP","MINNEAPOLIS","ZMP","MINNEAPOLIS","43","38","15.92","N","43.63775555","94","24","47.51","W","-94.41319722","","OPERATIONAL IFR","43","38","15.92","N","43.63775555","94","24","47.51","W","-94.41319722","1168.9","","","","N","","N","1","NONE","89Y","114.25","","","","","DH","","","PNM","PRINCETON","24","FRM","","N","N","N","","","1","Modified","LAT_SEC LAT_DECIMAL LONG_SEC LONG_DECIMAL ELEV"
"2025/03/20","FNX","DME","MN","FAIRMONT","US","OPERATIONAL IFR","FAIRMONT","MINNESOTA","AGL","UNITED STATES","","F-FEDERAL AVIATION ADMIN.","F-FEDERAL AVIATION ADMIN.","Y","Y","","24","ZMP","MINNEAPOLIS","ZMP","MINNEAPOLIS","43","38","15.9267","N","43.63775741","94","24","47.5134","W","-94.41319816","","OPERATIONAL IFR","43","38","15.92","N","43.63775555","94","24","47.51","W","-94.41319722","1213.8","","","","N","","N","1","NONE","89Y","114.25","","","","","DH","","","PNM","PRINCETON","24","FRM","","N","N","N","","","2","Modified","LAT_SEC LAT_DECIMAL LONG_SEC LONG_DECIMAL ELEV"
"2025/02/20","FQ","NDB","MN","FAIRMONT","US","OPERATIONAL IFR","MONTZ","MINNESOTA","AGL","UNITED STATES","","O-STATE OF MINNESOTA","O-STATE OF MINNESOTA","Y","Y","LOMW","24","ZMP","MINNEAPOLIS","ZMP","MINNEAPOLIS","43","34","25.1722","N","43.57365894","94","19","4.7417","W","-94.3179838","0","","","","","","","","","","","","1144.4","4","E","1995","N","","N","3","NONE","","420","","","","","","","","PNM","PRINCETON","24","FRM","","N","N","N","","","1","Modified","LAT_SEC LAT_DECIMAL LONG_SEC LONG_DECIMAL ELEV"
"2025/03/20","FQ","NDB","MN","FAIRMONT","US","OPERATIONAL IFR","MONTZ","MINNESOTA","AGL","UNITED STATES","","O-STATE OF MINNESOTA","O-STATE OF MINNESOTA","Y","Y","LOMW","24","ZMP","MINNEAPOLIS","ZMP","MINNEAPOLIS","43","34","25.1595","N","43.57365541","94","19","4.7302","W","-94.31798061","0","","","","","","","","","","","","1151.2","4","E","1995","N","","N","3","NONE","","420","","","","","","","","PNM","PRINCETON","24","FRM","","N","N","N","","","2","Modified","LAT_SEC LAT_DECIMAL LONG_SEC LONG_DECIMAL ELEV"
"2025/02/20","FQW","NDB","TN","MURFREESBORO","US","OPERATIONAL IFR","WALTER HILL","TENNESSEE","ASO","UNITED STATES","","O-CITY OF MURFREESBORO","O-CITY OF MURFREESBORO","Y","Y","MHW","24","ZME","MEMPHIS","ZME","MEMPHIS","35","57","40.4648","N","35.96124022","86","22","15.5161","W","-86.37097669","","","","","","","","","","","","","554","2","W","2000","N","25","N","1","NONE","","371","","","","","","","","BNA","NASHVILLE","24","BNA","","N","N","N","","","1","Modified","NAV_STATUS"
"2025/03/20","FQW","NDB","TN","MURFREESBORO","US","SHUTDOWN","WALTER HILL","TENNESSEE","ASO","UNITED STATES","","O-CITY OF MURFREESBORO","O-CITY OF MURFREESBORO","Y","Y","MHW","24","ZME","MEMPHIS","ZME","MEMPHIS","35","57","40.4648","N","35.96124022","86","22","15.5161","W","-86.37097669","","","","","","","","","","","","","554","2","W","2000","N","25","N","1","NONE","","371","","","","","","","","BNA","NASHVILLE","24","BNA","","N","N","N","","","2","Modified","NAV_STATUS"
"2025/02/20","GPQ","NDB","GA","CARROLLTON","US","OPERATIONAL RESTRICTED","CARROLLTON","GEORGIA","ASO","UNITED STATES","","O-W. GEORGIA REG ARPT AUTH","O-W. GEORGIA REG ARPT","Y","Y","MHW","24","ZTL","ATLANTA","ZTL","ATLANTA","33","33","56.8597","N","33.56579436","85","7","51.7913","W","-85.13105313","","","","","","","","","","","","","969.7","4","W","2005","N","25","N","1","NONE","","278","","","","","","","","MCN","MACON","24","MCN","","N","N","N","","","1","Modified","LAT_SEC LAT_DECIMAL LONG_SEC LONG_DECIMAL ELEV RESTRICTION_FLAG"
"2025/03/20","GPQ","NDB","GA","CARROLLTON","US","OPERATIONAL RESTRICTED","CARROLLTON","GEORGIA","ASO","UNITED STATES","","O-W. GEORGIA REG ARPT AUTH","O-W. GEORGIA REG ARPT","Y","Y","MHW","24","ZTL","ATLANTA","ZTL","ATLANTA","33","33","56.7324","N","33.565759","85","7","51.5199","W","-85.13097775","","","","","","","","","","","","","969.2","4","W","2005","N","25","N","1","NONE","","278","","","","","","","","MCN","MACON","24","MCN","","N","N","N","Y","","2","Modified","LAT_SEC LAT_DECIMAL LONG_SEC LONG_DECIMAL ELEV RESTRICTION_FLAG"
"2025/02/20","JAX","VOT","FL","JACKSONVILLE","US","OPERATIONAL IFR","JACKSONVILLE INTL","FLORIDA","ASO","UNITED STATES","","F-FEDERAL AVIATION ADMIN","F-FEDERAL AVIATION ADMIN","N","Y","","24","","","","","30","29","36.86","N","30.49357222","81","41","33.36","W","-81.6926","4","","","","","","","","","","","","28.5","","","","","","N","","FOUR DOTS PER SECOND","","111","","","","","","","","GNV","GAINESVILLE","24","","","","","","","","2","Deleted",""
"2025/02/20","KOA","VORTAC","HI","KAILUA/KONA","US","OPERATIONAL RESTRICTED","KONA","HAWAII","AWP","UNITED STATES","","F-FEDERAL AVIATION ADMINISTRATION","F-FEDERAL AVIATION ADMINISTRATION","Y","Y","","24","ZHN","HONOLULU CONTROL FACILITY","ZHN","HONOLULU CONTROL FACILITY","19","43","2.06","N","19.71723888","156","2","41.7131","W","-156.0449203","","","19","43","2.06","N","19.71723888","156","2","41.7131","W","-156.0449203","36","11","E","1990","N","","N","1","NONE","58X","112.1","","","","H","H","","","HNL","HONOLULU","24","KOA","","N","N","N","","","2","Deleted",""
"2025/02/20","NOG","TACAN","TX","ORANGE GROVE","US","OPERATIONAL IFR","ORANGE GROVE","TEXAS","ASW","UNITED STATES","","N-US NAVY","N-US NAVY","Y","Y","","SEE REMARKS","ZHU","HOUSTON","ZHU","HOUSTON","27","53","43.1687","N","27.89532463","98","2","33.4592","W","-98.04262755","","","27","53","43.1687","N","27.89532463","98","2","33.4592","W","-98.04262755","235.9","5","E","2010","","","N","1","NONE","63X","133.6","","","","","T","","","SJT","SAN ANGELO","24","SJT","","N","N","N","","","1","Modified","NAV_STATUS"
"2025/03/20","NOG","TACAN","TX","ORANGE GROVE","US","OPERATIONAL RESTRICTED","ORANGE GROVE","TEXAS","ASW","UNITED STATES","","N-US NAVY","N-US NAVY","Y","Y","","SEE REMARKS","ZHU","HOUSTON","ZHU","HOUSTON","27","53","43.1687","N","27.89532463","98","2","33.4592","W","-98.04262755","","","27","53","43.1687","N","27.89532463","98","2","33.4592","W","-98.04262755","235.9","5","E","2010","","","N","1","NONE","63X","133.6","","","","","T","","","SJT","SAN ANGELO","24","SJT","","N","N","N","","","2","Modified","NAV_STATUS"
"2025/02/20","NQI","TACAN","TX","KINGSVILLE","US","OPERATIONAL IFR","KINGSVILLE","TEXAS","ASW","UNITED STATES","","N-US NAVY","N-US NAVY","Y","Y","","24","ZHU","HOUSTON","ZHU","HOUSTON","27","29","57.256","N","27.49923777","97","48","20.1626","W","-97.80560072","6","","27","29","57.256","N","27.49923777","97","48","20.1626","W","-97.80560072","44.9","4","E","2010","N","","N","1","NONE","125X","117.8","","","","","H","","","SJT","SAN ANGELO","24","SJT","","N","N","N","","","1","Modified","NAV_STATUS"
"2025/03/20","NQI","TACAN","TX","KINGSVILLE","US","OPERATIONAL RESTRICTED","KINGSVILLE","TEXAS","ASW","UNITED STATES","","N-US NAVY","N-US NAVY","Y","Y","","24","ZHU","HOUSTON","ZHU","HOUSTON","27","29","57.256","N","27.49923777","97","48","20.1626","W","-97.80560072","6","","27","29","57.256","N","27.49923777","97","48","20.1626","W","-97.80560072","44.9","4","E","2010","N","","N","1","NONE","125X","117.8","","","","","H","","","SJT","SAN ANGELO","24","SJT","","N","N","N","","","2","Modified","NAV_STATUS"
"2025/02/20","SUR","NDB","GA","FITZGERALD","US","OPERATIONAL IFR","FITZGERALD","GEORGIA","ASO","UNITED STATES","","O-CITY OF FITZGERALD","O-CITY OF FITZGERALD","Y","Y","MHW","24","ZJX","JACKSONVILLE","ZJX","JACKSONVILLE","31","36","46.678","N","31.61296611","83","17","26.562","W","-83.29071166","","","","","","","","","","","","","358.4","5","W","2015","N","25","N","1","NONE","","362","","","","","","","N","MCN","MACON","24","MCN","","N","N","N","","","1","Modified","LAT_SEC LAT_DECIMAL LONG_SEC LONG_DECIMAL ELEV"
"2025/03/20","SUR","NDB","GA","FITZGERALD","US","OPERATIONAL IFR","FITZGERALD","GEORGIA","ASO","UNITED STATES","","O-CITY OF FITZGERALD","O-CITY OF FITZGERALD","Y","Y","MHW","24","ZJX","JACKSONVILLE","ZJX","JACKSONVILLE","31","36","47.5957","N","31.61322102","83","17","25.7527","W","-83.29048686","","","","","","","","","","","","","358.3","5","W","2015","N","25","N","1","NONE","","362","","","","","","","N","MCN","MACON","24","MCN","","N","N","N","","","2","Modified","LAT_SEC LAT_DECIMAL LONG_SEC LONG_DECIMAL ELEV"
"2025/02/20","VTN","NDB","NE","VALENTINE","US","OPERATIONAL IFR","VALENTINE","NEBRASKA","ACE","UNITED STATES","","O-STATE OF NEBRASKA","O-STATE OF NEBRASKA","Y","Y","MHW","24","ZDV","DENVER","ZDV","DENVER","42","51","41.8482","N","42.8616245","100","32","58.7272","W","-100.54964644","6","","","","","","","","","","","","2587","8","E","2000","N","25","N","1","NONE","","314","","","","","","","N","OLU","COLUMBUS","24","VTN","","N","N","N","","","1","Modified","LAT_SEC LAT_DECIMAL LONG_SEC LONG_DECIMAL ELEV"
"2025/03/20","VTN","NDB","NE","VALENTINE","US","OPERATIONAL IFR","VALENTINE","NEBRASKA","ACE","UNITED STATES","","O-STATE OF NEBRASKA","O-STATE OF NEBRASKA","Y","Y","MHW","24","ZDV","DENVER","ZDV","DENVER","42","51","41.8428","N","42.861623","100","32","58.7199","W","-100.54964441","6","","","","","","","","","","","","2587.1","8","E","2000","N","25","N","1","NONE","","314","","","","","","","N","OLU","COLUMBUS","24","VTN","","N","N","N","","","2","Modified","LAT_SEC LAT_DECIMAL LONG_SEC LONG_DECIMAL ELEV"
"2025/03/20","KOA","VORTAC","HI","KAILUA-KONA","US","OPERATIONAL RESTRICTED","KONA","HAWAII","AWP","UNITED STATES","","F-FEDERAL AVIATION ADMINISTRATION","F-FEDERAL AVIATION ADMINISTRATION","Y","Y","","24","ZHN","HONOLULU CONTROL FACILITY","ZHN","HONOLULU CONTROL FACILITY","19","43","2.06","N","19.71723888","156","2","41.7131","W","-156.0449203","","","19","43","2.06","N","19.71723888","156","2","41.7131","W","-156.0449203","36","11","E","1990","N","","N","1","NONE","58X","112.1","","","","H","H","","","HNL","HONOLULU","24","KOA","","N","N","N","","","2","Added",""
