"EFF_DATE","NAV_ID","NAV_TYPE","STATE_CODE","CITY","COUNTRY_CODE","TAB_NAME","REF_COL_NAME","REF_COL_SEQ_NO","REMARK","File","Action","Mods"
"2025/02/20","BUM","VORTAC","MO","BUTLER","US","NAVIGATION_AID","GENERAL_REMARK","1","VOR UNUSBL 083-093 BYD 40 NM BLW 13500 FT; 249-259 BYD 40 NM BLW 18000 FT; 295-305 BYD 49 NM.","1","Modified","REMARK"
"2025/03/20","BUM","VORTAC","MO","BUTLER","US","NAVIGATION_AID","GENERAL_REMARK","1","VOR UNUSBL 083-093 BYD 59 NM BLW 13500 FT; 249-259 BYD 40 NM BLW 18000 FT; 305-315 BYD 40 NM.","2","Modified","REMARK"
"2025/02/20","DCA","VOR/DME","DC","WASHINGTON","US","NAVIGATION_AID","GENERAL_REMARK","1","VOR UNUSBL 026-070 BYD 20 NM BLW 5000 FT; 071-075 BYD 20 NM BLW 7,000 FT; 076-105 BYD 20 NM BLW 5000 FT; 106-111 BYD 10 NM BLW 2500 FT; 106-125 BYD 20 NM BLW 8000 FT; 126-145 BYD 20 NM BLW 5500 FT; 146-155 BYD 20 NM BLW 6000 FT; 156-170 BLW 5500 FT; 171-177 BYD 20 NM BLW 5000 FT; 178-260 BYD 20 NM BLW 4500 FT; 261-275 BYD 20 NM BLW 6000 FT; 276-283 BYD 20 NM BLW 7000 FT; 284-300 BYD 20 NM BLW 6000 FT; 301-025 BYD 20 NM BLW 4500 FT.","1","Modified","REMARK"
"2025/03/20","DCA","VOR/DME","DC","WASHINGTON","US","NAVIGATION_AID","GENERAL_REMARK","1","VOR UNUSBL 026-070 BYD 20 NM BLW 5000 FT; 071-075 BYD 20 NM BLW 7000 FT; 076-105 BYD 20 NM BLW 5000 FT; 106-111 BYD 10 NM BLW 2500 FT; 106-125 BYD 20 NM BLW 8000 FT; 126-145 BYD 20 NM BLW 5500 FT; 146-155 BYD 20 NM BLW 6000 FT; 156-170 BLW 5500 FT; 171-177 BYD 20 NM BLW 5000 FT; 178-240 BYD 20 NM BLW 4500 FT; 241-247 BYD 20 NM BLW 10000 FT; 248-260 BYD 20 NM BLW 4500 FT; 261-275 BYD 20 NM BLW 6000 FT; 276-283 BYD 20 NM BLW 7000 FT; 284-300 BYD 20 NM BLW 6000 FT; 301-025 BYD 20 NM BLW 4500 FT.","2","Modified","REMARK"
"2025/02/20","DCA","VOR/DME","DC","WASHINGTON","US","NAVIGATION_AID","GENERAL_REMARK","3","DME UNUSBL 090-165 BYD 30 NM BLO 3000 FT; 250-270 BYD 20 NM BLO 2500 FT; 340-040 BYD 30 NM BLO 2500 FT.","1","Modified","REMARK"
"2025/03/20","DCA","VOR/DME","DC","WASHINGTON","US","NAVIGATION_AID","GENERAL_REMARK","3","DME UNUSBL 090-165 BYD 30 NM BLW 3000 FT; 241-247 BYD 20NM BLW 10000 FT; 250-270 BYD 20 NM BLW 2500 FT; 340-040 BYD 30 NM BLW 2500 FT.","2","Modified","REMARK"
"2025/02/20","EEN","DME","NH","KEENE","US","NAVIGATION_AID","GENERAL_REMARK","7","DME UNUSBL 070T-085T BYD 25 NM BLW 9000 FT; 215T-220T BYD 25 NM BLW 5000 FT.","1","Modified","REMARK"
"2025/03/20","EEN","DME","NH","KEENE","US","NAVIGATION_AID","GENERAL_REMARK","7","DME UNUSBL 055T-070T BYD 20 NM; 090T-100T BYD 35 NM BLW 5000 FT; 190T-200T BYD 30 NM BLW 6000 FT.","2","Modified","REMARK"
"2025/02/20","FRI","VOR","KS","FORT RILEY (JUNCTION CITY)","US","NAVIGATION_AID","GENERAL_REMARK","2","VOR UNMONITORED 0600-1400Z++ MON; 0700-1400Z++ TUE-THU; 2200Z++ FRI - 0600Z++ SAT, WKENDS AND HOL.","1","Modified","REMARK"
"2025/03/20","FRI","VOR","KS","FORT RILEY (JUNCTION CITY)","US","NAVIGATION_AID","GENERAL_REMARK","2","VOR UNMONITORED.","2","Modified","REMARK"
"2025/02/20","JAX","VOT","FL","JACKSONVILLE","US","NAVIGATION_AID","GENERAL_REMARK","1","ON AGENCY BLDG ADJACENT TO TERMINAL","2","Deleted",""
"2025/02/20","JAX","VOT","FL","JACKSONVILLE","US","NAVIGATION_AID","GENERAL_REMARK","2","VOT UNUSBL EAST OF TXY F.","2","Deleted",""
"2025/02/20","KOA","VORTAC","HI","KAILUA/KONA","US","NAVIGATION_AID","GENERAL_REMARK","4","TACAN AZM UNUSBL 065-110; 215-280 BYD 13 NM BLW 2000 FT; 215-280 BYD 18 NM.","2","Deleted",""
"2025/02/20","KOA","VORTAC","HI","KAILUA/KONA","US","NAVIGATION_AID","GENERAL_REMARK","5","VOR UNUSBL 040-110.","2","Deleted",""
"2025/02/20","KOA","VORTAC","HI","KAILUA/KONA","US","NAVIGATION_AID","GENERAL_REMARK","7","DME UNUSBL 065-110; 215-280 BYD 13 NM BLW 2000 FT; 215-280 BYD 18 NM.","2","Deleted",""
"2025/02/20","ONP","VORTAC","OR","NEWPORT","US","NAVIGATION_AID","GENERAL_REMARK","1","TACAN AZM UNUSBL 011-051 BYD 35 NM BLW 6000 FT; 061-116 BYD 35 NM BLW 7000 FT; 116-136 BYD 35 NM BLW 8000 FT; 136-166 BYD 35 NM BLW 5000 FT; 346-011 BYD 35 NM BLW 5000 FT.","1","Modified","REMARK"
"2025/03/20","ONP","VORTAC","OR","NEWPORT","US","NAVIGATION_AID","GENERAL_REMARK","1","TACAN AZM UNUSBL 011-051 BYD 35 NM BLW 6000 FT; 061-115 BYD 35 NM BLW 7000 FT; 116-136 BYD 35 NM BLW 8000 FT; 137-166 BYD 35 NM BLW 5000 FT; 346-010 BYD 35 NM BLW 5000 FT.","2","Modified","REMARK"
"2025/02/20","ONP","VORTAC","OR","NEWPORT","US","NAVIGATION_AID","GENERAL_REMARK","2","DME UNUSBL 011-051 BYD 35 NM BLW 6000 FT; 061-116 BYD 35 NM BLW 7000 FT; 116-136 BYD 35 NM BLW 8000 FT; 136-166 BYD 35 NM BLW 5000 FT; 346-011 BYD 35 NM BLW 5000 FT.","1","Modified","REMARK"
"2025/03/20","ONP","VORTAC","OR","NEWPORT","US","NAVIGATION_AID","GENERAL_REMARK","2","DME UNUSBL 011-051 BYD 35 NM BLW 6000 FT; 061-115 BYD 35 NM BLW 7000 FT; 116-136 BYD 35 NM BLW 8000 FT; 137-166 BYD 35 NM BLW 5000 FT; 346-010 BYD 35 NM BLW 5000 FT.","2","Modified","REMARK"
"2025/02/20","ONP","VORTAC","OR","NEWPORT","US","NAVIGATION_AID","GENERAL_REMARK","3","VOR UNUSBL 011-051 BYD 35 NM BLW 6000 FT; 024-034 BYD 40 NM BLW 10500 FT; 024-034 BYD 71 NM; 035-163 BYD 40 NM; 061-116 BYD 35 NM BLW 7000 FT; 116-136 BYD 35 NM BLW 8000 FT; 136-166 BYD 35 NM BLW 5000 FT; 164-180 BYD 40 NM BLW 7500 FT; 164-180 BYD 75 NM; 340-355 BYD 40 NM BLW 8000 FT; 340-355 BYD 71 NM; 346-011 BYD 35 NM BLW 5000 FT; 356-023 BYD 40 NM.","1","Modified","REMARK"
"2025/03/20","ONP","VORTAC","OR","NEWPORT","US","NAVIGATION_AID","GENERAL_REMARK","3","VOR UNUSBL 011-051 BYD 35 NM BLW 6000 FT; 024-034 BYD 40 NM BLW 10500 FT; 024-034 BYD 71 NM; 035-163 BYD 40 NM; 061-115 BYD 35 NM BLW 7000 FT; 116-136 BYD 35 NM BLW 8000 FT; 137-166 BYD 35 NM BLW 5000 FT; 164-180 BYD 40 NM BLW 7500 FT; 164-180 BYD 75 NM; 340-355 BYD 40 NM BLW 8000 FT; 340-355 BYD 71 NM; 346-010 BYD 35 NM BLW 5000 FT; 356-023 BYD 40 NM.","2","Modified","REMARK"
"2025/02/20","OTK","VOR/DME","GA","VALDOSTA","US","NAVIGATION_AID","GENERAL_REMARK","1","VOR UNUSBL 175-205 BYD 40 NM; 206-216 BYD 40 NM BLW 3000 FT; 206-216 BYD 71 NM; 217-224 BYD 40 NM; 225-235 BYD 40 NM BLW 7000 FT; 225-235 BYD 80 NM; 236-245 BYD 40 NM.","1","Modified","REMARK"
"2025/03/20","OTK","VOR/DME","GA","VALDOSTA","US","NAVIGATION_AID","GENERAL_REMARK","1","VOR UNUSBL 175-205 BYD 40 NM; 206-216 BYD 40 NM BLW 3000 FT; 206-216 BYD 71 NM; 215-225 BYD 40 NM BLW 7000 FT; 215-225 BYD 66 NM; 225-235 BYD 40 NM BLW 7000 FT; 225-235 BYD 80 NM; 236-245 BYD 40 NM.","2","Modified","REMARK"
"2025/02/20","TUS","VORTAC","AZ","TUCSON","US","NAVIGATION_AID","GENERAL_REMARK","1","VOR UNUSBL 050-080 BYD 30 NM BLW 11500 FT; 066-076 BYD 40 NM BLW 11500 FT; 066-076 BYD 48 NM; 077-131 BYD 40 NM; 141-164 BYD 40 NM; 191-231 BYD 40 NM; 245-249 BYD 40 NM; 290-300 BYD 40 NM BLW 8000 FT; 290-300 BYD 52 NM; 330-341 BYD 40 NM BLW 9000 FT; 330-341 BYD 52 NM; 342-065 BYD 40 NM; 350-020 BYD 30 NM BLW 13000 FT.","1","Modified","REMARK"
"2025/03/20","TUS","VORTAC","AZ","TUCSON","US","NAVIGATION_AID","GENERAL_REMARK","1","VOR UNUSBL 050-080 BYD 30 NM BLW 11500 FT; 066-076 BYD 40 NM BLW 11500 FT; 066-076 BYD 48 NM; 077-131 BYD 40 NM; 141-164 BYD 40 NM; 191-231 BYD 40 NM; 245-249 BYD 40 NM; 275-285; 290-300 BYD 40 NM BLW 8000 FT; 290-300 BYD 52 NM; 330-341 BYD 40 NM BLW 9000 FT; 330-341 BYD 52 NM; 342-065 BYD 40 NM; 350-020 BYD 30 NM BLW 13000 FT.","2","Modified","REMARK"
"2025/02/20","VAD","TACAN","GA","VALDOSTA","US","NAVIGATION_AID","GENERAL_REMARK","4","TAC UNUSBL 065-075 BYD 18NM BLO 7100FT.","1","Modified","REMARK"
"2025/03/20","VAD","TACAN","GA","VALDOSTA","US","NAVIGATION_AID","GENERAL_REMARK","4","TAC UNUSBL 065-075 BYD 18 NM BLW 7100 FT.","2","Modified","REMARK"
"2025/03/20","KOA","VORTAC","HI","KAILUA-KONA","US","NAVIGATION_AID","GENERAL_REMARK","4","TACAN AZM UNUSBL 065-110; 215-280 BYD 13 NM BLW 2000 FT; 215-280 BYD 18 NM.","2","Added",""
"2025/03/20","KOA","VORTAC","HI","KAILUA-KONA","US","NAVIGATION_AID","GENERAL_REMARK","5","VOR UNUSBL 040-110.","2","Added",""
"2025/03/20","KOA","VORTAC","HI","KAILUA-KONA","US","NAVIGATION_AID","GENERAL_REMARK","7","DME UNUSBL 065-110; 215-280 BYD 13 NM BLW 2000 FT; 215-280 BYD 18 NM.","2","Added",""
"2025/03/20","NOG","TACAN","TX","ORANGE GROVE","US","NAVIGATION_AID","GENERAL_REMARK","2","DME UNUSBL 136-156.","2","Added",""
"2025/03/20","NQI","TACAN","TX","KINGSVILLE","US","NAVIGATION_AID","GENERAL_REMARK","1","DME UNUSBL 071-091.","2","Added",""
"2025/03/20","TYI","VORTAC","NC","ROCKY MOUNT","US","NAVIGATION_AID","GENERAL_REMARK","2","TAC AZ UNUSBL 008-018 BYD 27 NM; 120-127 BYD 33 NM; 284-289.","2","Added",""
"2025/03/20","TYI","VORTAC","NC","ROCKY MOUNT","US","NAVIGATION_AID","GENERAL_REMARK","3","DME UNUSBL 008-018 BYD 27 NM; 120-127 BYD 33 NM; 209-215 BYD 30 NM; 287-292 BYD 38 NM; 339-347 BYD 30 NM.","2","Added",""
