"EFF_DATE","SITE_NO","SITE_TYPE_CODE","STATE_CODE","ARPT_ID","CITY","COUNTRY_CODE","SKED_SEQ_NO","MONTH","DAY","HOUR","File","Action","Mods"
"2025/01/23","00782.","A","AZ","SAD","SAFFORD","US","1","ALL","MON-SAT","0800-1700","1","Modified","DAY HOUR"
"2025/02/20","00782.","A","AZ","SAD","SAFFORD","US","1","ALL","ALL","0630-1830","2","Modified","DAY HOUR"
"2025/01/23","01866.","A","CA","MPI","MARIPOSA","US","4","ALL","SAT-SUN","1000-1400","2","Deleted",""
"2025/01/23","02624.01","H","CO","28CO","GRAND JUNCTION","US","1","IREG","","","2","Deleted",""
"2025/01/23","03419.1","A","FL","PHK","PAHOKEE","US","1","ALL","ALL","0800-1700","1","Modified","HOUR"
"2025/02/20","03419.1","A","FL","PHK","PAHOKEE","US","1","ALL","ALL","0800-1800","2","Modified","HOUR"
"2025/01/23","03507.","A","FL","SUA","STUART","US","1","ALL","ALL","0800-2300","1","Modified","HOUR"
"2025/02/20","03507.","A","FL","SUA","STUART","US","1","ALL","ALL","0600-2200","2","Modified","HOUR"
"2025/01/23","03554.2","A","FL","F45","WEST PALM BEACH","US","1","ALL","ALL","0600-2200","1","Modified","HOUR"
"2025/02/20","03554.2","A","FL","F45","WEST PALM BEACH","US","1","ALL","ALL","ALL","2","Modified","HOUR"
"2025/01/23","04567.06","A","IL","IS80","DE KALB","US","1","UNATNDD","","","2","Deleted",""
"2025/01/23","04694.6","A","IL","16IS","GOREVILLE","US","1","UNATNDD","","","2","Deleted",""
"2025/01/23","04759.1","A","IL","2IS4","ILLINOIS CITY","US","1","UNATNDD","","","2","Deleted",""
"2025/01/23","04855.61","A","IL","3LL3","MARSHALL","US","1","UNATNDD","","","2","Deleted",""
"2025/01/23","04899.5","A","IL","6LL0","NEOGA","US","1","UNATNDD","","","2","Deleted",""
"2025/01/23","05027.7","H","IL","5IS6","TOULON","US","1","UNATNDD","","","2","Deleted",""
"2025/01/23","05054.","A","IL","3IS7","WENONA","US","1","UNATNDD","","","2","Deleted",""
"2025/01/23","07239.1","A","KY","LOZ","LONDON","US","3","APR-OCT","MON-FRI","0700-2000","2","Deleted",""
"2025/01/23","07239.1","A","KY","LOZ","LONDON","US","4","APR-OCT","SAT-SUN","0800-2000","2","Deleted",""
"2025/01/23","07239.1","A","KY","LOZ","LONDON","US","5","NOV-MAR","MON-FRI","0700-1900","2","Deleted",""
"2025/01/23","07239.1","A","KY","LOZ","LONDON","US","7","NOV-MAR","SAT-SUN","0800-1900","2","Deleted",""
"2025/01/23","07722.2","A","LA","APS","RESERVE","US","1","ALL","MON-FRI","0700-1630","1","Modified","HOUR"
"2025/02/20","07722.2","A","LA","APS","RESERVE","US","1","ALL","MON-FRI","0700-1700","2","Modified","HOUR"
"2025/01/23","12074.","A","MO","STJ","ST JOSEPH","US","1","ALL","MON-FRI","0700-1900","1","Modified","DAY HOUR"
"2025/02/20","12074.","A","MO","STJ","ST JOSEPH","US","1","ALL","FRI-TUE","0800-1600","2","Modified","DAY HOUR"
"2025/01/23","12074.","A","MO","STJ","ST JOSEPH","US","2","ALL","SAT-SUN","0800-1600","1","Modified","DAY HOUR"
"2025/02/20","12074.","A","MO","STJ","ST JOSEPH","US","2","ALL","WED-THU","0800-0000","2","Modified","DAY HOUR"
"2025/01/23","19883.02","H","PA","PS85","BLOOMSBURG","US","1","UNATNDD","","","2","Deleted",""
"2025/01/23","21590.02","A","PA","17PS","TIDIOUTE","US","1","UNATNDD","","","2","Deleted",""
"2025/01/23","21620.","A","PA","1PN1","TRANSFER","US","1","UNATNDD","","","2","Deleted",""
"2025/01/23","22798.02","H","SD","SD91","SPEARFISH","US","1","UNATNDD","","","2","Deleted",""
"2025/01/23","22808.16","H","SD","SD26","STURGIS","US","1","UNATNDD","","","2","Deleted",""
"2025/01/23","22993.1","A","TN","GCY","GREENEVILLE","US","1","ALL","MON-FRI","0730-1730","2","Deleted",""
"2025/01/23","22993.1","A","TN","GCY","GREENEVILLE","US","2","ALL","SUN","1000-1730","2","Deleted",""
"2025/01/23","22993.1","A","TN","GCY","GREENEVILLE","US","3","ALL","SAT","0800-1730","2","Deleted",""
"2025/01/23","25385.02","H","VT","VT36","BURLINGTON","US","1","UNATNDD","","","2","Deleted",""
"2025/01/23","27281.35","A","WI","UNU","JUNEAU","US","1","ALL","ALL","0700-2000","1","Modified","HOUR"
"2025/02/20","27281.35","A","WI","UNU","JUNEAU","US","1","ALL","ALL","0700-1900","2","Modified","HOUR"
"2025/01/23","27805.","A","WY","GUR","GUERNSEY","US","1","APR-SEP","MON-FRI","1400-0600Z++","1","Modified","HOUR"
"2025/02/20","27805.","A","WY","GUR","GUERNSEY","US","1","APR-SEP","MON-FRI","1400-0500Z++","2","Modified","HOUR"
"2025/01/23","27805.","A","WY","GUR","GUERNSEY","US","2","OCT-MAR","MON-FRI","1500-0500Z++","1","Modified","HOUR"
"2025/02/20","27805.","A","WY","GUR","GUERNSEY","US","2","OCT-MAR","MON-FRI","1500-0600Z++","2","Modified","HOUR"
"2025/01/23","27834.","A","WY","LAR","LARAMIE","US","1","ALL","ALL","0500-2100","1","Modified","MONTH HOUR"
"2025/02/20","27834.","A","WY","LAR","LARAMIE","US","1","OCT - APR","ALL","0600-1900","2","Modified","MONTH HOUR"
"2025/01/23","27867.01","H","WY","WY28","PINEDALE","US","1","ALL","ALL","ALL","2","Deleted",""
"2025/02/20","03561.01","A","FL","23FL","WIMAUMA","US","1","UNATNDD","","","2","Added",""
"2025/02/20","07110.11","A","KY","10KY","ELKTON","US","1","UNATNDD","","","2","Added",""
"2025/02/20","07239.1","A","KY","LOZ","LONDON","US","1","ALL","ALL","0700-1900","2","Added",""
"2025/02/20","07722.2","A","LA","APS","RESERVE","US","2","ALL","SAT-SUN","0700-1200","2","Added",""
"2025/02/20","16308.14","H","NY","NY86","UTICA","US","1","UNATNDD","","","2","Added",""
"2025/02/20","22993.1","A","TN","GCY","GREENEVILLE","US","4","APR-OCT","","0800-1830","2","Added",""
"2025/02/20","22993.1","A","TN","GCY","GREENEVILLE","US","5","NOV-MAR","","0800-1730","2","Added",""
"2025/02/20","23368.05","A","TX","8XA6","AUBREY","US","1","UNATNDD","","","2","Added",""
"2025/02/20","23848.13","A","TX","7TA4","FAIRFIELD","US","1","UNATNDD","","","2","Added",""
"2025/02/20","24350.61","A","TX","13TT","MICO","US","1","UNATNDD","","","2","Added",""
"2025/02/20","27834.","A","WY","LAR","LARAMIE","US","2","MAY-SEPT","ALL","0600-2000","2","Added",""
