"EFF_DATE","SITE_NO","SITE_TYPE_CODE","STATE_CODE","ARPT_ID","CITY","COUNTRY_CODE","TITLE","NAME","ADDRESS1","ADDRESS2","TITLE_CITY","STATE","ZIP_CODE","ZIP_PLUS_FOUR","PHONE_NO","File","Action","Mods"
"2025/01/23","00653.01","A","AZ","E91","CHINLE","US","MANAGER","RAINEY CRAWFORD","P.O. BOX 4620","","WINDOW ROCK","AZ","86515","","(505) 728-2804","1","Modified","PHONE_NO"
"2025/02/20","00653.01","A","AZ","E91","CHINLE","US","MANAGER","RAINEY CRAWFORD","P.O. BOX 4620","","WINDOW ROCK","AZ","86515","","505-728-2804","2","Modified","PHONE_NO"
"2025/01/23","00753.","A","AZ","IWA","PHOENIX","US","MANAGER","J. BRIAN O'NEILL","PHX-MESA GATEWAY AIRPORT AUTHORITY","5835 S. SOSSAMAN ROAD","MESA","AZ","85212","0919","480-988-7708","1","Modified","NAME"
"2025/02/20","00753.","A","AZ","IWA","PHOENIX","US","MANAGER","J BRIAN ONEILL","PHX-MESA GATEWAY AIRPORT AUTHORITY","5835 S. SOSSAMAN ROAD","MESA","AZ","85212","0919","480-988-7708","2","Modified","NAME"
"2025/01/23","00753.","A","AZ","IWA","PHOENIX","US","OWNER","PHX MESA GATEWAY AIRPORT AUTHORITY","5835 S. SOSSAMAN RD","","MESA","AZ","85212","0919","480-988-7570","1","Modified","NAME"
"2025/02/20","00753.","A","AZ","IWA","PHOENIX","US","OWNER","MESA GATEWAY ARPT AUTH","5835 S. SOSSAMAN RD","","MESA","AZ","85212","0919","480-988-7570","2","Modified","NAME"
"2025/01/23","00754.","A","AZ","PHX","PHOENIX","US","MANAGER","CHAD R. MAKOVSKY","2485 E BUCKEYE RD","","PHOENIX","AZ","85034","","602-273-3302","1","Modified","NAME"
"2025/02/20","00754.","A","AZ","PHX","PHOENIX","US","MANAGER","CHAD MAKOVSKY","2485 E BUCKEYE RD","","PHOENIX","AZ","85034","","602-273-3302","2","Modified","NAME"
"2025/01/23","00785.","A","AZ","2AZ1","SALOME","US","MANAGER","DOUG BEERY","PO BOX 4","","SALOME","AZ","85348","","505-320-1034","1","Modified","NAME ADDRESS1 PHONE_NO"
"2025/02/20","00785.","A","AZ","2AZ1","SALOME","US","MANAGER","BRETT FRAZIER","PO BOX 2815","","SALOME","AZ","85348","","541-948-1316","2","Modified","NAME ADDRESS1 PHONE_NO"
"2025/01/23","00823.","A","AZ","E24","WHITERIVER","US","MANAGER","LAREESA SANCHEZ","P.O. BOX 1710","","WHITERIVER","AZ","85941","","(928) 338-5155","1","Modified","PHONE_NO"
"2025/02/20","00823.","A","AZ","E24","WHITERIVER","US","MANAGER","LAREESA SANCHEZ","P.O. BOX 1710","","WHITERIVER","AZ","85941","","928-338-5155","2","Modified","PHONE_NO"
"2025/01/23","00886.8","A","AR","VBT","BENTONVILLE","US","MANAGER","DENNIS BIRGE","1000 SW 14TH STREET","","BENTONVILLE","AR","72712","","479-409-3958","1","Modified","NAME"
"2025/02/20","00886.8","A","AR","VBT","BENTONVILLE","US","MANAGER","MARK SLAUGHTER","1000 SW 14TH STREET","","BENTONVILLE","AR","72712","","479-409-3958","2","Modified","NAME"
"2025/01/23","00999.58","A","AR","1AR6","GREERS FERRY","US","MANAGER","RONALD KLEIN","712 DIAMOND BLUFF RD","","QUITMAN","AR","72131","","501-825-7083","1","Modified","NAME PHONE_NO"
"2025/02/20","00999.58","A","AR","1AR6","GREERS FERRY","US","MANAGER","ALLEN RAULSTON","712 DIAMOND BLUFF RD","","QUITMAN","AR","72131","","870-930-6763","2","Modified","NAME PHONE_NO"
"2025/01/23","01348.","A","CA","2CL1","BROWNSVILLE","US","MANAGER","BROWNSVILLE AIRPARK LLC","PO BOX 162","","BROWNSVILLE","CA","95919","","330-442-7402","1","Modified","PHONE_NO"
"2025/02/20","01348.","A","CA","2CL1","BROWNSVILLE","US","MANAGER","BROWNSVILLE AIRPARK LLC","PO BOX 162","","BROWNSVILLE","CA","95919","","916-591-2602","2","Modified","PHONE_NO"
"2025/01/23","02126.","A","CA","MHR","SACRAMENTO","US","MANAGER","LARRY FLESHMAN","10425 NORDEN AVE","","MATHER","CA","95655","","916-875-6760","1","Modified","NAME PHONE_NO"
"2025/02/20","02126.","A","CA","MHR","SACRAMENTO","US","MANAGER","RON OGLE","10425 NORDEN AVE","","MATHER","CA","95655","","916-875-7077","2","Modified","NAME PHONE_NO"
"2025/01/23","02624.01","H","CO","28CO","GRAND JUNCTION","US","MANAGER","BUREAU OF LAND MANAGEMENT","PO BOX 60189","","GRAND JUNCTION","CO","81506","","303-245-4988","2","Deleted",""
"2025/01/23","02624.01","H","CO","28CO","GRAND JUNCTION","US","OWNER","BUREAU OF LAND MANAGEMENT","PO BOX 60189","","GRAND JUNCTION","CO","81506","","303-245-4988","2","Deleted",""
"2025/01/23","03153.","A","FL","54J","DEFUNIAK SPRINGS","US","MANAGER","KOBY TOWNESEND","1931 US HIGHWAY 90 W","","DE FUNIAK SPRINGS","FL","32435","","(850) 892-2000","1","Modified","NAME PHONE_NO"
"2025/02/20","03153.","A","FL","54J","DEFUNIAK SPRINGS","US","MANAGER","ANDRE LEWIS-KENT","1931 US HIGHWAY 90 W","","DE FUNIAK SPRINGS","FL","32435","","850-892-2000","2","Modified","NAME PHONE_NO"
"2025/01/23","03308.581","A","FL","FL10","MC ALPIN","US","MANAGER","PRESIDENT, FLRHA","PO BOX 81","","MC ALPIN","FL","32062","","(386) 963-4432","1","Modified","PHONE_NO"
"2025/02/20","03308.581","A","FL","FL10","MC ALPIN","US","MANAGER","PRESIDENT, FLRHA","PO BOX 81","","MC ALPIN","FL","32062","","386-963-3328","2","Modified","PHONE_NO"
"2025/01/23","03507.","A","FL","SUA","STUART","US","OWNER","MARTIN COUNTY","2011 SOUTHEAST AIRPORT ROAD","","STUART","FL","34996","","772-221-2374","1","Modified","ADDRESS1"
"2025/02/20","03507.","A","FL","SUA","STUART","US","OWNER","MARTIN COUNTY","2401 SE MONTEREY RD","","STUART","FL","34996","","772-221-2374","2","Modified","ADDRESS1"
"2025/01/23","03555.1","A","FL","LNA","WEST PALM BEACH","US","MANAGER","LAURA BEEBE","846 PALM BEACH INTL AIRPORT","","WEST PALM BEACH","FL","33406","1470","(561) 471-7420","1","Modified","PHONE_NO"
"2025/02/20","03555.1","A","FL","LNA","WEST PALM BEACH","US","MANAGER","LAURA BEEBE","846 PALM BEACH INTL AIRPORT","","WEST PALM BEACH","FL","33406","1470","561-471-7405","2","Modified","PHONE_NO"
"2025/01/23","03646.05","H","GA","4GA2","AUGUSTA","US","MANAGER","MICHAEL WILLIS","11210 15TH ST BBM520","","AUGUSTA","GA","30912","5000","706-755-9614","1","Modified","NAME ADDRESS1 PHONE_NO"
"2025/02/20","03646.05","H","GA","4GA2","AUGUSTA","US","MANAGER","ZACHARY LANCASTER","1470 CARGO ROAD","","AUGUSTA","GA","30912","5000","706-721-8378","2","Modified","NAME ADDRESS1 PHONE_NO"
"2025/01/23","03646.05","H","GA","4GA2","AUGUSTA","US","OWNER","MEDICAL COLLEGE OF GEORGIA","1120 A5TH STREET","","AUGUSTA","GA","30912","5000","706-721-0211","1","Modified","NAME ADDRESS1"
"2025/02/20","03646.05","H","GA","4GA2","AUGUSTA","US","OWNER","WELLSTAR MCG HEALTH","1120 5TH STREET","","AUGUSTA","GA","30912","5000","706-721-0211","2","Modified","NAME ADDRESS1"
"2025/01/23","04071.","A","GA","VLD","VALDOSTA","US","MANAGER","CHUCK MILLER","1750 AIRPORT ROAD","SUITE 1","VALDOSTA","GA","31601","","229-333-1833","1","Modified","NAME"
"2025/02/20","04071.","A","GA","VLD","VALDOSTA","US","MANAGER","TIM HOOD","1750 AIRPORT ROAD","SUITE 1","VALDOSTA","GA","31601","","229-333-1833","2","Modified","NAME"
"2025/01/23","04533.1","A","IL","IL82","CLINTON","US","MANAGER","RANDY MARTIN","16578 AIRPORT ROAD","","CLINTON","IL","61727","","217-736-2470","1","Modified","NAME PHONE_NO"
"2025/02/20","04533.1","A","IL","IL82","CLINTON","US","MANAGER","B MARTIN","16578 AIRPORT ROAD","","CLINTON","IL","61727","","217-369-8309","2","Modified","NAME PHONE_NO"
"2025/01/23","04533.1","A","IL","IL82","CLINTON","US","OWNER","RANDY MARTIN","16578 AIRPORT ROAD","","CLINTON","IL","61727","","","1","Modified","NAME"
"2025/02/20","04533.1","A","IL","IL82","CLINTON","US","OWNER","BRENDA MARTIN","16578 AIRPORT ROAD","","CLINTON","IL","61727","","","2","Modified","NAME"
"2025/01/23","04555.11","H","IL","IL18","CRYSTAL LAKE","US","MANAGER","RANDY WHITE","800 S. ROUTE 31","","CRYSTAL LAKE","IL","60014","","815-477-7000","1","Modified","NAME"
"2025/02/20","04555.11","H","IL","IL18","CRYSTAL LAKE","US","MANAGER","RAJA MATHEW","800 S. ROUTE 31","","CRYSTAL LAKE","IL","60014","","815-477-7000","2","Modified","NAME"
"2025/01/23","04567.06","A","IL","IS80","DE KALB","US","MANAGER","ANTHONY FAIVRE","8242 S. MALTA RD","","DE KALB","IL","60115","","815-513-2282","2","Deleted",""
"2025/01/23","04567.06","A","IL","IS80","DE KALB","US","OWNER","CHARLES J. FAIVRE FARMS LLC","8242 S. MALTA RD","","DE KALB","IL","60115","","815-756-6011","2","Deleted",""
"2025/01/23","04694.6","A","IL","16IS","GOREVILLE","US","MANAGER","","","","","","","","","2","Deleted",""
"2025/01/23","04694.6","A","IL","16IS","GOREVILLE","US","OWNER","JAMES KELLUMS","395 PULLEYS MILL RD","","GOREVILLE","IL","62939","","618-995-9067","2","Deleted",""
"2025/01/23","04759.1","A","IL","2IS4","ILLINOIS CITY","US","MANAGER","CARL RITTER","18127  322 ST W","","ILLINOIS CITY","IL","61259","","563-260-0634","2","Deleted",""
"2025/01/23","04759.1","A","IL","2IS4","ILLINOIS CITY","US","OWNER","JUNE SVOBODA","18123  322 ST W","","ILLINOIS CITY","IL","61259","","309-537-3295","2","Deleted",""
"2025/01/23","04838.23","H","IL","IL33","MC LEANSBORO","US","MANAGER","CHRIS RUSSELL","18033 COUNTY RD 500 EAST","","DAHLGREN","IL","62828","","(618) 648-2613","1","Modified","PHONE_NO"
"2025/02/20","04838.23","H","IL","IL33","MC LEANSBORO","US","MANAGER","CHRIS RUSSELL","18033 COUNTY RD 500 EAST","","DAHLGREN","IL","62828","","618-599-8938","2","Modified","PHONE_NO"
"2025/01/23","04838.23","H","IL","IL33","MC LEANSBORO","US","OWNER","WHITE OAK RESOURCES LLC","18033 COUNTY RD 500 EAST","","DAHLGREN","IL","62828","","(618) 648-2613","1","Modified","NAME PHONE_NO"
"2025/02/20","04838.23","H","IL","IL33","MC LEANSBORO","US","OWNER","HAMILTON COUNTY COAL","18033 COUNTY RD 500 EAST","","DAHLGREN","IL","62828","","618-308-2972","2","Modified","NAME PHONE_NO"
"2025/01/23","04855.61","A","IL","3LL3","MARSHALL","US","MANAGER","CLARK COUNTY SHERIFF","","","MARSHALL","IL","62441","","217-826-6393","2","Deleted",""
"2025/01/23","04855.61","A","IL","3LL3","MARSHALL","US","OWNER","DANIEL JOSEPH KIBLER","20623 N 2000 ST","","MARSHALL","IL","62441","","217-826-2990","2","Deleted",""
"2025/01/23","04867.3","A","IL","81IL","MINIER","US","MANAGER","JEFF HAYES","408 W. VIRGINIA AVE","","NORMAL","IL","61761","","309-712-4631","1","Modified","NAME ADDRESS1 TITLE_CITY ZIP_CODE PHONE_NO"
"2025/02/20","04867.3","A","IL","81IL","MINIER","US","MANAGER","MIKE CRUCE","13900 AIRPORT LANE","","PEKIN","IL","61554","","309-346-3384","2","Modified","NAME ADDRESS1 TITLE_CITY ZIP_CODE PHONE_NO"
"2025/01/23","04867.3","A","IL","81IL","MINIER","US","OWNER","IL VALLEY PARACHUTE CLUB","C/O JEFF HAYES","408 W. VIRGINIA AVE.","NORMAL","IL","61761","","309-712-4631","1","Modified","NAME ADDRESS1 TITLE_CITY ZIP_CODE PHONE_NO"
"2025/02/20","04867.3","A","IL","81IL","MINIER","US","OWNER","ILLINOIS ANTIQUE AIRFIELD","13900 AIRPORT LANE","408 W. VIRGINIA AVE.","PEKIN","IL","61554","","309-346-3384","2","Modified","NAME ADDRESS1 TITLE_CITY ZIP_CODE PHONE_NO"
"2025/01/23","04899.5","A","IL","6LL0","NEOGA","US","MANAGER","RODNEY J. WILLIAMSON","241 COUNTY ROAD 1000N","","NEOGA","IL","62447","","217-895-2420","2","Deleted",""
"2025/01/23","04899.5","A","IL","6LL0","NEOGA","US","OWNER","RODNEY J. WILLIAMSON","241 COUNTY ROAD 1000N","","NEOGA","IL","62447","","217-895-2420","2","Deleted",""
"2025/01/23","05027.7","H","IL","5IS6","TOULON","US","MANAGER","DWAIN WEBSTER","6537 TOWNSHIP RD 900 N","","TOULON","IL","61483","","309-286-7230","2","Deleted",""
"2025/01/23","05027.7","H","IL","5IS6","TOULON","US","OWNER","DWAIN WEBSTER","6537 TOWNSHIP RD 900 N","","TOULON","IL","61483","","309-286-7230","2","Deleted",""
"2025/01/23","05054.","A","IL","3IS7","WENONA","US","MANAGER","JOHN E. FOOTE","2848 EVANS ROAD","","WENONA","IL","61377","","815-853-4072","2","Deleted",""
"2025/01/23","05054.","A","IL","3IS7","WENONA","US","OWNER","JOHN E. FOOTE","2848 EVANS ROAD","","WENONA","IL","61377","","815-853-4072","2","Deleted",""
"2025/01/23","06519.5","A","KS","8KS8","CHAPMAN","US","MANAGER","EDUARDO MATTA FIGUEROA","2067 2200 AVE","","CHAPMAN","KS","67431","","785-210-9454","1","Modified","PHONE_NO"
"2025/02/20","06519.5","A","KS","8KS8","CHAPMAN","US","MANAGER","EDUARDO MATTA FIGUEROA","2067 2200 AVE","","CHAPMAN","KS","67431","","334-470-7525","2","Modified","PHONE_NO"
"2025/01/23","06519.5","A","KS","8KS8","CHAPMAN","US","OWNER","EDUARDO MATTA FIGUEROA","2067 2200 AVE","","CHAPMAN","KS","67431","","(785) 210-9454","1","Modified","PHONE_NO"
"2025/02/20","06519.5","A","KS","8KS8","CHAPMAN","US","OWNER","EDUARDO MATTA FIGUEROA","2067 2200 AVE","","CHAPMAN","KS","67431","","334-470-7525","2","Modified","PHONE_NO"
"2025/01/23","06822.","A","KS","K67","OSWEGO","US","MANAGER","CALVIN JURGENSEN","PO BOX 210","","OSWEGO","KS","67356","","(620) 429-0297","1","Modified","ADDRESS1 ADDRESS2 PHONE_NO"
"2025/02/20","06822.","A","KS","K67","OSWEGO","US","MANAGER","CALVIN JURGENSEN","11570 SW WYANDOTTE RD","PO BOX 210","OSWEGO","KS","67356","","620-429-0297","2","Modified","ADDRESS1 ADDRESS2 PHONE_NO"
"2025/01/23","06894.","A","KS","2KS2","SEVERY","US","MANAGER","GAYLE M STUBER","1905 AIRPORT RD","","LAWRENCE","KS","66044","","785-842-0832","1","Modified","ADDRESS1 TITLE_CITY ZIP_CODE"
"2025/02/20","06894.","A","KS","2KS2","SEVERY","US","MANAGER","GAYLE M STUBER","368 P. ROAD","","SEVERY","KS","67137","","785-842-0832","2","Modified","ADDRESS1 TITLE_CITY ZIP_CODE"
"2025/01/23","06894.","A","KS","2KS2","SEVERY","US","OWNER","ALLAN B STUBER","1905 AIRPORT RD","","LAWRENCE","KS","66044","","785-766-2019","1","Modified","ADDRESS1 TITLE_CITY ZIP_CODE"
"2025/02/20","06894.","A","KS","2KS2","SEVERY","US","OWNER","ALLAN B STUBER","368 P. ROAD","","SEVERY","KS","67137","","785-766-2019","2","Modified","ADDRESS1 TITLE_CITY ZIP_CODE"
"2025/01/23","07233.02","H","KY","82CD","LEXINGTON","US","MANAGER","GAYLE GAVIN","5751 BRIAR HILL RD","BLDG 193","LEXINGTON","KY","40516","","(859) 566-4392","1","Modified","PHONE_NO"
"2025/02/20","07233.02","H","KY","82CD","LEXINGTON","US","MANAGER","GAYLE GAVIN","5751 BRIAR HILL RD","BLDG 193","LEXINGTON","KY","40516","","859-566-4392","2","Modified","PHONE_NO"
"2025/01/23","07233.02","H","KY","82CD","LEXINGTON","US","OWNER","KENTUCY DEP OF MILITARY AFFAIRS","5751 BRIAR HILL RD","BLDG 18","LEXINGTON","KY","40516","","(859) 293-3203","1","Modified","NAME PHONE_NO"
"2025/02/20","07233.02","H","KY","82CD","LEXINGTON","US","OWNER","KENTUCKY DEP OF MILITARY AFFAIRS","5751 BRIAR HILL RD","BLDG 18","LEXINGTON","KY","40516","","859-293-3203","2","Modified","NAME PHONE_NO"
"2025/01/23","07312.","A","KY","PAH","PADUCAH","US","MANAGER","DENNIS ROULEAU","2901 FISHER RD","PO BOX 38","WEST PADUCAH","KY","42086","1131","270-744-0521","1","Modified","ADDRESS1 ADDRESS2"
"2025/02/20","07312.","A","KY","PAH","PADUCAH","US","MANAGER","DENNIS ROULEAU","100 TERMINAL DRIVE","","WEST PADUCAH","KY","42086","1131","270-744-0521","2","Modified","ADDRESS1 ADDRESS2"
"2025/01/23","07312.","A","KY","PAH","PADUCAH","US","OWNER","BARKLEY REGIONAL AIRPORT AUTHORITY","2901 FISHER RD","PO BOX 38","WEST PADUCAH","KY","42086","1131","270-744-0521","1","Modified","ADDRESS1 ADDRESS2"
"2025/02/20","07312.","A","KY","PAH","PADUCAH","US","OWNER","BARKLEY REGIONAL AIRPORT AUTHORITY","100 TERMINAL DRIVE","","WEST PADUCAH","KY","42086","1131","270-744-0521","2","Modified","ADDRESS1 ADDRESS2"
"2025/01/23","07722.2","A","LA","APS","RESERVE","US","MANAGER","CHANSE P  WATSON","355 AIRPORT ROAD","","RESERVE","LA","70084","","985-212-1712","1","Modified","PHONE_NO"
"2025/02/20","07722.2","A","LA","APS","RESERVE","US","MANAGER","CHANSE P  WATSON","355 AIRPORT ROAD","","RESERVE","LA","70084","","985-536-1999","2","Modified","PHONE_NO"
"2025/01/23","07786.07","H","LA","1LA6","WEST MONROE","US","MANAGER","CARLOS SANCHEZ","GLENWOOD REG. MED CTR","503 MILLIAN RD","WEST MONROE","LA","71291","","863-668-1335","1","Modified","NAME PHONE_NO"
"2025/02/20","07786.07","H","LA","1LA6","WEST MONROE","US","MANAGER","MICHAEL NOALN","GLENWOOD REG. MED CTR","503 MILLIAN RD","WEST MONROE","LA","71291","","318-329-4556","2","Modified","NAME PHONE_NO"
"2025/01/23","08005.","A","ME","ME91","GORHAM","US","OWNER","JARED LANIEWSKI","129 WEBSTER ROAD","","GORHAM","ME","04093","","207-615-7526","1","Modified","TITLE_CITY"
"2025/02/20","08005.","A","ME","ME91","GORHAM","US","OWNER","JARED LANIEWSKI","129 WEBSTER ROAD","","BUXTON","ME","04093","","207-615-7526","2","Modified","TITLE_CITY"
"2025/01/23","08214.18","A","ME","ME05","PORTAGE","US","MANAGER","NORMAN ST. PETER","BOX 37","","PORTAGE","ME","04768","","813-453-1951","1","Modified","NAME PHONE_NO"
"2025/02/20","08214.18","A","ME","ME05","PORTAGE","US","MANAGER","DONNA ST. PETER","BOX 37","","PORTAGE","ME","04768","","813-810-3605","2","Modified","NAME PHONE_NO"
"2025/01/23","08214.18","A","ME","ME05","PORTAGE","US","OWNER","NORMAN ST. PETER","11520 MONETTE ROAD","","RIVERVIEW","FL","33569","","813-453-1951","1","Modified","NAME PHONE_NO"
"2025/02/20","08214.18","A","ME","ME05","PORTAGE","US","OWNER","DONNA ST. PETER","11520 MONETTE ROAD","","RIVERVIEW","FL","33569","","813-810-3605","2","Modified","NAME PHONE_NO"
"2025/01/23","08215.14","H","ME","8ME2","PORTLAND","US","MANAGER","LIFEFLIGHT OF MAINE","189 ODLIN ROAD","","BANGOR","ME","04401","","207-262-2525","1","Modified","ADDRESS1"
"2025/02/20","08215.14","H","ME","8ME2","PORTLAND","US","MANAGER","LIFEFLIGHT OF MAINE","189 ODLIN RD","","BANGOR","ME","04401","","207-262-2525","2","Modified","ADDRESS1"
"2025/01/23","09524.","A","MI","ARB","ANN ARBOR","US","MANAGER","MATTHEW KULHANEK","801 AIRPORT DR","","ANN ARBOR","MI","48108","9703","734-994-9124","1","Modified","NAME PHONE_NO"
"2025/02/20","09524.","A","MI","ARB","ANN ARBOR","US","MANAGER","CARL KONOPASKA","801 AIRPORT DR","","ANN ARBOR","MI","48108","9703","734-794-6312","2","Modified","NAME PHONE_NO"
"2025/01/23","10310.","A","MI","6Y6","ST HELEN","US","MANAGER","JAMES HILL","6291 CLEARBROOK DR","","SAINT HELEN","MI","48656","9225","989-387-7412","1","Modified","NAME ADDRESS1 ZIP_PLUS_FOUR PHONE_NO"
"2025/02/20","10310.","A","MI","6Y6","ST HELEN","US","MANAGER","ROBERT COULTER","9376 ROSE DR","","SAINT HELEN","MI","48656","9355","323-974-0409","2","Modified","NAME ADDRESS1 ZIP_PLUS_FOUR PHONE_NO"
"2025/01/23","10318.20","A","MI","M99","ST JOHNS","US","MANAGER","EUGENE JONES","1434 W FRENCH RD","","SAINT JOHNS","MI","48879","9406","989-224-4463","1","Modified","ADDRESS1 PHONE_NO"
"2025/02/20","10318.20","A","MI","M99","ST JOHNS","US","MANAGER","EUGENE JONES","1550 W FRENCH RD","","SAINT JOHNS","MI","48879","9406","517-282-1656","2","Modified","ADDRESS1 PHONE_NO"
"2025/01/23","10318.20","A","MI","M99","ST JOHNS","US","OWNER","EUGENE JONES","1434 W FRENCH RD","","SAINT JOHNS","MI","48879","9406","989-224-4463","1","Modified","PHONE_NO"
"2025/02/20","10318.20","A","MI","M99","ST JOHNS","US","OWNER","EUGENE JONES","1434 W FRENCH RD","","SAINT JOHNS","MI","48879","9406","517-282-1656","2","Modified","PHONE_NO"
"2025/01/23","11319.2","A","MS","4R1","LUMBERTON","US","MANAGER","MIKE C BRUMFIELD","300 N 2ND ST","","LUMBERTON","MS","39455","","601-325-4513","1","Modified","NAME PHONE_NO"
"2025/02/20","11319.2","A","MS","4R1","LUMBERTON","US","MANAGER","JIM WOELFEL","300 N 2ND ST","","LUMBERTON","MS","39455","","907-244-8620","2","Modified","NAME PHONE_NO"
"2025/01/23","11810.","A","MO","JLN","JOPLIN","US","MANAGER","MR. BART STARKEY","602 S. MAIN STREET","","JOPLIN","MO","64802","","417-623-0262","1","Modified","NAME ADDRESS1 ZIP_CODE"
"2025/02/20","11810.","A","MO","JLN","JOPLIN","US","MANAGER","MS. ALLISON ZAHNER","7331 STATE HWY 43","","JOPLIN","MO","64801","","417-623-0262","2","Modified","NAME ADDRESS1 ZIP_CODE"
"2025/01/23","11878.","A","MO","78MO","LYNCHBURG","US","MANAGER","ROBERT SNOUFFER","PO BOX B","","PLATO","MO","65552","","417-664-0806","1","Modified","ADDRESS1 TITLE_CITY ZIP_CODE"
"2025/02/20","11878.","A","MO","78MO","LYNCHBURG","US","MANAGER","ROBERT SNOUFFER","11050 CASTLE HILL DR","","MOUNTAIN GROVE","MO","65711","","417-664-0806","2","Modified","ADDRESS1 TITLE_CITY ZIP_CODE"
"2025/01/23","12375.","A","MT","GGW","GLASGOW","US","MANAGER","LUCAS LOCKE","89 AIRPORT RD","","GLASGOW","MT","59230","","(406) 228-2719","1","Modified","NAME"
"2025/02/20","12375.","A","MT","GGW","GLASGOW","US","MANAGER","CORY WILLIAMS","89 AIRPORT RD","","GLASGOW","MT","59230","","(406) 228-2719","2","Modified","NAME"
"2025/01/23","12694.","A","NE","CEK","CRETE","US","MANAGER","WILLIAM WHITE","2429 COUNTY ROAD F","CRETE AVIATION","CRETE","NE","68333","0014","402-314-0887","1","Modified","NAME"
"2025/02/20","12694.","A","NE","CEK","CRETE","US","MANAGER","MIKE KALKWARF","2429 COUNTY ROAD F","CRETE AVIATION","CRETE","NE","68333","0014","402-314-0887","2","Modified","NAME"
"2025/01/23","12776.","A","NE","IML","IMPERIAL","US","MANAGER","BILL BAUERLE","P.O. BOX 637","","IMPERIAL","NE","69033","0637","308-882-1671","1","Modified","NAME PHONE_NO"
"2025/02/20","12776.","A","NE","IML","IMPERIAL","US","MANAGER","ADRIAN FOREMAN","P.O. BOX 637","","IMPERIAL","NE","69033","0637","308-414-3002","2","Modified","NAME PHONE_NO"
"2025/01/23","14700.","A","NM","PRZ","PORTALES","US","MANAGER","KELLY MCCLELLAN","181 AIRPORT RD","","PORTALES","NM","88130","","575-478-2863","1","Modified","ZIP_PLUS_FOUR"
"2025/02/20","14700.","A","NM","PRZ","PORTALES","US","MANAGER","KELLY MCCLELLAN","181 AIRPORT RD","","PORTALES","NM","88130","9108","575-478-2863","2","Modified","ZIP_PLUS_FOUR"
"2025/01/23","14700.","A","NM","PRZ","PORTALES","US","OWNER","CITY OF PORTALES","100 W. 1ST ST.","","PORTALES","NM","88130","","575-356-6662","1","Modified","ADDRESS1 ZIP_PLUS_FOUR"
"2025/02/20","14700.","A","NM","PRZ","PORTALES","US","OWNER","CITY OF PORTALES","100 W 1ST ST","","PORTALES","NM","88130","5902","575-356-6662","2","Modified","ADDRESS1 ZIP_PLUS_FOUR"
"2025/01/23","15251.6","A","NY","83K","FORT ANN","US","MANAGER","BRUCE MOWERY","828 WALL ST","","DIAMOND POINT","NY","12824","","518-361-1380","1","Modified","NAME ADDRESS1 TITLE_CITY ZIP_CODE PHONE_NO"
"2025/02/20","15251.6","A","NY","83K","FORT ANN","US","MANAGER","STEVIN OBRIEN","10915 STATE ROUTE 149","","FORT ANN","NY","12827","","518-232-7896","2","Modified","NAME ADDRESS1 TITLE_CITY ZIP_CODE PHONE_NO"
"2025/01/23","15251.6","A","NY","83K","FORT ANN","US","OWNER","B & C PROPERTY VENTURES, LLC","828 WALL ST","","DIAMOND POINT","NY","12804","4693","(518) 361-1380","1","Modified","NAME ADDRESS1 TITLE_CITY ZIP_CODE PHONE_NO"
"2025/02/20","15251.6","A","NY","83K","FORT ANN","US","OWNER","349 CLEVERDALE LLC","10915 STATE ROUTE 149","","FORT ANN","NY","12827","4693","518-232-7896","2","Modified","NAME ADDRESS1 TITLE_CITY ZIP_CODE PHONE_NO"
"2025/01/23","15504.","A","NY","NY0","JOHNSTOWN","US","MANAGER","SCOTT HENZE","1 EAST MONTGOMERY ST","","JOHNSTOWN","NY","12095","","518-882-6392","1","Modified","PHONE_NO"
"2025/02/20","15504.","A","NY","NY0","JOHNSTOWN","US","MANAGER","SCOTT HENZE","1 EAST MONTGOMERY ST","","JOHNSTOWN","NY","12095","","518-928-6545","2","Modified","PHONE_NO"
"2025/01/23","15572.2","H","NY","NK14","LITTLE FALLS","US","MANAGER","CHIEF JAMES SYAFFO","659 E MAIN ST","","LITTLE FALLS","NY","13365","","315-823-2234","1","Modified","NAME"
"2025/02/20","15572.2","H","NY","NK14","LITTLE FALLS","US","MANAGER","CHIEF ROBERT PARESE","659 E MAIN ST","","LITTLE FALLS","NY","13365","","315-823-2234","2","Modified","NAME"
"2025/01/23","15887.02","H","NY","9NY3","OWEGO","US","MANAGER","HERB GORHAM","0534 IBM RT 1 17C","","OWEGO","NY","13827","","607-751-5336","1","Modified","NAME ADDRESS1 PHONE_NO"
"2025/02/20","15887.02","H","NY","9NY3","OWEGO","US","MANAGER","LOCKHEED MARTIN MANAGER","ROUTE 17C","","OWEGO","NY","13827","","607-751-3300","2","Modified","NAME ADDRESS1 PHONE_NO"
"2025/01/23","15887.02","H","NY","9NY3","OWEGO","US","OWNER","IBM FED SYSTEMS CO","ROUTE 17C","","OWEGO","NY","13827","","607-751-5336","1","Modified","NAME PHONE_NO"
"2025/02/20","15887.02","H","NY","9NY3","OWEGO","US","OWNER","LOCKHEED MARTIN","ROUTE 17C","","OWEGO","NY","13827","","607-751-2351","2","Modified","NAME PHONE_NO"
"2025/01/23","15887.03","H","NY","NK49","OWEGO","US","MANAGER","ATTN; GEOFFREY MARSHALL","ROUTE 17C","","OWEGO","NY","13827","","607-751-3679","1","Modified","NAME PHONE_NO"
"2025/02/20","15887.03","H","NY","NK49","OWEGO","US","MANAGER","LOCKHEED MARTIN MANAGER","ROUTE 17C","","OWEGO","NY","13827","","607-751-3300","2","Modified","NAME PHONE_NO"
"2025/01/23","16095.91","H","NY","NK11","SARANAC LAKE","US","MANAGER","TROOP COMMANDER","1097 SR-86","","RAYBROOK","NY","12977","","518-897-2000","1","Modified","NAME PHONE_NO"
"2025/02/20","16095.91","H","NY","NK11","SARANAC LAKE","US","MANAGER","MICHAEL KNAPP","1097 SR-86","","RAYBROOK","NY","12977","","518-524-7212","2","Modified","NAME PHONE_NO"
"2025/01/23","16308.14","H","NY","NY86","UTICA","US","MANAGER","EDWARD A. ARCURI","660 HANGAR RD, SUITE 223","","ROME","NY","13441","","315-736-4171","1","Modified","NAME ADDRESS1 TITLE_CITY ZIP_CODE PHONE_NO"
"2025/02/20","16308.14","H","NY","NY86","UTICA","US","MANAGER","DONALD LIBBY","111 HOSPITAL DRIVE","","UTICA","NY","13502","","315-917-9628","2","Modified","NAME ADDRESS1 TITLE_CITY ZIP_CODE PHONE_NO"
"2025/01/23","17034.23","H","NC","3NC2","RALEIGH","US","MANAGER","UNIT COMMANDER","NCSHP ARCFT OPNS, 4231 MAIL SVC CTR","","RALEIGH","NC","27699","4231","(919) 661-4841","1","Modified","PHONE_NO"
"2025/02/20","17034.23","H","NC","3NC2","RALEIGH","US","MANAGER","UNIT COMMANDER","NCSHP ARCFT OPNS, 4231 MAIL SVC CTR","","RALEIGH","NC","27699","4231","984-349-6359","2","Modified","PHONE_NO"
"2025/01/23","17034.23","H","NC","3NC2","RALEIGH","US","OWNER","NC DEPT OF TRANSPORTATION"," MAIL SERVICE CENTER 1501","","RALEIGH","NC","27699","1501","919-661-4841","1","Modified","PHONE_NO"
"2025/02/20","17034.23","H","NC","3NC2","RALEIGH","US","OWNER","NC DEPT OF TRANSPORTATION"," MAIL SERVICE CENTER 1501","","RALEIGH","NC","27699","1501","984-349-6359","2","Modified","PHONE_NO"
"2025/01/23","17241.515","A","ME","19ME","ESTCOURT","US","MANAGER","ANDREW ROWE","53 OLD LANE","","HOPE","ME","04847","","208-837-9155","1","Modified","PHONE_NO"
"2025/02/20","17241.515","A","ME","19ME","ESTCOURT","US","MANAGER","ANDREW ROWE","53 OLD LANE","","HOPE","ME","04847","","207-837-9155","2","Modified","PHONE_NO"
"2025/01/23","17347.","A","ND","GAF","GRAFTON","US","MANAGER","MATTHEW SCHANILEC","15182 HWY 17","","GRAFTON","ND","58237","","701-331-1116","1","Modified","NAME PHONE_NO"
"2025/02/20","17347.","A","ND","GAF","GRAFTON","US","MANAGER","BRIAN EROVICK","15182 HWY 17","","GRAFTON","ND","58237","","701-331-4220","2","Modified","NAME PHONE_NO"
"2025/01/23","18339.12","A","OH","5A1","NORWALK","US","MANAGER","SCOTT SPARKS","PO BOX 406","","NORWALK","OH","44857","0406","419-668-5400","1","Modified","ADDRESS1 ADDRESS2"
"2025/02/20","18339.12","A","OH","5A1","NORWALK","US","MANAGER","SCOTT SPARKS","961 US HIGHWAY 20 E","PO BOX 406","NORWALK","OH","44857","0406","419-668-5400","2","Modified","ADDRESS1 ADDRESS2"
"2025/01/23","19453.","A","OR","4S1","GOLD BEACH","US","MANAGER","ANDY WRIGHT","BOX 1126","","GOLD BEACH","OR","97444","","(541) 373-7840","1","Modified","NAME PHONE_NO"
"2025/02/20","19453.","A","OR","4S1","GOLD BEACH","US","MANAGER","WALT SCHERBATH","BOX 1126","","GOLD BEACH","OR","97444","","541-373-7840","2","Modified","NAME PHONE_NO"
"2025/01/23","19575.22","U","OR","OR56","PRINEVILLE","US","MANAGER","PHILIP WESTON","7831 NW LONE PINE LN","","TERREBONNE","OR","97760","","760 715 7133","1","Modified","PHONE_NO"
"2025/02/20","19575.22","U","OR","OR56","PRINEVILLE","US","MANAGER","PHILIP WESTON","7831 NW LONE PINE LN","","TERREBONNE","OR","97760","","760-715-7133","2","Modified","PHONE_NO"
"2025/01/23","19575.22","U","OR","OR56","PRINEVILLE","US","OWNER","PHILIP WESTON","7831 NW LONE PINE LN","","TERREBONNE","OR","97760","","760 715 7133","1","Modified","PHONE_NO"
"2025/02/20","19575.22","U","OR","OR56","PRINEVILLE","US","OWNER","PHILIP WESTON","7831 NW LONE PINE LN","","TERREBONNE","OR","97760","","760-715-7133","2","Modified","PHONE_NO"
"2025/01/23","19595.","A","OR","SLE","SALEM","US","MANAGER","JOHN PASKELL","2990 25TH ST SE","","SALEM","OR","97302","","(503) 589-2057","1","Modified","PHONE_NO"
"2025/02/20","19595.","A","OR","SLE","SALEM","US","MANAGER","JOHN PASKELL","2990 25TH ST SE","","SALEM","OR","97302","","503-589-2057","2","Modified","PHONE_NO"
"2025/01/23","19595.","A","OR","SLE","SALEM","US","OWNER","CITY OF SALEM","555 LIBERTY ST SE RM 220","","SALEM","OR","97301","","(503) 588-6255","1","Modified","PHONE_NO"
"2025/02/20","19595.","A","OR","SLE","SALEM","US","OWNER","CITY OF SALEM","555 LIBERTY ST SE RM 220","","SALEM","OR","97301","","503-588-6255","2","Modified","PHONE_NO"
"2025/01/23","19883.02","H","PA","PS85","BLOOMSBURG","US","MANAGER","MICHAEL HUNTINGTON","3185 LACKAWANNA AVE","","BLOOMSBURG","PA","17815","","570-784-2121","2","Deleted",""
"2025/01/23","19883.02","H","PA","PS85","BLOOMSBURG","US","OWNER","PAUL R EYERLY III","114 RIVER HILL DR","","BLOOMSBURG","PA","17815","","570-784-2083","2","Deleted",""
"2025/01/23","20439.14","H","PA","PA11","GETTYSBURG","US","MANAGER","JANE HYDE","147 GETTYS ST","","GETTYSBURG","PA","17325","","717-334-2121","1","Modified","NAME PHONE_NO"
"2025/02/20","20439.14","H","PA","PA11","GETTYSBURG","US","MANAGER","JONATHAN WILLIAMS","147 GETTYS ST","","GETTYSBURG","PA","17325","","717-339-2440","2","Modified","NAME PHONE_NO"
"2025/01/23","20439.14","H","PA","PA11","GETTYSBURG","US","OWNER","THE GETTYSBURG HOSPITAL","147 GETTYS ST","","GETTYSBURG","PA","17325","","717-334-2121","1","Modified","NAME"
"2025/02/20","20439.14","H","PA","PA11","GETTYSBURG","US","OWNER","WELLSPAN GETTYSBURG HOSPITAL","147 GETTYS ST","","GETTYSBURG","PA","17325","","717-334-2121","2","Modified","NAME"
"2025/01/23","21590.02","A","PA","17PS","TIDIOUTE","US","MANAGER","LARRY CONDON","4060 GLEN EDEN RD","","CRANBERRY TWP","PA","16066","3134","724-537-0229","2","Deleted",""
"2025/01/23","21590.02","A","PA","17PS","TIDIOUTE","US","OWNER","LARRY CONDON","4060 GLEN EDEN RD","","CRANBERRY TWP","PA","16066","3134","724-537-0229","2","Deleted",""
"2025/01/23","21620.","A","PA","1PN1","TRANSFER","US","MANAGER","SAM NAPODANO","RD 1","","TRANSFER","PA","16154","","412-646-1581","2","Deleted",""
"2025/01/23","21620.","A","PA","1PN1","TRANSFER","US","OWNER","SAM NAPODANO","RD 1","","TRANSFER","PA","16154","","412-646-1581","2","Deleted",""
"2025/01/23","22651.02","H","SD","0SD9","CUSTER","US","MANAGER","RAPID HELICOPTERS INC","1905 WEST MAIN","","RAPID CITY","SD","57702","","605-343-5058","1","Modified","NAME ADDRESS1 TITLE_CITY ZIP_CODE ZIP_PLUS_FOUR PHONE_NO"
"2025/02/20","22651.02","H","SD","0SD9","CUSTER","US","MANAGER","MARK A SCHLAEFLI","24564 US HWY 16/385","","CUSTER","SD","57730","6501","605-673-2163","2","Modified","NAME ADDRESS1 TITLE_CITY ZIP_CODE ZIP_PLUS_FOUR PHONE_NO"
"2025/01/23","22651.02","H","SD","0SD9","CUSTER","US","OWNER","RAPID HELICOPTERS INC","1905 WEST MAIN","","RAPID CITY","SD","57702","","605-343-5058","1","Modified","NAME ADDRESS1 TITLE_CITY ZIP_CODE ZIP_PLUS_FOUR PHONE_NO"
"2025/02/20","22651.02","H","SD","0SD9","CUSTER","US","OWNER","BLACK HILLS AERIAL ADVENTURES INC","24564 US HWY 16/385","","CUSTER","SD","57730","6501","605-673-2163","2","Modified","NAME ADDRESS1 TITLE_CITY ZIP_CODE ZIP_PLUS_FOUR PHONE_NO"
"2025/01/23","22714.65","H","SD","SD42","KEYSTONE","US","MANAGER","MICHAEL JACOB","24564 US HWY 16/385","","CUSTER","SD","57730","","6053906119","1","Modified","NAME ZIP_PLUS_FOUR PHONE_NO"
"2025/02/20","22714.65","H","SD","SD42","KEYSTONE","US","MANAGER","MARK A SCHLAEFLI","24564 US HWY 16/385","","CUSTER","SD","57730","6501","605-673-2163","2","Modified","NAME ZIP_PLUS_FOUR PHONE_NO"
"2025/01/23","22714.65","H","SD","SD42","KEYSTONE","US","OWNER","MICHAEL JACOB","24564 US HWY 16/385","","CUSTER","SD","57730","","6053906119","1","Modified","NAME ZIP_PLUS_FOUR PHONE_NO"
"2025/02/20","22714.65","H","SD","SD42","KEYSTONE","US","OWNER","RUSHMORE HELICOPTERS INC","24564 US HWY 16/385","","CUSTER","SD","57730","6501","605-673-2163","2","Modified","NAME ZIP_PLUS_FOUR PHONE_NO"
"2025/01/23","22798.02","H","SD","SD91","SPEARFISH","US","MANAGER","STAR AVIATION","RR2 BOX 396A","","SPEARFISH","SD","","","605-642-4112","2","Deleted",""
"2025/01/23","22798.02","H","SD","SD91","SPEARFISH","US","OWNER","STAR AVIATION","RR2 BOX 396A","","SPEARFISH","SD","","","605-642-4112","2","Deleted",""
"2025/01/23","22808.16","H","SD","SD26","STURGIS","US","MANAGER","MICHAEL JACOB","620 WEST BLVD","","RAPID CITY","SD","57701","","605-343-5058","2","Deleted",""
"2025/01/23","22808.16","H","SD","SD26","STURGIS","US","OWNER","BLACK HILL AERIAL ADVENTURES INC.","620 WEST BLVD","","RAPID CITY","SD","57701","","605-343-5058","2","Deleted",""
"2025/01/23","22822.03","H","SD","3SD6","WATERTOWN","US","MANAGER","PATRICK LYNCH","45971 162ND ST","","WATERTOWN","SD","57201","","605-265-0326","2","Deleted",""
"2025/01/23","22822.03","H","SD","3SD6","WATERTOWN","US","OWNER","PATRICK LYNCH","45971 162ND ST","","WATERTOWN","SD","57201","","605-265-0326","2","Deleted",""
"2025/01/23","24190.","A","TX","T41","LA PORTE","US","MANAGER","ROY MAYO","2963 N 23RD STREET","","LA PORTE","TX","77571","","281-471-9650","1","Modified","NAME"
"2025/02/20","24190.","A","TX","T41","LA PORTE","US","MANAGER","RAY MAYO","2963 N 23RD STREET","","LA PORTE","TX","77571","","281-471-9650","2","Modified","NAME"
"2025/01/23","24693.","A","TX","SJT","SAN ANGELO","US","MANAGER","JEREMY VALGARDSON","8618 TERMINAL DRIVE, SUITE 101","","SAN ANGELO","TX","76904","","325-659-6409","1","Modified","NAME"
"2025/02/20","24693.","A","TX","SJT","SAN ANGELO","US","MANAGER","JUSTIN FLETCHER","8618 TERMINAL DRIVE, SUITE 101","","SAN ANGELO","TX","76904","","325-659-6409","2","Modified","NAME"
"2025/01/23","24704.","A","TX","SKF","SAN ANTONIO","US","MANAGER","502 OSS","2261 HUGHES AVE., SUITE 107","","SAN ANTONIO","TX","78236","9805","210-925-5880","1","Modified","NAME ADDRESS1 ZIP_CODE PHONE_NO"
"2025/02/20","24704.","A","TX","SKF","SAN ANTONIO","US","MANAGER","DANNY JONES","907 BILLY MITCHELL BLVD","","SAN ANTONIO","TX","78226","9805","210-362-7838","2","Modified","NAME ADDRESS1 ZIP_CODE PHONE_NO"
"2025/01/23","25287.","A","UT","U42","SALT LAKE CITY","US","MANAGER","DAVID RAUCH","PO BOX 145550","","SALT LAKE CITY","UT","84114","","(801) 556-4082","1","Modified","NAME PHONE_NO"
"2025/02/20","25287.","A","UT","U42","SALT LAKE CITY","US","MANAGER","KEVIN THORNOCK","PO BOX 145550","","SALT LAKE CITY","UT","84114","","801-209-1571","2","Modified","NAME PHONE_NO"
"2025/01/23","25313.01","A","UT","TVY","TOOELE","US","MANAGER","DAVID RAUCH","PO BOX 145550","","SALT LAKE CITY","UT","84114","5550","(801) 556-4082","1","Modified","NAME PHONE_NO"
"2025/02/20","25313.01","A","UT","TVY","TOOELE","US","MANAGER","KEVIN THORNOCK","PO BOX 145550","","SALT LAKE CITY","UT","84114","5550","801-209-1571","2","Modified","NAME PHONE_NO"
"2025/01/23","25348.","A","VT","MPV","BARRE/MONTPELIER","US","MANAGER","ROLLIN TEBBETTS","219 N MAIN ST","","BARRE","VT","05641","","802-585-5586","1","Modified","NAME PHONE_NO"
"2025/02/20","25348.","A","VT","MPV","BARRE/MONTPELIER","US","MANAGER","EDDIE MIDDLETON","219 N MAIN ST","","BARRE","VT","05641","","802-279-9746","2","Modified","NAME PHONE_NO"
"2025/01/23","25348.","A","VT","MPV","BARRE/MONTPELIER","US","OWNER","STATE OF VERMONT","219 N MAIN ST","","BARRE","VT","05641","","802-279-2647","1","Modified","PHONE_NO"
"2025/02/20","25348.","A","VT","MPV","BARRE/MONTPELIER","US","OWNER","STATE OF VERMONT","219 N MAIN ST","","BARRE","VT","05641","","802-279-9746","2","Modified","PHONE_NO"
"2025/01/23","25361.","A","VT","DDH","BENNINGTON","US","MANAGER","ROLLIN TEBBETTS","219 N MAIN ST","","BARRE","VT","05641","","802-585-5586","1","Modified","NAME PHONE_NO"
"2025/02/20","25361.","A","VT","DDH","BENNINGTON","US","MANAGER","CHRISTOPHER BEITZEL","219 N MAIN ST","","BARRE","VT","05641","","802-272-7725","2","Modified","NAME PHONE_NO"
"2025/01/23","25361.","A","VT","DDH","BENNINGTON","US","OWNER","STATE OF VERMONT","219 N MAIN ST","","BARRE","VT","05641","","802-279-2647","1","Modified","PHONE_NO"
"2025/02/20","25361.","A","VT","DDH","BENNINGTON","US","OWNER","STATE OF VERMONT","219 N MAIN ST","","BARRE","VT","05641","","802-272-7725","2","Modified","PHONE_NO"
"2025/01/23","25385.02","H","VT","VT36","BURLINGTON","US","MANAGER","ASHLEY BOND - PROPERTY MANAGER","199 MAIN ST. SUITE 150","","BURLINGTON","VT","05401","","802-847-4573","2","Deleted",""
"2025/01/23","25385.02","H","VT","VT36","BURLINGTON","US","OWNER","UNIV OF VERMONT & STATE AGR COLLEGE","109 S. PROSPECT ST, REAL ESTATE OPS","CAMPUS PLANNING","BURLINGTON","VT","05405","","(802) 656-3872","2","Deleted",""
"2025/01/23","25436.","A","VT","FSO","HIGHGATE","US","MANAGER","ROLLIN TEBBETTS","219 N MAIN ST","","BARRE","VT","05641","","802-585-5586","1","Modified","NAME"
"2025/02/20","25436.","A","VT","FSO","HIGHGATE","US","MANAGER","EDDIE MIDDLETON","219 N MAIN ST","","BARRE","VT","05641","","802-585-5586","2","Modified","NAME"
"2025/01/23","25436.","A","VT","FSO","HIGHGATE","US","OWNER","STATE OF VERMONT","219 N MAIN ST","","BARRE","VT","05641","","802-279-2647","1","Modified","PHONE_NO"
"2025/02/20","25436.","A","VT","FSO","HIGHGATE","US","OWNER","STATE OF VERMONT","219 N MAIN ST","","BARRE","VT","05641","","802-279-9746","2","Modified","PHONE_NO"
"2025/01/23","25438.","H","VT","05VT","HIGHGATE SPRINGS","US","MANAGER","MATTHEW HLADIK","480 WELCOME CENTER ROAD","","SWANTON","VT","05488","","802-868-2778","1","Modified","NAME ADDRESS1"
"2025/02/20","25438.","H","VT","05VT","HIGHGATE SPRINGS","US","MANAGER","DALE WARNER","480 WELCOME CENTER RD","","SWANTON","VT","05488","","802-868-2778","2","Modified","NAME ADDRESS1"
"2025/01/23","25438.","H","VT","05VT","HIGHGATE SPRINGS","US","OWNER","US CUSTOMS AND BORDER PROTECTION","480 WELCOME CENTER ROAD","","SWANTON","VT","05488","","802-868-2778","1","Modified","ADDRESS1"
"2025/02/20","25438.","H","VT","05VT","HIGHGATE SPRINGS","US","OWNER","US CUSTOMS AND BORDER PROTECTION","480 WELCOME CENTER RD","","SWANTON","VT","05488","","802-868-2778","2","Modified","ADDRESS1"
"2025/01/23","25447.","A","VT","5B1","ISLAND POND","US","MANAGER","ROLLIN TEBBETTS","219 N MAIN ST","","BARRE","VT","05641","","802-585-5586","1","Modified","NAME PHONE_NO"
"2025/02/20","25447.","A","VT","5B1","ISLAND POND","US","MANAGER","EDDIE MIDDLETON","219 N MAIN ST","","BARRE","VT","05641","","802-279-9746","2","Modified","NAME PHONE_NO"
"2025/01/23","25447.","A","VT","5B1","ISLAND POND","US","OWNER","STATE OF VERMONT","219 N MAIN ST","","BARRE","VT","05641","","802-279-2647","1","Modified","PHONE_NO"
"2025/02/20","25447.","A","VT","5B1","ISLAND POND","US","OWNER","STATE OF VERMONT","219 N MAIN ST","","BARRE","VT","05641","","802-279-9746","2","Modified","PHONE_NO"
"2025/01/23","25476.","A","VT","CDA","LYNDONVILLE","US","MANAGER","ROLLIN TEBBETTS","219 N MAIN ST","","BARRE","VT","05641","","802-585-5586","1","Modified","NAME PHONE_NO"
"2025/02/20","25476.","A","VT","CDA","LYNDONVILLE","US","MANAGER","EDDIE MIDDLETON","219 N MAIN ST","","BARRE","VT","05641","","802-279-9746","2","Modified","NAME PHONE_NO"
"2025/01/23","25476.","A","VT","CDA","LYNDONVILLE","US","OWNER","STATE OF VERMONT","219 N MAIN ST","","BARRE","VT","05641","","802-279-2647","1","Modified","PHONE_NO"
"2025/02/20","25476.","A","VT","CDA","LYNDONVILLE","US","OWNER","STATE OF VERMONT","219 N MAIN ST","","BARRE","VT","05641","","802-279-9746","2","Modified","PHONE_NO"
"2025/01/23","25483.1","A","VT","6B0","MIDDLEBURY","US","MANAGER","ROLLIN TEBBETTS","219 N MAIN ST","","BARRE","VT","05641","","802-585-5586","1","Modified","NAME PHONE_NO"
"2025/02/20","25483.1","A","VT","6B0","MIDDLEBURY","US","MANAGER","CHRISTOPHER BEITZEL","219 N MAIN ST","","BARRE","VT","05641","","802-272-7725","2","Modified","NAME PHONE_NO"
"2025/01/23","25483.1","A","VT","6B0","MIDDLEBURY","US","OWNER","STATE OF VERMONT","219 N MAIN ST","","BARRE","VT","05641","","802-505-8479","1","Modified","PHONE_NO"
"2025/02/20","25483.1","A","VT","6B0","MIDDLEBURY","US","OWNER","STATE OF VERMONT","219 N MAIN ST","","BARRE","VT","05641","","802-272-7725","2","Modified","PHONE_NO"
"2025/01/23","25496.1","A","VT","MVL","MORRISVILLE","US","MANAGER","ROLLIN TEBBETTS","219 N MAIN ST","","BARRE","VT","05641","","802-585-5586","1","Modified","NAME PHONE_NO"
"2025/02/20","25496.1","A","VT","MVL","MORRISVILLE","US","MANAGER","EDDIE MIDDLETON","219 N MAIN ST","","BARRE","VT","05641","","802-279-9746","2","Modified","NAME PHONE_NO"
"2025/01/23","25496.1","A","VT","MVL","MORRISVILLE","US","OWNER","STATE OF VERMONT","219 N MAIN ST","","BARRE","VT","05641","","802-279-2647","1","Modified","PHONE_NO"
"2025/02/20","25496.1","A","VT","MVL","MORRISVILLE","US","OWNER","STATE OF VERMONT","219 N MAIN ST","","BARRE","VT","05641","","802-279-9746","2","Modified","PHONE_NO"
"2025/01/23","25499.","A","VT","EFK","NEWPORT","US","MANAGER","ROLLIN TEBBETTS","219 N MAIN ST","","BARRE","VT","05641","","802-585-5586","1","Modified","NAME PHONE_NO"
"2025/02/20","25499.","A","VT","EFK","NEWPORT","US","MANAGER","EDDIE MIDDLETON","219 N MAIN ST","","BARRE","VT","05641","","802-279-9746","2","Modified","NAME PHONE_NO"
"2025/01/23","25499.","A","VT","EFK","NEWPORT","US","OWNER","STATE OF VERMONT","219 N MAIN ST","","BARRE","VT","05641","","802-279-2647","1","Modified","PHONE_NO"
"2025/02/20","25499.","A","VT","EFK","NEWPORT","US","OWNER","STATE OF VERMONT","219 N MAIN ST","","BARRE","VT","05641","","802-279-9746","2","Modified","PHONE_NO"
"2025/01/23","25526.","A","VT","RUT","RUTLAND","US","MANAGER","ROLLIN TEBBETTS","219 N MAIN ST","","BARRE","VT","05641","","802-585-5586","1","Modified","NAME PHONE_NO"
"2025/02/20","25526.","A","VT","RUT","RUTLAND","US","MANAGER","CHRISTOPHER BEITZEL","219 N MAIN ST","","BARRE","VT","05641","","802-272-7725","2","Modified","NAME PHONE_NO"
"2025/01/23","25526.","A","VT","RUT","RUTLAND","US","OWNER","STATE OF VERMONT","219 N MAIN ST","","BARRE","VT","05641","","802-279-2647","1","Modified","PHONE_NO"
"2025/02/20","25526.","A","VT","RUT","RUTLAND","US","OWNER","STATE OF VERMONT","219 N MAIN ST","","BARRE","VT","05641","","802-272-7725","2","Modified","PHONE_NO"
"2025/01/23","25550.","A","VT","VSF","SPRINGFIELD","US","MANAGER","ROLLIN TEBBETTS","219 N MAIN ST","","BARRE","VT","05641","","802-585-5586","1","Modified","NAME PHONE_NO"
"2025/02/20","25550.","A","VT","VSF","SPRINGFIELD","US","MANAGER","CHRISTOPHER BEITZEL","219 N MAIN ST","","BARRE","VT","05641","","802-272-7725","2","Modified","NAME PHONE_NO"
"2025/01/23","25550.","A","VT","VSF","SPRINGFIELD","US","OWNER","STATE OF VERMONT","219 N MAIN ST","","BARRE","VT","05641","","802-279-2647","1","Modified","PHONE_NO"
"2025/02/20","25550.","A","VT","VSF","SPRINGFIELD","US","OWNER","STATE OF VERMONT","219 N MAIN ST","","BARRE","VT","05641","","802-272-7725","2","Modified","PHONE_NO"
"2025/01/23","25856.42","A","VA","LKU","LOUISA","US","MANAGER","ED JARVIS","335 INDUSTRIAL DR","P.O. BOX 27","LOUISA","VA","23093","","540-967-0050","1","Modified","NAME"
"2025/02/20","25856.42","A","VA","LKU","LOUISA","US","MANAGER","BRITTANY SHUPE","335 INDUSTRIAL DR","P.O. BOX 27","LOUISA","VA","23093","","540-967-0050","2","Modified","NAME"
"2025/01/23","26098.2","H","WA","WA02","ANACORTES","US","MANAGER","CHARLES HALL","1211 24TH STREET","","ANACORTES","WA","98221","","360-299-1300","1","Modified","NAME ADDRESS1 PHONE_NO"
"2025/02/20","26098.2","H","WA","WA02","ANACORTES","US","MANAGER","ELISE CUTTER","2511 AVE B","","ANACORTES","WA","98221","","360-299-1316","2","Modified","NAME ADDRESS1 PHONE_NO"
"2025/01/23","26098.2","H","WA","WA02","ANACORTES","US","OWNER","SKAGIT CO PUB HOSP D2","1211 24TH STREET","","ANACORTES","WA","98221","","360-299-1300","1","Modified","NAME ADDRESS1 PHONE_NO"
"2025/02/20","26098.2","H","WA","WA02","ANACORTES","US","OWNER","ISLAND HEALTH","2511 AVE B","","ANACORTES","WA","98221","","360-299-1391","2","Modified","NAME ADDRESS1 PHONE_NO"
"2025/01/23","26109.","A","WA","BLI","BELLINGHAM","US","MANAGER","EMILY PHILLIPE","4255 MITCHELL WAY","SUITE 206","BELLINGHAM","WA","98226","","360-676-2500","1","Modified","NAME"
"2025/02/20","26109.","A","WA","BLI","BELLINGHAM","US","MANAGER","ROB FIX","4255 MITCHELL WAY","SUITE 206","BELLINGHAM","WA","98226","","360-676-2500","2","Modified","NAME"
"2025/01/23","27576.","A","WI","WS51","SOLDIERS GROVE","US","MANAGER","SCOTT TRAVIS","20875 CROSSROADS CIRCLE, STE. 100","","WAUKESHA","WI","53486","","262-798-5080","1","Modified","NAME ADDRESS1 ZIP_CODE"
"2025/02/20","27576.","A","WI","WS51","SOLDIERS GROVE","US","MANAGER","GUY COMER","20935 SWENSON DRIVE, SUITE 125","","WAUKESHA","WI","53186","","262-798-5080","2","Modified","NAME ADDRESS1 ZIP_CODE"
"2025/01/23","27576.","A","WI","WS51","SOLDIERS GROVE","US","OWNER","GARY C COMER","RTE 2 BOX 75","","SOLDIERS GROVE","WI","54655","","","1","Modified","NAME ADDRESS1 PHONE_NO"
"2025/02/20","27576.","A","WI","WS51","SOLDIERS GROVE","US","OWNER","LEEWARD FARM LLC","41078 TILLER ROAD","","SOLDIERS GROVE","WI","54655","","608-332-7741","2","Modified","NAME ADDRESS1 PHONE_NO"
"2025/01/23","27867.01","H","WY","WY28","PINEDALE","US","MANAGER","TED ROBERTS","PO BOX 627","","PINEDALE","WY","82941","","(307) 367-4138","2","Deleted",""
"2025/01/23","27867.01","H","WY","WY28","PINEDALE","US","OWNER","SUBLETTE CO RURAL HEALTH CARE DISTR","PO BOX 627","","PINEDALE","WY","82941","","(307) 276-4451","2","Deleted",""
"2025/01/23","50061.1","A","AK","BET","BETHEL","US","MANAGER","JOSEPH LARAUX","BOX 505","","BETHEL","AK","99559","","907-543-2498","1","Modified","NAME PHONE_NO"
"2025/02/20","50061.1","A","AK","BET","BETHEL","US","MANAGER","RICHARD CILETTI","BOX 505","","BETHEL","AK","99559","","907-543-2495","2","Modified","NAME PHONE_NO"
"2025/01/23","50682.","A","AK","SNP","ST PAUL ISLAND","US","MANAGER","DALE RUCKMAN","PO BOX 920525","","DUTCH HARBOR","AK","99692","","(907) 581-1786","1","Modified","PHONE_NO"
"2025/02/20","50682.","A","AK","SNP","ST PAUL ISLAND","US","MANAGER","DALE RUCKMAN","PO BOX 920525","","DUTCH HARBOR","AK","99692","","907-581-1786","2","Modified","PHONE_NO"
"2025/01/23","50682.","A","AK","SNP","ST PAUL ISLAND","US","OWNER","ALASKA DOT&PF SOUTHCOAST REGION","PO BOX 112506","","JUNEAU","AK","99811","2506","(907) 465-1779","1","Modified","PHONE_NO"
"2025/02/20","50682.","A","AK","SNP","ST PAUL ISLAND","US","OWNER","ALASKA DOT&PF SOUTHCOAST REGION","PO BOX 112506","","JUNEAU","AK","99811","2506","907-465-1779","2","Modified","PHONE_NO"
"2025/02/20","03323.15","H","FL","61FA","MERRITT ISLAND","US","MANAGER","DICK HOLDINGS, LLC","PO BOX 541789","","MERRITT ISLAND","FL","32953","","321-209-3425","2","Added",""
"2025/02/20","03323.15","H","FL","61FA","MERRITT ISLAND","US","OWNER","DICK HOLDINGS, LLC","PO BOX 541789","","MERRITT ISLAND","FL","32953","","321-209-3425","2","Added",""
"2025/02/20","03561.01","A","FL","23FL","WIMAUMA","US","MANAGER","REED FISCHBACK","19320 GRANGE HALL LOOP","","WIMAUMA","FL","33598","","","2","Added",""
"2025/02/20","03561.01","A","FL","23FL","WIMAUMA","US","OWNER","REED FISCHBACK","19320 GRANGE HALL LOOP","","WIMAUMA","FL","33598","","","2","Added",""
"2025/02/20","03819.01","A","GA","GE56","GREENSBORO","US","MANAGER","ERIC SMITH","5605 ATHENS HWY","","GREENSBORO","GA","30642","","334-322-0330","2","Added",""
"2025/02/20","03819.01","A","GA","GE56","GREENSBORO","US","OWNER","ERIC SMITH","5605 ATHENS HWY","","GREENSBORO","GA","30642","","334-322-0330","2","Added",""
"2025/02/20","03839.01","H","GA","41GE","HIRAM","US","MANAGER","WELLSTAR PAULDING","2518 JIMMY LEE SMITH PKWY","","HIRAM","GA","30141","","470-644-7000","2","Added",""
"2025/02/20","03839.01","H","GA","41GE","HIRAM","US","OWNER","WELLSTAR PAULDING","2518 JIMMY LEE SMITH PKWY","","HIRAM","GA","30141","","470-644-7000","2","Added",""
"2025/02/20","07110.11","A","KY","10KY","ELKTON","US","MANAGER","TYLER L GILL","5020 ALLENSVILLE RD","","ALLENSVILLE","KY","42204","","270-991-3513","2","Added",""
"2025/02/20","07110.11","A","KY","10KY","ELKTON","US","OWNER","TYLER L GILL","5020 ALLENSVILLE RD","","ALLENSVILLE","KY","42204","","270-991-3513","2","Added",""
"2025/02/20","08610.03","H","MD","7MD6","OCEAN CITY","US","MANAGER","RYAN WHITTINGTON","1409 PHILADELPHIA AVE","","OCEAN CITY","MD","21842","","410-251-1253","2","Added",""
"2025/02/20","08610.03","H","MD","7MD6","OCEAN CITY","US","OWNER","MAYOR & CITY COUNCIL TOWN OF OCEAN","ATTN: TERRY MCGEAN, CITY MANAGER","301 N BALTIMORE AVE","OCEAN CITY","MD","21842","","410-289-8254","2","Added",""
"2025/02/20","19573.31","H","OR","14OR","POWELL BUTTE","US","MANAGER","OREGON MILITARY DEPARTMENT","1776 MILITIA WAY, SE","PO BOX 14350","SALEM","OR","97309","5047","971-355-4127","2","Added",""
"2025/02/20","19573.31","H","OR","14OR","POWELL BUTTE","US","OWNER","OREGON MILITARY DEPARTMENT","1776 MILITIA WAY, SE","PO BOX 14350","SALEM","OR","97309","5047","971-355-4127","2","Added",""
"2025/02/20","22856.06","A","TN","84TN","ANDERSONVILLE","US","MANAGER","QUENTIN ELKINS","277 PARK LANE","","ANDERSONVILLE","TN","37705","","865-924-7396","2","Added",""
"2025/02/20","22856.06","A","TN","84TN","ANDERSONVILLE","US","OWNER","QUENTIN ELKINS","277 PARK LANE","","ANDERSONVILLE","TN","37705","","865-924-7396","2","Added",""
"2025/02/20","22859.565","A","TN","91TN","ASHLAND CITY","US","MANAGER","SAMUEL GREENE","22 MISSIONARY DRIVE","","BRENTWOOD","TN","37027","","310-857-8770","2","Added",""
"2025/02/20","22859.565","A","TN","91TN","ASHLAND CITY","US","OWNER","SAMUEL GREENE","22 MISSIONARY DRIVE","","BRENTWOOD","TN","37027","","310-857-8770","2","Added",""
"2025/02/20","23368.05","A","TX","8XA6","AUBREY","US","MANAGER","VENABLE ROYALTY","8111 DOUGLAS AVE","SUITE 975","DALLAS","TX","75225","","214-616-6936","2","Added",""
"2025/02/20","23368.05","A","TX","8XA6","AUBREY","US","OWNER","VENABLE ROYALTY","8111 DOUGLAS AVE","SUITE 975","DALLAS","TX","75225","","214-616-6936","2","Added",""
"2025/02/20","23848.13","A","TX","7TA4","FAIRFIELD","US","MANAGER","DANNY BURNETT","CR 240","","FAIRFIELD","TX","75840","","903-245-6427","2","Added",""
"2025/02/20","23848.13","A","TX","7TA4","FAIRFIELD","US","OWNER","DANNY BURNETT","CR 240","","FAIRFIELD","TX","75840","","903-245-6427","2","Added",""
"2025/02/20","24350.61","A","TX","13TT","MICO","US","MANAGER","HEATH VOSS","12483 FM 1283","","MICO","TX","78056","","210-383-4554","2","Added",""
"2025/02/20","24350.61","A","TX","13TT","MICO","US","OWNER","HANGAR 13, LLC","605 CR 264","","MICO","TX","78056","","210-383-4554","2","Added",""
