"EFF_DATE","SITE_NO","SITE_TYPE_CODE","STATE_CODE","ARPT_ID","CITY","COUNTRY_CODE","RWY_ID","RWY_LEN","RWY_WIDTH","SURFACE_TYPE_CODE","COND","TREATMENT_CODE","PCN","PAVEMENT_TYPE_CODE","SUBGRADE_STRENGTH_CODE","TIRE_PRES_CODE","DTRM_METHOD_CODE","RWY_LGT_CODE","RWY_LEN_SOURCE","LENGTH_SOURCE_DATE","GROSS_WT_SW","GROSS_WT_DW","GROSS_WT_DTW","GROSS_WT_DDTW","File","Action","Mods"
"2025/01/23","00164.","A","AL","BHM","BIRMINGHAM","US","06/24","12007","150","ASPH","GOOD","GRVD","65","F","C","X","T","HIGH","3RD PARTY SURVEY","2015/07/02","175","205","350","","1","Modified","PCN PAVEMENT_TYPE_CODE SUBGRADE_STRENGTH_CODE TIRE_PRES_CODE DTRM_METHOD_CODE GROSS_WT_SW GROSS_WT_DW GROSS_WT_DTW GROSS_WT_DDTW"
"2025/02/20","00164.","A","AL","BHM","BIRMINGHAM","US","06/24","12007","150","ASPH","GOOD","GRVD","","","","","","HIGH","3RD PARTY SURVEY","2015/07/02","120","250","485","992","2","Modified","PCN PAVEMENT_TYPE_CODE SUBGRADE_STRENGTH_CODE TIRE_PRES_CODE DTRM_METHOD_CODE GROSS_WT_SW GROSS_WT_DW GROSS_WT_DTW GROSS_WT_DDTW"
"2025/01/23","00164.","A","AL","BHM","BIRMINGHAM","US","18/36","7099","150","ASPH","GOOD","GRVD","45","F","C","X","T","MED","3RD PARTY SURVEY","2015/07/02","75","170","240","","1","Modified","PCN PAVEMENT_TYPE_CODE SUBGRADE_STRENGTH_CODE TIRE_PRES_CODE DTRM_METHOD_CODE GROSS_WT_SW GROSS_WT_DW GROSS_WT_DTW"
"2025/02/20","00164.","A","AL","BHM","BIRMINGHAM","US","18/36","7099","150","ASPH","GOOD","GRVD","","","","","","MED","3RD PARTY SURVEY","2015/07/02","105","143","197","","2","Modified","PCN PAVEMENT_TYPE_CODE SUBGRADE_STRENGTH_CODE TIRE_PRES_CODE DTRM_METHOD_CODE GROSS_WT_SW GROSS_WT_DW GROSS_WT_DTW"
"2025/01/23","00653.01","A","AZ","E91","CHINLE","US","18/36","6902","60","ASPH","FAIR","NONE","","","","","","MED","3RD PARTY SURVEY","2010/07/25","12.5","","","","1","Modified","COND"
"2025/02/20","00653.01","A","AZ","E91","CHINLE","US","18/36","6902","60","ASPH","EXCELLENT","NONE","","","","","","MED","3RD PARTY SURVEY","2010/07/25","12.5","","","","2","Modified","COND"
"2025/01/23","00692.25","A","AZ","LUF","GLENDALE","US","03L/21R","10000","150","CONC","","NONE","53","R","B","W","T","HIGH","MILITARY","2021/03/24","","","","","1","Modified","LENGTH_SOURCE_DATE"
"2025/02/20","00692.25","A","AZ","LUF","GLENDALE","US","03L/21R","10000","150","CONC","","NONE","53","R","B","W","T","HIGH","MILITARY","2025/01/09","","","","","2","Modified","LENGTH_SOURCE_DATE"
"2025/01/23","00692.25","A","AZ","LUF","GLENDALE","US","03R/21L","9912","150","CONC","","NONE","53","R","C","W","T","HIGH","MILITARY","2024/08/08","","","","","1","Modified","LENGTH_SOURCE_DATE"
"2025/02/20","00692.25","A","AZ","LUF","GLENDALE","US","03R/21L","9912","150","CONC","","NONE","53","R","C","W","T","HIGH","MILITARY","2025/01/09","","","","","2","Modified","LENGTH_SOURCE_DATE"
"2025/01/23","00747.1","A","AZ","PAN","PAYSON","US","06/24","5504","75","ASPH","GOOD","NONE","","","","","","MED","FAA","2018/03/16","40","50","100","","1","Modified","RWY_LEN_SOURCE LENGTH_SOURCE_DATE"
"2025/02/20","00747.1","A","AZ","PAN","PAYSON","US","06/24","5504","75","ASPH","GOOD","NONE","","","","","","MED","3RD PARTY SURVEY","2023/02/19","40","50","100","","2","Modified","RWY_LEN_SOURCE LENGTH_SOURCE_DATE"
"2025/01/23","00785.","A","AZ","2AZ1","SALOME","US","08/26","2200","40","ASPH","","NONE","","","","","","","OWNER","2005/11/21","6","","","","1","Modified","RWY_LGT_CODE"
"2025/02/20","00785.","A","AZ","2AZ1","SALOME","US","08/26","2200","40","ASPH","","NONE","","","","","","LOW","OWNER","2005/11/21","6","","","","2","Modified","RWY_LGT_CODE"
"2025/01/23","00841.","A","AZ","NYL","YUMA","US","03L/21R","13300","200","CONC","GOOD","NONE","80","R","C","W","T","HIGH","MILITARY","2019/06/24","103","200","400","","1","Modified","PCN"
"2025/02/20","00841.","A","AZ","NYL","YUMA","US","03L/21R","13300","200","CONC","GOOD","NONE","58","R","C","W","T","HIGH","MILITARY","2019/06/24","103","200","400","","2","Modified","PCN"
"2025/01/23","00841.","A","AZ","NYL","YUMA","US","03R/21L","9240","150","ASPH-CONC","GOOD","NONE","61","F","B","W","T","HIGH","MILITARY","2019/06/24","162","200","400","","1","Modified","PCN PAVEMENT_TYPE_CODE SUBGRADE_STRENGTH_CODE"
"2025/02/20","00841.","A","AZ","NYL","YUMA","US","03R/21L","9240","150","ASPH-CONC","GOOD","NONE","48","R","C","W","T","HIGH","MILITARY","2019/06/24","162","200","400","","2","Modified","PCN PAVEMENT_TYPE_CODE SUBGRADE_STRENGTH_CODE"
"2025/01/23","00841.","A","AZ","NYL","YUMA","US","08/26","6146","150","ASPH","GOOD","NONE","74","F","B","W","T","HIGH","MILITARY","2019/06/24","63","137","206","","1","Modified","PCN"
"2025/02/20","00841.","A","AZ","NYL","YUMA","US","08/26","6146","150","ASPH","GOOD","NONE","46","F","B","W","T","HIGH","MILITARY","2019/06/24","63","137","206","","2","Modified","PCN"
"2025/01/23","00841.","A","AZ","NYL","YUMA","US","17/35","5710","150","ASPH-CONC","GOOD","NONE","81","F","B","W","T","HIGH","MILITARY","2019/06/24","72","171","255","","1","Modified","PCN PAVEMENT_TYPE_CODE SUBGRADE_STRENGTH_CODE"
"2025/02/20","00841.","A","AZ","NYL","YUMA","US","17/35","5710","150","ASPH-CONC","GOOD","NONE","58","R","C","W","T","HIGH","MILITARY","2019/06/24","72","171","255","","2","Modified","PCN PAVEMENT_TYPE_CODE SUBGRADE_STRENGTH_CODE"
"2025/01/23","02624.01","H","CO","28CO","GRAND JUNCTION","US","H1","30","30","CONC","","NONE","","","","","","PERI","","","","","","","2","Deleted",""
"2025/01/23","02624.01","H","CO","28CO","GRAND JUNCTION","US","H2","30","30","CONC","","NONE","","","","","","","","","","","","","2","Deleted",""
"2025/01/23","03352.","A","FL","NDZ","MILTON","US","05/23","5996","200","ASPH","FAIR","NONE","33","F","B","W","T","HIGH","MILITARY","2017/11/28","","","","","1","Modified","PCN SUBGRADE_STRENGTH_CODE"
"2025/02/20","03352.","A","FL","NDZ","MILTON","US","05/23","5996","200","ASPH","FAIR","NONE","99","F","A","W","T","HIGH","MILITARY","2017/11/28","","","","","2","Modified","PCN SUBGRADE_STRENGTH_CODE"
"2025/01/23","03352.","A","FL","NDZ","MILTON","US","14/32","6002","200","ASPH","FAIR","NONE","36","F","A","W","T","HIGH","MILITARY","2017/11/28","","","","","1","Modified","PCN"
"2025/02/20","03352.","A","FL","NDZ","MILTON","US","14/32","6002","200","ASPH","FAIR","NONE","68","F","A","W","T","HIGH","MILITARY","2017/11/28","","","","","2","Modified","PCN"
"2025/01/23","03352.01","A","FL","NSE","MILTON","US","05/23","6003","200","ASPH","FAIR","NONE","31","F","A","W","T","HIGH","MILITARY","2017/11/28","","","","","1","Modified","PCN PAVEMENT_TYPE_CODE SUBGRADE_STRENGTH_CODE"
"2025/02/20","03352.01","A","FL","NSE","MILTON","US","05/23","6003","200","ASPH","FAIR","NONE","44","R","B","W","T","HIGH","MILITARY","2017/11/28","","","","","2","Modified","PCN PAVEMENT_TYPE_CODE SUBGRADE_STRENGTH_CODE"
"2025/01/23","03352.01","A","FL","NSE","MILTON","US","14/32","6001","200","ASPH","FAIR","NONE","23","F","A","W","T","HIGH","MILITARY","2017/11/28","","","","","1","Modified","PCN"
"2025/02/20","03352.01","A","FL","NSE","MILTON","US","14/32","6001","200","ASPH","FAIR","NONE","90","F","A","W","T","HIGH","MILITARY","2017/11/28","","","","","2","Modified","PCN"
"2025/01/23","03489.1","A","FL","X26","SEBASTIAN","US","05/23","4023","75","ASPH","FAIR","NONE","6","F","B","Y","T","MED","3RD PARTY SURVEY","2012/11/29","22","","","","1","Modified","COND"
"2025/02/20","03489.1","A","FL","X26","SEBASTIAN","US","05/23","4023","75","ASPH","EXCELLENT","NONE","6","F","B","Y","T","MED","3RD PARTY SURVEY","2012/11/29","22","","","","2","Modified","COND"
"2025/01/23","03538.","A","FL","VNC","VENICE","US","13/31","5640","150","ASPH","GOOD","NONE","26","F","A","X","T","MED","3RD PARTY SURVEY","2020/03/06","75","108","","","1","Modified","COND"
"2025/02/20","03538.","A","FL","VNC","VENICE","US","13/31","5640","150","ASPH","EXCELLENT","NONE","26","F","A","X","T","MED","3RD PARTY SURVEY","2020/03/06","75","108","","","2","Modified","COND"
"2025/01/23","03721.7","A","GA","CWV","CLAXTON","US","10/28","5151","75","ASPH","GOOD","NONE","","","","","","MED","3RD PARTY SURVEY","2019/06/11","30","","","","1","Modified","LENGTH_SOURCE_DATE"
"2025/02/20","03721.7","A","GA","CWV","CLAXTON","US","10/28","5151","75","ASPH","GOOD","NONE","","","","","","MED","3RD PARTY SURVEY","2024/01/25","30","","","","2","Modified","LENGTH_SOURCE_DATE"
"2025/01/23","03860.","A","GA","9A5","LAFAYETTE","US","02/20","5415","75","ASPH","FAIR","NONE","","","","","","MED","3RD PARTY SURVEY","2011/01/22","20","","","","1","Modified","RWY_LEN LENGTH_SOURCE_DATE"
"2025/02/20","03860.","A","GA","9A5","LAFAYETTE","US","02/20","4999","75","ASPH","FAIR","NONE","","","","","","MED","3RD PARTY SURVEY","2022/06/17","20","","","","2","Modified","RWY_LEN LENGTH_SOURCE_DATE"
"2025/01/23","04567.06","A","IL","IS80","DE KALB","US","N/S","2300","70","TURF","","NONE","","","","","","","","","","","","","2","Deleted",""
"2025/01/23","04694.6","A","IL","16IS","GOREVILLE","US","03/21","2200","70","TURF","","NONE","","","","","","","","","","","","","2","Deleted",""
"2025/01/23","04759.1","A","IL","2IS4","ILLINOIS CITY","US","E/W","1900","100","TURF","","NONE","","","","","","","","","","","","","2","Deleted",""
"2025/01/23","04855.61","A","IL","3LL3","MARSHALL","US","N/S","1423","70","TURF","","NONE","","","","","","","","","","","","","2","Deleted",""
"2025/01/23","04891.","A","IL","MVN","MOUNT VERNON","US","05/23","6496","150","ASPH","GOOD","GRVD","33","F","C","X","U","HIGH","3RD PARTY SURVEY","2008/01/27","80","108","190","","1","Modified","PCN PAVEMENT_TYPE_CODE SUBGRADE_STRENGTH_CODE TIRE_PRES_CODE DTRM_METHOD_CODE GROSS_WT_SW GROSS_WT_DW GROSS_WT_DTW GROSS_WT_DDTW"
"2025/02/20","04891.","A","IL","MVN","MOUNT VERNON","US","05/23","6496","150","ASPH","GOOD","GRVD","","","","","","HIGH","3RD PARTY SURVEY","2008/01/27","120","177","238","678","2","Modified","PCN PAVEMENT_TYPE_CODE SUBGRADE_STRENGTH_CODE TIRE_PRES_CODE DTRM_METHOD_CODE GROSS_WT_SW GROSS_WT_DW GROSS_WT_DTW GROSS_WT_DDTW"
"2025/01/23","04891.","A","IL","MVN","MOUNT VERNON","US","15/33","3146","100","ASPH","FAIR","PFC","3","F","B","Y","U","MED","3RD PARTY SURVEY","2008/01/27","12","","","","1","Modified","PCN PAVEMENT_TYPE_CODE SUBGRADE_STRENGTH_CODE TIRE_PRES_CODE DTRM_METHOD_CODE GROSS_WT_SW GROSS_WT_DW GROSS_WT_DTW"
"2025/02/20","04891.","A","IL","MVN","MOUNT VERNON","US","15/33","3146","100","ASPH","FAIR","PFC","","","","","","MED","3RD PARTY SURVEY","2008/01/27","55","72","121","","2","Modified","PCN PAVEMENT_TYPE_CODE SUBGRADE_STRENGTH_CODE TIRE_PRES_CODE DTRM_METHOD_CODE GROSS_WT_SW GROSS_WT_DW GROSS_WT_DTW"
"2025/01/23","04899.5","A","IL","6LL0","NEOGA","US","N/S","2150","75","TURF","","NONE","","","","","","","","","","","","","2","Deleted",""
"2025/01/23","05027.7","H","IL","5IS6","TOULON","US","H1","200","70","TURF","","NONE","","","","","","","","","","","","","2","Deleted",""
"2025/01/23","05054.","A","IL","3IS7","WENONA","US","09/27","1600","70","TURF","","NONE","","","","","","","","","","","","","2","Deleted",""
"2025/01/23","05101.1","A","IN","GWB","AUBURN","US","09/27","7105","100","ASPH","GOOD","GRVD","","","","","","MED","3RD PARTY SURVEY","2023/03/23","60","90","120","","1","Modified","RWY_LEN LENGTH_SOURCE_DATE"
"2025/02/20","05101.1","A","IN","GWB","AUBURN","US","09/27","7106","100","ASPH","GOOD","GRVD","","","","","","MED","3RD PARTY SURVEY","2023/10/25","60","90","120","","2","Modified","RWY_LEN LENGTH_SOURCE_DATE"
"2025/01/23","06822.","A","KS","K67","OSWEGO","US","17/35","2500","50","ASPH","GOOD","NONE","4","F","C","Y","U","LOW","","","","","","","1","Modified","COND"
"2025/02/20","06822.","A","KS","K67","OSWEGO","US","17/35","2500","50","ASPH","POOR","NONE","4","F","C","Y","U","LOW","","","","","","","2","Modified","COND"
"2025/01/23","07243.","A","KY","SDF","LOUISVILLE","US","11/29","7251","150","CONC","GOOD","WC","71","R","B","W","T","HIGH","3RD PARTY SURVEY","2013/02/28","75","170","360","850","1","Modified","PCN PAVEMENT_TYPE_CODE SUBGRADE_STRENGTH_CODE TIRE_PRES_CODE DTRM_METHOD_CODE"
"2025/02/20","07243.","A","KY","SDF","LOUISVILLE","US","11/29","7251","150","CONC","GOOD","WC","","","","","","HIGH","3RD PARTY SURVEY","2013/02/28","75","170","360","850","2","Modified","PCN PAVEMENT_TYPE_CODE SUBGRADE_STRENGTH_CODE TIRE_PRES_CODE DTRM_METHOD_CODE"
"2025/01/23","07243.","A","KY","SDF","LOUISVILLE","US","17L/35R","8578","150","CONC","GOOD","GRVD","71","R","B","W","T","HIGH","3RD PARTY SURVEY","2013/02/28","75","207","360","850","1","Modified","PCN PAVEMENT_TYPE_CODE SUBGRADE_STRENGTH_CODE TIRE_PRES_CODE DTRM_METHOD_CODE"
"2025/02/20","07243.","A","KY","SDF","LOUISVILLE","US","17L/35R","8578","150","CONC","GOOD","GRVD","","","","","","HIGH","3RD PARTY SURVEY","2013/02/28","75","207","360","850","2","Modified","PCN PAVEMENT_TYPE_CODE SUBGRADE_STRENGTH_CODE TIRE_PRES_CODE DTRM_METHOD_CODE"
"2025/01/23","07243.","A","KY","SDF","LOUISVILLE","US","17R/35L","11887","150","CONC","GOOD","GRVD","71","R","B","W","T","HIGH","3RD PARTY SURVEY","2013/02/28","75","207","360","850","1","Modified","PCN PAVEMENT_TYPE_CODE SUBGRADE_STRENGTH_CODE TIRE_PRES_CODE DTRM_METHOD_CODE"
"2025/02/20","07243.","A","KY","SDF","LOUISVILLE","US","17R/35L","11887","150","CONC","GOOD","GRVD","","","","","","HIGH","3RD PARTY SURVEY","2013/02/28","75","207","360","850","2","Modified","PCN PAVEMENT_TYPE_CODE SUBGRADE_STRENGTH_CODE TIRE_PRES_CODE DTRM_METHOD_CODE"
"2025/01/23","07292.01","A","KY","IOB","MOUNT STERLING","US","03/21","5000","75","ASPH","GOOD","NONE","9","F","D","X","T","MED","3RD PARTY SURVEY","2010/11/29","20","","","","1","Modified","LENGTH_SOURCE_DATE"
"2025/02/20","07292.01","A","KY","IOB","MOUNT STERLING","US","03/21","5000","75","ASPH","GOOD","NONE","9","F","D","X","T","MED","3RD PARTY SURVEY","2024/05/08","20","","","","2","Modified","LENGTH_SOURCE_DATE"
"2025/01/23","08221.","A","ME","PQI","PRESQUE ISLE","US","01/19","7441","150","ASPH","GOOD","NONE","94","F","A","W","T","HIGH","3RD PARTY SURVEY","2018/11/20","100","150","240","","1","Modified","PCN PAVEMENT_TYPE_CODE SUBGRADE_STRENGTH_CODE TIRE_PRES_CODE DTRM_METHOD_CODE GROSS_WT_SW GROSS_WT_DW GROSS_WT_DTW"
"2025/02/20","08221.","A","ME","PQI","PRESQUE ISLE","US","01/19","7441","150","ASPH","GOOD","NONE","","","","","","HIGH","3RD PARTY SURVEY","2018/11/20","61","96","168","","2","Modified","PCN PAVEMENT_TYPE_CODE SUBGRADE_STRENGTH_CODE TIRE_PRES_CODE DTRM_METHOD_CODE GROSS_WT_SW GROSS_WT_DW GROSS_WT_DTW"
"2025/01/23","08221.","A","ME","PQI","PRESQUE ISLE","US","10/28","6000","100","ASPH","EXCELLENT","NONE","94","F","A","W","T","MED","3RD PARTY SURVEY","2018/11/20","100","150","240","","1","Modified","PCN PAVEMENT_TYPE_CODE SUBGRADE_STRENGTH_CODE TIRE_PRES_CODE DTRM_METHOD_CODE GROSS_WT_SW GROSS_WT_DW GROSS_WT_DTW"
"2025/02/20","08221.","A","ME","PQI","PRESQUE ISLE","US","10/28","6000","100","ASPH","EXCELLENT","NONE","","","","","","MED","3RD PARTY SURVEY","2018/11/20","61","96","168","","2","Modified","PCN PAVEMENT_TYPE_CODE SUBGRADE_STRENGTH_CODE TIRE_PRES_CODE DTRM_METHOD_CODE GROSS_WT_SW GROSS_WT_DW GROSS_WT_DTW"
"2025/01/23","10083.","A","MI","MNM","MENOMINEE","US","03/21","5999","100","ASPH","EXCELLENT","PFC","","","","","","HIGH","3RD PARTY SURVEY","2018/09/18","80","100","175","","1","Modified","TREATMENT_CODE"
"2025/02/20","10083.","A","MI","MNM","MENOMINEE","US","03/21","5999","100","ASPH","EXCELLENT","GRVD","","","","","","HIGH","3RD PARTY SURVEY","2018/09/18","80","100","175","","2","Modified","TREATMENT_CODE"
"2025/01/23","10318.","A","MI","3S5","ST JOHNS","US","08/26","2777","120","TURF","FAIR","NONE","","","","","","LOW","","","","","","","1","Modified","COND"
"2025/02/20","10318.","A","MI","3S5","ST JOHNS","US","08/26","2777","120","TURF","GOOD","NONE","","","","","","LOW","","","","","","","2","Modified","COND"
"2025/01/23","10614.8","A","MN","RYM","CAMP RIPLEY","US","H1","50","30","CONC","","NONE","","","","","","","MILITARY","2024/03/18","","","","","2","Deleted",""
"2025/01/23","10614.8","A","MN","RYM","CAMP RIPLEY","US","H2","50","30","CONC","","NONE","","","","","","","MILITARY","2024/03/18","","","","","2","Deleted",""
"2025/01/23","10614.8","A","MN","RYM","CAMP RIPLEY","US","H3","50","30","CONC","","NONE","","","","","","","MILITARY","2024/03/18","","","","","2","Deleted",""
"2025/01/23","10614.8","A","MN","RYM","CAMP RIPLEY","US","H4","50","30","CONC","","NONE","","","","","","","MILITARY","2024/03/18","","","","","2","Deleted",""
"2025/01/23","10749.","A","MN","INL","INTERNATIONAL FALLS","US","13/31","7400","150","ASPH","GOOD","PFC","","","","","","HIGH","3RD PARTY SURVEY","2007/06/21","120","214","284","759","1","Modified","TREATMENT_CODE"
"2025/02/20","10749.","A","MN","INL","INTERNATIONAL FALLS","US","13/31","7400","150","ASPH","GOOD","GRVD","","","","","","HIGH","3RD PARTY SURVEY","2007/06/21","120","214","284","759","2","Modified","TREATMENT_CODE"
"2025/01/23","12074.","A","MO","STJ","ST JOSEPH","US","17/35","8061","150","CONC","FAIR","GRVD","50","R","C","W","T","HIGH","3RD PARTY SURVEY","2010/08/25","75","130","220","220","1","Modified","PCN PAVEMENT_TYPE_CODE SUBGRADE_STRENGTH_CODE TIRE_PRES_CODE DTRM_METHOD_CODE"
"2025/02/20","12074.","A","MO","STJ","ST JOSEPH","US","17/35","8061","150","CONC","FAIR","GRVD","","","","","","HIGH","3RD PARTY SURVEY","2010/08/25","75","130","220","220","2","Modified","PCN PAVEMENT_TYPE_CODE SUBGRADE_STRENGTH_CODE TIRE_PRES_CODE DTRM_METHOD_CODE"
"2025/01/23","12597.","A","NE","AIA","ALLIANCE","US","08/26","6190","75","ASPH","GOOD","PFC","28","F","A","W","U","MED","3RD PARTY SURVEY","2014/03/24","36","48","80","","1","Modified","PCN PAVEMENT_TYPE_CODE SUBGRADE_STRENGTH_CODE TIRE_PRES_CODE DTRM_METHOD_CODE"
"2025/02/20","12597.","A","NE","AIA","ALLIANCE","US","08/26","6190","75","ASPH","GOOD","PFC","","","","","","MED","3RD PARTY SURVEY","2014/03/24","36","48","80","","2","Modified","PCN PAVEMENT_TYPE_CODE SUBGRADE_STRENGTH_CODE TIRE_PRES_CODE DTRM_METHOD_CODE"
"2025/01/23","12597.","A","NE","AIA","ALLIANCE","US","12/30","9203","150","ASPH","EXCELLENT","AFSC","42","F","A","W","U","MED","3RD PARTY SURVEY","2005/09/15","36","48","80","","1","Modified","PCN PAVEMENT_TYPE_CODE SUBGRADE_STRENGTH_CODE TIRE_PRES_CODE DTRM_METHOD_CODE GROSS_WT_SW GROSS_WT_DW GROSS_WT_DTW GROSS_WT_DDTW"
"2025/02/20","12597.","A","NE","AIA","ALLIANCE","US","12/30","9203","150","ASPH","EXCELLENT","AFSC","","","","","","MED","3RD PARTY SURVEY","2005/09/15","98","285","158","321","2","Modified","PCN PAVEMENT_TYPE_CODE SUBGRADE_STRENGTH_CODE TIRE_PRES_CODE DTRM_METHOD_CODE GROSS_WT_SW GROSS_WT_DW GROSS_WT_DTW GROSS_WT_DDTW"
"2025/01/23","12597.","A","NE","AIA","ALLIANCE","US","17/35","6311","75","ASPH","POOR","NONE","17","F","A","W","U","","3RD PARTY SURVEY","2005/09/15","24","30","","","1","Modified","PCN PAVEMENT_TYPE_CODE SUBGRADE_STRENGTH_CODE TIRE_PRES_CODE DTRM_METHOD_CODE"
"2025/02/20","12597.","A","NE","AIA","ALLIANCE","US","17/35","6311","75","ASPH","POOR","NONE","","","","","","","3RD PARTY SURVEY","2005/09/15","24","30","","","2","Modified","PCN PAVEMENT_TYPE_CODE SUBGRADE_STRENGTH_CODE TIRE_PRES_CODE DTRM_METHOD_CODE"
"2025/01/23","12794.","A","NE","LNK","LINCOLN","US","14/32","8649","150","ASPH","FAIR","GRVD","43","F","B","X","U","MED","3RD PARTY SURVEY","2021/01/22","80","170","280","","1","Modified","PCN PAVEMENT_TYPE_CODE SUBGRADE_STRENGTH_CODE TIRE_PRES_CODE DTRM_METHOD_CODE"
"2025/02/20","12794.","A","NE","LNK","LINCOLN","US","14/32","8649","150","ASPH","FAIR","GRVD","","","","","","MED","3RD PARTY SURVEY","2021/01/22","80","170","280","","2","Modified","PCN PAVEMENT_TYPE_CODE SUBGRADE_STRENGTH_CODE TIRE_PRES_CODE DTRM_METHOD_CODE"
"2025/01/23","12794.","A","NE","LNK","LINCOLN","US","17/35","5801","100","ASPH","GOOD","GRVD","15","R","C","W","T","MED","3RD PARTY SURVEY","2021/01/22","45","59","","","1","Modified","PCN PAVEMENT_TYPE_CODE SUBGRADE_STRENGTH_CODE TIRE_PRES_CODE DTRM_METHOD_CODE"
"2025/02/20","12794.","A","NE","LNK","LINCOLN","US","17/35","5801","100","ASPH","GOOD","GRVD","","","","","","MED","3RD PARTY SURVEY","2021/01/22","45","59","","","2","Modified","PCN PAVEMENT_TYPE_CODE SUBGRADE_STRENGTH_CODE TIRE_PRES_CODE DTRM_METHOD_CODE"
"2025/01/23","12794.","A","NE","LNK","LINCOLN","US","18/36","12901","200","ASPH-CONC","FAIR","GRVD","58","R","B","W","U","HIGH","3RD PARTY SURVEY","2021/01/22","100","200","400","","1","Modified","PCN PAVEMENT_TYPE_CODE SUBGRADE_STRENGTH_CODE TIRE_PRES_CODE DTRM_METHOD_CODE"
"2025/02/20","12794.","A","NE","LNK","LINCOLN","US","18/36","12901","200","ASPH-CONC","FAIR","GRVD","","","","","","HIGH","3RD PARTY SURVEY","2021/01/22","100","200","400","","2","Modified","PCN PAVEMENT_TYPE_CODE SUBGRADE_STRENGTH_CODE TIRE_PRES_CODE DTRM_METHOD_CODE"
"2025/01/23","15504.","A","NY","NY0","JOHNSTOWN","US","10/28","4000","75","ASPH","GOOD","NONE","","","","","","MED","3RD PARTY SURVEY","2016/01/30","","","","","1","Modified","GROSS_WT_SW GROSS_WT_DW"
"2025/02/20","15504.","A","NY","NY0","JOHNSTOWN","US","10/28","4000","75","ASPH","GOOD","NONE","","","","","","MED","3RD PARTY SURVEY","2016/01/30","33","53","","","2","Modified","GROSS_WT_SW GROSS_WT_DW"
"2025/01/23","16308.14","H","NY","NY86","UTICA","US","H1","65","65","CONC","","NONE","","","","","","","OWNER","2023/09/08","","","","","1","Modified","COND RWY_LGT_CODE"
"2025/02/20","16308.14","H","NY","NY86","UTICA","US","H1","65","65","CONC","EXCELLENT","NONE","","","","","","PERI","OWNER","2023/09/08","","","","","2","Modified","COND RWY_LGT_CODE"
"2025/01/23","16608.","A","NC","CLT","CHARLOTTE","US","05/23","7502","150","ASPH-CONC","FAIR","GRVD","73","R","B","W","T","HIGH","3RD PARTY SURVEY","2014/08/27","93","170","350","650","2","Deleted",""
"2025/01/23","16731.1","A","NC","1A5","FRANKLIN","US","07/25","5000","100","ASPH","EXCELLENT","NONE","","","","","","MED","STATE","2012/03/15","30","60","","","1","Modified","RWY_LEN LENGTH_SOURCE_DATE"
"2025/02/20","16731.1","A","NC","1A5","FRANKLIN","US","07/25","5002","100","ASPH","EXCELLENT","NONE","","","","","","MED","STATE","2023/10/02","30","60","","","2","Modified","RWY_LEN LENGTH_SOURCE_DATE"
"2025/01/23","17292.","A","ND","D50","CROSBY","US","03/21","2680","100","TURF","GOOD","NONE","","","","","","","STATE","2013/02/25","","","","","1","Modified","RWY_LEN_SOURCE LENGTH_SOURCE_DATE"
"2025/02/20","17292.","A","ND","D50","CROSBY","US","03/21","2680","100","TURF","GOOD","NONE","","","","","","","3RD PARTY SURVEY","2023/11/11","","","","","2","Modified","RWY_LEN_SOURCE LENGTH_SOURCE_DATE"
"2025/01/23","17292.","A","ND","D50","CROSBY","US","12/30","3800","60","ASPH","GOOD","NONE","","","","","","MED","","","12.5","","","","2","Deleted",""
"2025/01/23","17349.1","A","ND","GFK","GRAND FORKS","US","09L/27R","6701","100","CONC","GOOD","GRVD","24","R","B","W","T","MED","3RD PARTY SURVEY","2024/02/13","43","55","115","","1","Modified","PCN PAVEMENT_TYPE_CODE SUBGRADE_STRENGTH_CODE TIRE_PRES_CODE DTRM_METHOD_CODE GROSS_WT_SW GROSS_WT_DW GROSS_WT_DTW GROSS_WT_DDTW"
"2025/02/20","17349.1","A","ND","GFK","GRAND FORKS","US","09L/27R","6701","100","CONC","GOOD","GRVD","","","","","","MED","3RD PARTY SURVEY","2024/02/13","120","198","321","760","2","Modified","PCN PAVEMENT_TYPE_CODE SUBGRADE_STRENGTH_CODE TIRE_PRES_CODE DTRM_METHOD_CODE GROSS_WT_SW GROSS_WT_DW GROSS_WT_DTW GROSS_WT_DDTW"
"2025/01/23","17406.8","A","ND","ND40","MEDINA","US","09/27","2500","75","ASPH","","NONE","","","","","","","ARPTS CONTRACTOR","2008/06/18","","","","","1","Modified","RWY_LEN_SOURCE LENGTH_SOURCE_DATE"
"2025/02/20","17406.8","A","ND","ND40","MEDINA","US","09/27","2500","75","ASPH","","NONE","","","","","","","OWNER","2025/12/11","","","","","2","Modified","RWY_LEN_SOURCE LENGTH_SOURCE_DATE"
"2025/01/23","18469.3","A","OH","38D","SALEM","US","10L/28R","3404","50","ASPH","POOR","NONE","","","","","","NSTD","FAA OE/AAA","2020/07/24","8","","","","1","Modified","COND"
"2025/02/20","18469.3","A","OH","38D","SALEM","US","10L/28R","3404","50","ASPH","EXCELLENT","NONE","","","","","","NSTD","FAA OE/AAA","2020/07/24","8","","","","2","Modified","COND"
"2025/01/23","18953.","A","OK","WDG","ENID","US","13/31","3150","75","ASPH","POOR","NONE","","","","","","MED","3RD PARTY SURVEY","2023/06/23","16","","","","1","Modified","SURFACE_TYPE_CODE COND"
"2025/02/20","18953.","A","OK","WDG","ENID","US","13/31","3150","75","CONC","EXCELLENT","NONE","","","","","","MED","3RD PARTY SURVEY","2023/06/23","16","","","","2","Modified","SURFACE_TYPE_CODE COND"
"2025/01/23","19480.","A","OR","GCD","JOHN DAY","US","09/27","4100","60","ASPH","GOOD","NONE","","","","","","MED","3RD PARTY SURVEY","2021/03/22","12.5","","","","1","Modified","LENGTH_SOURCE_DATE"
"2025/02/20","19480.","A","OR","GCD","JOHN DAY","US","09/27","4100","60","ASPH","GOOD","NONE","","","","","","MED","3RD PARTY SURVEY","2023/11/17","12.5","","","","2","Modified","LENGTH_SOURCE_DATE"
"2025/01/23","19480.","A","OR","GCD","JOHN DAY","US","17/35","5224","60","ASPH","GOOD","NONE","","","","","","MED","3RD PARTY SURVEY","2021/03/22","12.5","","","","1","Modified","LENGTH_SOURCE_DATE"
"2025/02/20","19480.","A","OR","GCD","JOHN DAY","US","17/35","5224","60","ASPH","GOOD","NONE","","","","","","MED","3RD PARTY SURVEY","2023/11/17","12.5","","","","2","Modified","LENGTH_SOURCE_DATE"
"2025/01/23","19575.22","U","OR","OR56","PRINEVILLE","US","05/23","830","50","TURF-DIRT","","NONE","","","","","","","OWNER","2021/02/11","","","","","2","Deleted",""
"2025/01/23","19580.","A","OR","RDM","REDMOND","US","05/23","7038","150","ASPH","GOOD","GRVD","52","F","A","X","T","HIGH","3RD PARTY SURVEY","2015/03/18","120","216","399","","1","Modified","PCN PAVEMENT_TYPE_CODE SUBGRADE_STRENGTH_CODE TIRE_PRES_CODE DTRM_METHOD_CODE"
"2025/02/20","19580.","A","OR","RDM","REDMOND","US","05/23","7038","150","ASPH","GOOD","GRVD","","","","","","HIGH","3RD PARTY SURVEY","2015/03/18","120","216","399","","2","Modified","PCN PAVEMENT_TYPE_CODE SUBGRADE_STRENGTH_CODE TIRE_PRES_CODE DTRM_METHOD_CODE"
"2025/01/23","19580.","A","OR","RDM","REDMOND","US","11/29","7006","100","ASPH","GOOD","GRVD","42","F","A","X","T","MED","3RD PARTY SURVEY","2019/01/26","109","178","","","1","Modified","PCN PAVEMENT_TYPE_CODE SUBGRADE_STRENGTH_CODE TIRE_PRES_CODE DTRM_METHOD_CODE"
"2025/02/20","19580.","A","OR","RDM","REDMOND","US","11/29","7006","100","ASPH","GOOD","GRVD","","","","","","MED","3RD PARTY SURVEY","2019/01/26","109","178","","","2","Modified","PCN PAVEMENT_TYPE_CODE SUBGRADE_STRENGTH_CODE TIRE_PRES_CODE DTRM_METHOD_CODE"
"2025/01/23","19883.02","H","PA","PS85","BLOOMSBURG","US","H1","60","60","ASPH-CONC","GOOD","NONE","","","","","","PERI","","","","","","","2","Deleted",""
"2025/01/23","21590.02","A","PA","17PS","TIDIOUTE","US","01/19","2170","100","TURF","","NONE","","","","","","","","","","","","","2","Deleted",""
"2025/01/23","21620.","A","PA","1PN1","TRANSFER","US","N/S","1500","150","TURF","","NONE","","","","","","","","","","","","","2","Deleted",""
"2025/01/23","22651.02","H","SD","0SD9","CUSTER","US","H1","20","20","WOOD","","NONE","","","","","","","","","","","","","1","Modified","RWY_LEN_SOURCE LENGTH_SOURCE_DATE"
"2025/02/20","22651.02","H","SD","0SD9","CUSTER","US","H1","20","20","WOOD","","NONE","","","","","","","ADO","2024/12/17","","","","","2","Modified","RWY_LEN_SOURCE LENGTH_SOURCE_DATE"
"2025/01/23","22798.02","H","SD","SD91","SPEARFISH","US","H1","20","20","TURF","","NONE","","","","","","","","","","","","","2","Deleted",""
"2025/01/23","22808.16","H","SD","SD26","STURGIS","US","H1","100","100","TURF","","NONE","","","","","","","OWNER","2003/03/03","","","","","2","Deleted",""
"2025/01/23","22822.03","H","SD","3SD6","WATERTOWN","US","H1","40","40","TURF","","NONE","","","","","","","OWNER","2020/04/29","","","","","2","Deleted",""
"2025/01/23","23836.1","A","TX","F41","ENNIS","US","16/34","3999","50","ASPH","GOOD","NONE","","","","","","MED","NGS","1995/08/24","18","","","","1","Modified","RWY_LEN RWY_LEN_SOURCE LENGTH_SOURCE_DATE"
"2025/02/20","23836.1","A","TX","F41","ENNIS","US","16/34","4012","50","ASPH","GOOD","NONE","","","","","","MED","3RD PARTY SURVEY","2023/12/15","18","","","","2","Modified","RWY_LEN RWY_LEN_SOURCE LENGTH_SOURCE_DATE"
"2025/01/23","24180.3","A","TX","30F","LAKE DALLAS","US","18L/36R","2815","30","ASPH","POOR","NONE","","","","","","","","","4","","","","1","Modified","RWY_LEN RWY_WIDTH SURFACE_TYPE_CODE COND GROSS_WT_SW"
"2025/02/20","24180.3","A","TX","30F","LAKE DALLAS","US","18L/36R","2600","75","TURF","FAIR","NONE","","","","","","","","","","","","","2","Modified","RWY_LEN RWY_WIDTH SURFACE_TYPE_CODE COND GROSS_WT_SW"
"2025/01/23","24180.3","A","TX","30F","LAKE DALLAS","US","18R/36L","2600","75","TURF","FAIR","NONE","","","","","","","","","","","","","1","Modified","RWY_LEN RWY_WIDTH SURFACE_TYPE_CODE COND"
"2025/02/20","24180.3","A","TX","30F","LAKE DALLAS","US","18R/36L","2815","30","ASPH","POOR","NONE","","","","","","","","","","","","","2","Modified","RWY_LEN RWY_WIDTH SURFACE_TYPE_CODE COND"
"2025/01/23","24385.56","A","TX","41TT","MOUNTAIN HOME","US","18/36","5433","100","ASPH","","NONE","","","","","","","OWNER","2023/08/09","","","","","1","Modified","RWY_LEN COND RWY_LGT_CODE RWY_LEN_SOURCE LENGTH_SOURCE_DATE"
"2025/02/20","24385.56","A","TX","41TT","MOUNTAIN HOME","US","18/36","5432","100","ASPH","EXCELLENT","NONE","","","","","","MED","ARPTS CONTRACTOR","2024/12/31","","","","","2","Modified","RWY_LEN COND RWY_LGT_CODE RWY_LEN_SOURCE LENGTH_SOURCE_DATE"
"2025/01/23","24693.","A","TX","SJT","SAN ANGELO","US","03/21","5940","150","ASPH","GOOD","GRVD","115","F","A","W","T","HIGH","3RD PARTY SURVEY","2019/02/12","70","100","","","1","Modified","COND"
"2025/02/20","24693.","A","TX","SJT","SAN ANGELO","US","03/21","5940","150","ASPH","FAIR","GRVD","115","F","A","W","T","HIGH","3RD PARTY SURVEY","2019/02/12","70","100","","","2","Modified","COND"
"2025/01/23","24693.","A","TX","SJT","SAN ANGELO","US","09/27","4406","75","ASPH","FAIR","NONE","39","F","A","W","T","MED","3RD PARTY SURVEY","2019/02/12","70","100","","","1","Modified","COND"
"2025/02/20","24693.","A","TX","SJT","SAN ANGELO","US","09/27","4406","75","ASPH","POOR","NONE","39","F","A","W","T","MED","3RD PARTY SURVEY","2019/02/12","70","100","","","2","Modified","COND"
"2025/01/23","24928.125","H","TX","TT60","TOW","US","H1","40","40","TURF-DIRT","","NONE","","","","","","PERI","OWNER","2024/03/28","","","","","1","Modified","SURFACE_TYPE_CODE"
"2025/02/20","24928.125","H","TX","TT60","TOW","US","H1","40","40","CONC","","NONE","","","","","","PERI","OWNER","2024/03/28","","","","","2","Modified","SURFACE_TYPE_CODE"
"2025/01/23","25117.","A","UT","CDC","CEDAR CITY","US","02/20","8653","150","ASPH","GOOD","GRVD","21","F","C","X","T","HIGH","3RD PARTY SURVEY","2020/07/17","56","76","127","142","1","Modified","PCN PAVEMENT_TYPE_CODE SUBGRADE_STRENGTH_CODE TIRE_PRES_CODE DTRM_METHOD_CODE"
"2025/02/20","25117.","A","UT","CDC","CEDAR CITY","US","02/20","8653","150","ASPH","GOOD","GRVD","","","","","","HIGH","3RD PARTY SURVEY","2020/07/17","56","76","127","142","2","Modified","PCN PAVEMENT_TYPE_CODE SUBGRADE_STRENGTH_CODE TIRE_PRES_CODE DTRM_METHOD_CODE"
"2025/01/23","25117.","A","UT","CDC","CEDAR CITY","US","08/26","4822","60","ASPH","FAIR","NONE","8","F","C","X","T","MED","3RD PARTY SURVEY","2020/07/17","16","","","","1","Modified","PCN PAVEMENT_TYPE_CODE SUBGRADE_STRENGTH_CODE TIRE_PRES_CODE DTRM_METHOD_CODE"
"2025/02/20","25117.","A","UT","CDC","CEDAR CITY","US","08/26","4822","60","ASPH","FAIR","NONE","","","","","","MED","3RD PARTY SURVEY","2020/07/17","16","","","","2","Modified","PCN PAVEMENT_TYPE_CODE SUBGRADE_STRENGTH_CODE TIRE_PRES_CODE DTRM_METHOD_CODE"
"2025/01/23","25385.","A","VT","BTV","BURLINGTON","US","01/19","4112","75","ASPH","GOOD","NONE","23","F","A","X","T","MED","3RD PARTY SURVEY","2018/06/18","30","40","60","","1","Modified","PCN PAVEMENT_TYPE_CODE SUBGRADE_STRENGTH_CODE TIRE_PRES_CODE DTRM_METHOD_CODE"
"2025/02/20","25385.","A","VT","BTV","BURLINGTON","US","01/19","4112","75","ASPH","GOOD","NONE","","","","","","MED","3RD PARTY SURVEY","2018/06/18","30","40","60","","2","Modified","PCN PAVEMENT_TYPE_CODE SUBGRADE_STRENGTH_CODE TIRE_PRES_CODE DTRM_METHOD_CODE"
"2025/01/23","25385.","A","VT","BTV","BURLINGTON","US","15/33","8319","150","ASPH-CONC","GOOD","GRVD","39","F","A","X","T","HIGH","3RD PARTY SURVEY","2018/06/18","100","175","355","","1","Modified","PCN PAVEMENT_TYPE_CODE SUBGRADE_STRENGTH_CODE TIRE_PRES_CODE DTRM_METHOD_CODE"
"2025/02/20","25385.","A","VT","BTV","BURLINGTON","US","15/33","8319","150","ASPH-CONC","GOOD","GRVD","","","","","","HIGH","3RD PARTY SURVEY","2018/06/18","100","175","355","","2","Modified","PCN PAVEMENT_TYPE_CODE SUBGRADE_STRENGTH_CODE TIRE_PRES_CODE DTRM_METHOD_CODE"
"2025/01/23","25385.02","H","VT","VT36","BURLINGTON","US","H1","100","100","ASPH","","NONE","","","","","","","FAA-EST IMAGERY","2015/05/13","","","","","2","Deleted",""
"2025/01/23","26098.2","H","WA","WA02","ANACORTES","US","H1","50","30","ASPH","","NONE","","","","","","","","","","","","","1","Modified","RWY_LEN RWY_WIDTH SURFACE_TYPE_CODE RWY_LEN_SOURCE LENGTH_SOURCE_DATE"
"2025/02/20","26098.2","H","WA","WA02","ANACORTES","US","H1","65","65","CONC","","NONE","","","","","","","ADO","2024/12/18","","","","","2","Modified","RWY_LEN RWY_WIDTH SURFACE_TYPE_CODE RWY_LEN_SOURCE LENGTH_SOURCE_DATE"
"2025/01/23","26109.","A","WA","BLI","BELLINGHAM","US","16/34","6700","150","ASPH","GOOD","GRVD","57","F","A","W","T","HIGH","3RD PARTY SURVEY","2016/10/17","75","160","250","","1","Modified","PCN PAVEMENT_TYPE_CODE SUBGRADE_STRENGTH_CODE TIRE_PRES_CODE DTRM_METHOD_CODE"
"2025/02/20","26109.","A","WA","BLI","BELLINGHAM","US","16/34","6700","150","ASPH","GOOD","GRVD","","","","","","HIGH","3RD PARTY SURVEY","2016/10/17","75","160","250","","2","Modified","PCN PAVEMENT_TYPE_CODE SUBGRADE_STRENGTH_CODE TIRE_PRES_CODE DTRM_METHOD_CODE"
"2025/01/23","26210.","A","WA","PAE","EVERETT","US","16R/34L","9010","150","ASPH-CONC","GOOD","GRVD","83","F","A","W","T","HIGH","3RD PARTY SURVEY","2020/10/21","100","200","350","830","1","Modified","PCN PAVEMENT_TYPE_CODE SUBGRADE_STRENGTH_CODE TIRE_PRES_CODE DTRM_METHOD_CODE GROSS_WT_SW GROSS_WT_DW GROSS_WT_DTW GROSS_WT_DDTW"
"2025/02/20","26210.","A","WA","PAE","EVERETT","US","16R/34L","9010","150","ASPH-CONC","GOOD","GRVD","","","","","","HIGH","3RD PARTY SURVEY","2020/10/21","114","189","320","770","2","Modified","PCN PAVEMENT_TYPE_CODE SUBGRADE_STRENGTH_CODE TIRE_PRES_CODE DTRM_METHOD_CODE GROSS_WT_SW GROSS_WT_DW GROSS_WT_DTW GROSS_WT_DDTW"
"2025/01/23","27765.","A","WY","COD","CODY","US","04/22","8268","100","ASPH","GOOD","GRVD","38","F","D","X","T","HIGH","3RD PARTY SURVEY","2015/05/05","95","124","193","","1","Modified","PCN PAVEMENT_TYPE_CODE SUBGRADE_STRENGTH_CODE TIRE_PRES_CODE DTRM_METHOD_CODE"
"2025/02/20","27765.","A","WY","COD","CODY","US","04/22","8268","100","ASPH","GOOD","GRVD","","","","","","HIGH","3RD PARTY SURVEY","2015/05/05","95","124","193","","2","Modified","PCN PAVEMENT_TYPE_CODE SUBGRADE_STRENGTH_CODE TIRE_PRES_CODE DTRM_METHOD_CODE"
"2025/01/23","27834.","A","WY","LAR","LARAMIE","US","03/21","8503","150","ASPH","GOOD","GRVD","50","F","B","X","T","MED","3RD PARTY SURVEY","2021/11/11","86","105","160","","1","Modified","PCN PAVEMENT_TYPE_CODE SUBGRADE_STRENGTH_CODE TIRE_PRES_CODE DTRM_METHOD_CODE"
"2025/02/20","27834.","A","WY","LAR","LARAMIE","US","03/21","8503","150","ASPH","GOOD","GRVD","","","","","","MED","3RD PARTY SURVEY","2021/11/11","86","105","160","","2","Modified","PCN PAVEMENT_TYPE_CODE SUBGRADE_STRENGTH_CODE TIRE_PRES_CODE DTRM_METHOD_CODE"
"2025/01/23","27867.01","H","WY","WY28","PINEDALE","US","H1","42","42","CONC","","NONE","","","","","","","","","","","","","2","Deleted",""
"2025/01/23","52250.2","A","HI","KOA","KAILUA/KONA","US","17/35","11000","150","ASPH","GOOD","GRVD","69","F","A","W","T","HIGH","3RD PARTY SURVEY","2020/02/06","75","200","400","850","1","Modified","RWY_LEN RWY_LEN_SOURCE LENGTH_SOURCE_DATE"
"2025/02/20","52250.2","A","HI","KOA","KAILUA/KONA","US","17/35","7000","150","ASPH","GOOD","GRVD","69","F","A","W","T","HIGH","ADO","2024/07/26","75","200","400","850","2","Modified","RWY_LEN RWY_LEN_SOURCE LENGTH_SOURCE_DATE"
"2025/01/23","53004.","A","PR","BQN","AGUADILLA","US","08/26","11702","200","ASPH-CONC","FAIR","NONE","","","","","","HIGH","","","155","235","455","","1","Modified","RWY_LEN_SOURCE LENGTH_SOURCE_DATE"
"2025/02/20","53004.","A","PR","BQN","AGUADILLA","US","08/26","11702","200","ASPH-CONC","FAIR","NONE","","","","","","HIGH","3RD PARTY SURVEY","2021/03/26","155","235","455","","2","Modified","RWY_LEN_SOURCE LENGTH_SOURCE_DATE"
"2025/02/20","01931.63","A","CA","CL44","MURRIETA","US","01/19","1003","60","ASPH-DIRT","POOR","NONE","","","","","","","OWNER","2025/01/08","","","","","2","Added",""
"2025/02/20","01931.63","A","CA","CL44","MURRIETA","US","09/27","2342","40","ASPH-TURF","POOR","NONE","","","","","","","OWNER","2025/01/08","","","","","2","Added",""
"2025/02/20","03323.15","H","FL","61FA","MERRITT ISLAND","US","H1","33","33","TURF","","NONE","","","","","","","OWNER","2025/01/13","","","","","2","Added",""
"2025/02/20","03561.01","A","FL","23FL","WIMAUMA","US","09/27","2188","100","TURF","","NONE","","","","","","","","","","","","","2","Added",""
"2025/02/20","03819.01","A","GA","GE56","GREENSBORO","US","03/21","2594","100","TURF","FAIR","NONE","","","","","","","ADO","2025/01/02","","","","","2","Added",""
"2025/02/20","03839.01","H","GA","41GE","HIRAM","US","H1","40","40","CONC","GOOD","NONE","","","","","","PERI","ADO","2024/12/20","","","","","2","Added",""
"2025/02/20","07110.11","A","KY","10KY","ELKTON","US","01/19","1537","80","TURF","","NONE","","","","","","","ADO","2024/12/23","","","","","2","Added",""
"2025/02/20","08610.03","H","MD","7MD6","OCEAN CITY","US","H1","45","45","TURF","","NONE","","","","","","","OWNER","2024/12/17","","","","","2","Added",""
"2025/02/20","17292.","A","ND","D50","CROSBY","US","13/31","3800","75","ASPH","GOOD","NONE","","","","","","MED","3RD PARTY SURVEY","2023/11/11","12.5","","","","2","Added",""
"2025/02/20","19573.31","H","OR","14OR","POWELL BUTTE","US","H1","85","85","ASPH-CONC","","NONE","","","","","","","ADO","2024/12/18","","","","","2","Added",""
"2025/02/20","19575.22","U","OR","OR56","PRINEVILLE","US","01/19","1200","60","TURF-DIRT","","NONE","","","","","","","ADO","2025/01/08","","","","","2","Added",""
"2025/02/20","19575.22","U","OR","OR56","PRINEVILLE","US","06/24","830","50","TURF-DIRT","","NONE","","","","","","","OWNER","2021/02/11","","","","","2","Added",""
"2025/02/20","22856.06","A","TN","84TN","ANDERSONVILLE","US","06/24","1576","50","TURF","","NONE","","","","","","","ADO","2025/01/08","","","","","2","Added",""
"2025/02/20","22859.565","A","TN","91TN","ASHLAND CITY","US","14/32","2000","50","GRVL","","NONE","","","","","","NSTD","ADO","2024/12/20","","","","","2","Added",""
"2025/02/20","23368.05","A","TX","8XA6","AUBREY","US","18/36","3500","40","TURF","FAIR","NONE","","","","","","","OWNER","2025/01/13","","","","","2","Added",""
"2025/02/20","23848.13","A","TX","7TA4","FAIRFIELD","US","13/31","4000","75","ASPH","GOOD","NONE","","","","","","","OWNER","2025/01/14","","","","","2","Added",""
"2025/02/20","24350.61","A","TX","13TT","MICO","US","13/31","2132","50","ASPH","GOOD","NONE","","","","","","","OWNER","2025/01/15","","","","","2","Added",""
"2025/02/20","26768.01","H","WV","WV51","MORGANTOWN","US","H2","55","55","MATS","","NONE","","","","","","","OWNER","2024/10/02","","","","","2","Added",""
