"EFF_DATE","SITE_NO","SITE_TYPE_CODE","FACILITY_TYPE","STATE_CODE","FACILITY_ID","CITY","COUNTRY_CODE","LEGACY_ELEMENT_NUMBER","TAB_NAME","REF_COL_NAME","REMARK_NO","REMARK","File","Action","Mods"
"2025/01/23","06402.","A","ATCT-TRACON","IA","ALO","WATERLOO","US","1","ARPT_CTL_REMARK","ATC_REMARK","1","APCH/DEP SVC PRVDD BY CHICAGO ARTCC ON FREQS 118.9 (REMOTED FROM WATERLOO) WHEN APCH CTL CLSD.","1","Modified","REMARK"
"2025/02/20","06402.","A","ATCT-TRACON","IA","ALO","WATERLOO","US","1","ARPT_CTL_REMARK","ATC_REMARK","1","APCH/DEP SVC PRVDD BY MINNEAPOLIS ARTCC ON FREQ 118.9 (REMOTED FROM WATERLOO) WHEN WATERLOO APCH CTL CLSD.","2","Modified","REMARK"
"2025/01/23","06410.2","A","NON-ATCT","IA","C25","WAVERLY","US","1","ARPT_CTL_REMARK","ATC_REMARK","1","APCH/DEP SVC PRVDD BY CHICAGO ARTCC ON FREQS 118.9 (REMOTED FROM WATERLOO) WHEN WATERLOO APCH CTL CLSD.","1","Modified","REMARK"
"2025/02/20","06410.2","A","NON-ATCT","IA","C25","WAVERLY","US","1","ARPT_CTL_REMARK","ATC_REMARK","1","APCH/DEP SVC PRVDD BY MINNEAPOLIS ARTCC ON FREQ 118.9 (REMOTED FROM WATERLOO) WHEN WATERLOO APCH CTL CLSD.","2","Modified","REMARK"
"2025/01/23","05895.2","A","NON-ATCT","IA","CCY","CHARLES CITY","US","1","ARPT_CTL_REMARK","ATC_REMARK","1","APCH/DEP SVC PRVDD BY CHICAGO ARTCC ON FREQS 118.9 (REMOTED FROM WATERLOO) WHEN WATERLOO APCH CTL CLSD.","1","Modified","REMARK"
"2025/02/20","05895.2","A","NON-ATCT","IA","CCY","CHARLES CITY","US","1","ARPT_CTL_REMARK","ATC_REMARK","1","APCH/DEP SVC PRVDD BY MINNEAPOLIS ARTCC ON FREQ 118.9 (REMOTED FROM WATERLOO) WHEN WATERLOO APCH CTL CLSD.","2","Modified","REMARK"
"2025/01/23","06219.01","H","NON-ATCT","IA","IA50","NEW HAMPTON","US","1","ARPT_CTL_REMARK","ATC_REMARK","1","APCH/DEP SVC PRVDD BY CHICAGO ARTCC ON FREQS 118.9 (REMOTED FROM WATERLOO) WHEN WATERLOO APCH CTL CLSD.","1","Modified","REMARK"
"2025/02/20","06219.01","H","NON-ATCT","IA","IA50","NEW HAMPTON","US","1","ARPT_CTL_REMARK","ATC_REMARK","1","APCH/DEP SVC PRVDD BY MINNEAPOLIS ARTCC ON FREQ 118.9 (REMOTED FROM WATERLOO) WHEN WATERLOO APCH CTL CLSD.","2","Modified","REMARK"
"2025/01/23","06074.","A","NON-ATCT","IA","IFA","IOWA FALLS","US","1","ARPT_CTL_REMARK","ATC_REMARK","1","APCH/DEP SVC PRVDD BY CHICAGO ARTCC ON FREQS 118.9 (REMOTED FROM WATERLOO) WHEN WATERLOO APCH CTL CLSD.","1","Modified","REMARK"
"2025/02/20","06074.","A","NON-ATCT","IA","IFA","IOWA FALLS","US","1","ARPT_CTL_REMARK","ATC_REMARK","1","APCH/DEP SVC PRVDD BY MINNEAPOLIS ARTCC ON FREQ 118.9 (REMOTED FROM WATERLOO) WHEN WATERLOO APCH CTL CLSD.","2","Modified","REMARK"
"2025/01/23","06068.1","A","NON-ATCT","IA","IIB","INDEPENDENCE","US","1","ARPT_CTL_REMARK","ATC_REMARK","1","APCH/DEP SVC PRVDD BY CHICAGO ARTCC ON FREQS 118.9 (REMOTED FROM WATERLOO) WHEN WATERLOO APCH CTL CLSD.","1","Modified","REMARK"
"2025/02/20","06068.1","A","NON-ATCT","IA","IIB","INDEPENDENCE","US","1","ARPT_CTL_REMARK","ATC_REMARK","1","APCH/DEP SVC PRVDD BY MINNEAPOLIS ARTCC ON FREQ 118.9 (REMOTED FROM WATERLOO) WHEN WATERLOO APCH CTL CLSD.","2","Modified","REMARK"
"2025/01/23","06161.1","A","NON-ATCT","IA","MIW","MARSHALLTOWN","US","1","ARPT_CTL_REMARK","ATC_REMARK","1","APCH/DEP SVC PRVDD BY CHICAGO ARTCC ON FREQS 127.05/282.35 (DES MOINES RCAG) WHEN WATERLOO APCH CTL CLSD.","1","Modified","REMARK"
"2025/02/20","06161.1","A","NON-ATCT","IA","MIW","MARSHALLTOWN","US","1","ARPT_CTL_REMARK","ATC_REMARK","1","APCH/DEP SVC PRVDD BY MINNEAPOLIS ARTCC ON FREQ 118.9 (REMOTED FROM WATERLOO) WHEN WATERLOO APCH CTL CLSD.","2","Modified","REMARK"
"2025/01/23","06233.","A","NON-ATCT","IA","OLZ","OELWEIN","US","1","ARPT_CTL_REMARK","ATC_REMARK","1","APCH/DEP SVC PRVDD BY CHICAGO ARTCC ON FREQS 118.9 (REMOTED FROM WATERLOO) WHEN WATERLOO APCH CTL CLSD.","1","Modified","REMARK"
"2025/02/20","06233.","A","NON-ATCT","IA","OLZ","OELWEIN","US","1","ARPT_CTL_REMARK","ATC_REMARK","1","APCH/DEP SVC PRVDD BY MINNEAPOLIS ARTCC ON FREQ 118.9 (REMOTED FROM WATERLOO) WHEN WATERLOO APCH CTL CLSD.","2","Modified","REMARK"
"2025/02/20","02517.","A","ATCT-TRACON","CO","ASE","ASPEN","US","4","ARPT_CTL_REMARK","ATC_REMARK","4","APCH/DEP CTL SVC PRVDD BY DENVER ARTCC (ZDV) ON FREQ 128.65/282.2 (KREMMLING RCAG - FOR MMARY STAR.","2","Added",""
"2025/02/20","02517.","A","ATCT-TRACON","CO","ASE","ASPEN","US","5","ARPT_CTL_REMARK","ATC_REMARK","5","APCH/DEP CTL SVC PRVVD BY DENVER ARTCC (ZDV) ON 127.1/343.65 (MONTROSE RCAG) - FOR LOYYD STAR.","2","Added",""
"2025/02/20","27777.1","A","NON-ATCT","WY","DUB","DUBOIS","US","1","ARPT_CTL_REMARK","ATC_REMARK","1","APCH/DEP CTL SVC PRVDD BY SALT LAKE ARTCC (ZLC) ON 133.25/285.6 (JACKSON RCAG).","2","Added",""
"2025/02/20","08296.","H","NON-ATCT","ME","ME29","SKOWHEGAN","US","1","ARPT_CTL_REMARK","ATC_REMARK","1","APCH/DEP SVC PRVDD BY BOSTON ARTCC ON FREQS 128.2/263.05 (WATERBORO RCAG) WHEN PORTLAND APCH CTL CLSD.","2","Added",""
"2025/02/20","01971.","A","ATCT","CA","OAK","OAKLAND","US","3","ARPT_CTL_REMARK","ATC_REMARK","3","SAID IN USE. OPERATE TRANSPONDERS WITH ALTITUDE REPORTING MODE AND ADS-B (IF EQUIPPED) ENABLED ON ALL AIRPORT SURFACES.","2","Added",""
