"EFF_DATE","SITE_NO","SITE_TYPE_CODE","FACILITY_TYPE","STATE_CODE","FACILITY_ID","CITY","COUNTRY_CODE","ICAO_ID","FACILITY_NAME","REGION_CODE","TWR_OPERATOR_CODE","TWR_CALL","TWR_HRS","PRIMARY_APCH_RADIO_CALL","APCH_P_PROVIDER","APCH_P_PROV_TYPE_CD","SECONDARY_APCH_RADIO_CALL","APCH_S_PROVIDER","APCH_S_PROV_TYPE_CD","PRIMARY_DEP_RADIO_CALL","DEP_P_PROVIDER","DEP_P_PROV_TYPE_CD","SECONDARY_DEP_RADIO_CALL","DEP_S_PROVIDER","DEP_S_PROV_TYPE_CD","CTL_FAC_APCH_DEP_CALLS","APCH_DEP_OPER_CODE","CTL_PRVDING_HRS","SECONDARY_CTL_PRVDING_HRS","File","Action","Mods"
"2025/01/23","21299.02","H","NON-ATCT","PA","91PN","POTTSVILLE","US","","LEHIGH VALLEY HOSPITAL SCHUYLKILL","AEA","","","","READING","RDG","A","HARRISBURG","MDT","A","READING","RDG","A","HARRISBURG","MDT","A","","","","","1","Modified","PRIMARY_APCH_RADIO_CALL APCH_P_PROVIDER SECONDARY_APCH_RADIO_CALL APCH_S_PROVIDER APCH_S_PROV_TYPE_CD PRIMARY_DEP_RADIO_CALL DEP_P_PROVIDER SECONDARY_DEP_RADIO_CALL DEP_S_PROVIDER DEP_S_PROV_TYPE_CD"
"2025/02/20","21299.02","H","NON-ATCT","PA","91PN","POTTSVILLE","US","","LEHIGH VALLEY HOSPITAL SCHUYLKILL","AEA","","","","HARRISBURG","MDT","A","","","","HARRISBURG","MDT","A","","","","","","","","2","Modified","PRIMARY_APCH_RADIO_CALL APCH_P_PROVIDER SECONDARY_APCH_RADIO_CALL APCH_S_PROVIDER APCH_S_PROV_TYPE_CD PRIMARY_DEP_RADIO_CALL DEP_P_PROVIDER SECONDARY_DEP_RADIO_CALL DEP_S_PROVIDER DEP_S_PROV_TYPE_CD"
"2025/01/23","27732.","A","NON-ATCT","WY","AFO","AFTON","US","KAFO","AFTON MUNI","ANM","","","","SALT LAKE ARTCC","ZLC","C","","","","SALT LAKE ARTCC","ZLC","C","","","","","","","","1","Modified","FACILITY_NAME"
"2025/02/20","27732.","A","NON-ATCT","WY","AFO","AFTON","US","KAFO","AFTON LINCOLN COUNTY/GENERAL BOYD L EDDINS FLD","ANM","","","","SALT LAKE ARTCC","ZLC","C","","","","SALT LAKE ARTCC","ZLC","C","","","","","","","","2","Modified","FACILITY_NAME"
"2025/01/23","06402.","A","ATCT-TRACON","IA","ALO","WATERLOO","US","KALO","WATERLOO RGNL","ACE","F","WATERLOO","0600-2000","WATERLOO","ALO","A","CHICAGO ARTCC","APCH/S CALL IS CHICAGO ARTCC","S","WATERLOO","ALO","A","CHICAGO ARTCC","DEP/S CALL IS CHICAGO ARTCC","S","WATERLOO","F","0600-2000","2000-0600","1","Modified","SECONDARY_APCH_RADIO_CALL APCH_S_PROVIDER SECONDARY_DEP_RADIO_CALL DEP_S_PROVIDER"
"2025/02/20","06402.","A","ATCT-TRACON","IA","ALO","WATERLOO","US","KALO","WATERLOO RGNL","ACE","F","WATERLOO","0600-2000","WATERLOO","ALO","A","MINNEAPOLIS ARTCC","ARTCC ZMP (MINNEAPOLIS, MN)","S","WATERLOO","ALO","A","MINNEAPOLIS ARTCC","ARTCC ZMP (MINNEAPOLIS, MN)","S","WATERLOO","F","0600-2000","2000-0600","2","Modified","SECONDARY_APCH_RADIO_CALL APCH_S_PROVIDER SECONDARY_DEP_RADIO_CALL DEP_S_PROVIDER"
"2025/01/23","06410.2","A","NON-ATCT","IA","C25","WAVERLY","US","","WAVERLY MUNI","ACE","","","","WATERLOO","ALO","A","CHICAGO ARTCC","APCH/S CALL IS CHICAGO ARTCC","S","WATERLOO","ALO","A","CHICAGO ARTCC","DEP/S CALL IS CHICAGO ARTCC","S","","","","","1","Modified","SECONDARY_APCH_RADIO_CALL APCH_S_PROVIDER SECONDARY_DEP_RADIO_CALL DEP_S_PROVIDER"
"2025/02/20","06410.2","A","NON-ATCT","IA","C25","WAVERLY","US","","WAVERLY MUNI","ACE","","","","WATERLOO","ALO","A","MINNEAPOLIS ARTCC","ARTCC ZMP (MINNEAPOLIS, MN)","S","WATERLOO","ALO","A","MINNEAPOLIS ARTCC","ARTCC ZMP (MINNEAPOLIS, MN)","S","","","","","2","Modified","SECONDARY_APCH_RADIO_CALL APCH_S_PROVIDER SECONDARY_DEP_RADIO_CALL DEP_S_PROVIDER"
"2025/01/23","05895.2","A","NON-ATCT","IA","CCY","CHARLES CITY","US","KCCY","NORTHEAST IOWA RGNL","ACE","","","","WATERLOO","ALO","A","CHICAGO ARTCC","APCH/S CALL IS CHICAGO ARTCC","S","WATERLOO","ALO","A","CHICAGO ARTCC","DEP/S CALL IS CHICAGO ARTCC","S","","","","","1","Modified","SECONDARY_APCH_RADIO_CALL APCH_S_PROVIDER SECONDARY_DEP_RADIO_CALL DEP_S_PROVIDER"
"2025/02/20","05895.2","A","NON-ATCT","IA","CCY","CHARLES CITY","US","KCCY","NORTHEAST IOWA RGNL","ACE","","","","WATERLOO","ALO","A","MINNEAPOLIS ARTCC","ARTCC ZMP (MINNEAPOLIS, MN)","S","WATERLOO","ALO","A","MINNEAPOLIS ARTCC","ARTCC ZMP (MINNEAPOLIS, MN)","S","","","","","2","Modified","SECONDARY_APCH_RADIO_CALL APCH_S_PROVIDER SECONDARY_DEP_RADIO_CALL DEP_S_PROVIDER"
"2025/01/23","27805.","A","ATCT","WY","GUR","GUERNSEY","US","KGUR","CAMP GUERNSEY","ANM","FCT","GUERNSEY","1400-0600Z++ 01 APR - 30 SEP; 1500-0500Z++ 01 OCT- 31 MAR; MON-FRI EXC HOL.","DENVER ARTCC","ZDV","C","","","","DENVER ARTCC","ZDV","C","","","","","","","","1","Modified","TWR_HRS"
"2025/02/20","27805.","A","ATCT","WY","GUR","GUERNSEY","US","KGUR","CAMP GUERNSEY","ANM","FCT","GUERNSEY","1500-0600Z++ 01 JAN- 31 DEC MON-FRI; CLSD HOL.","DENVER ARTCC","ZDV","C","","","","DENVER ARTCC","ZDV","C","","","","","","","","2","Modified","TWR_HRS"
"2025/01/23","06219.01","H","NON-ATCT","IA","IA50","NEW HAMPTON","US","","MERCYONE NEW HAMPTON MEDICAL CENTER","ACE","","","","WATERLOO","ALO","A","CHICAGO ARTCC","ARTCC ZAU (CHICAGO, IL)","S","WATERLOO","ALO","A","CHICAGO ARTCC","ARTCC ZAU (CHICAGO, IL)","S","","","","","1","Modified","SECONDARY_APCH_RADIO_CALL APCH_S_PROVIDER SECONDARY_DEP_RADIO_CALL DEP_S_PROVIDER"
"2025/02/20","06219.01","H","NON-ATCT","IA","IA50","NEW HAMPTON","US","","MERCYONE NEW HAMPTON MEDICAL CENTER","ACE","","","","WATERLOO","ALO","A","MINNEAPOLIS ARTCC","ARTCC ZMP (MINNEAPOLIS, MN)","S","WATERLOO","ALO","A","MINNEAPOLIS ARTCC","ARTCC ZMP (MINNEAPOLIS, MN)","S","","","","","2","Modified","SECONDARY_APCH_RADIO_CALL APCH_S_PROVIDER SECONDARY_DEP_RADIO_CALL DEP_S_PROVIDER"
"2025/01/23","06074.","A","NON-ATCT","IA","IFA","IOWA FALLS","US","KIFA","IOWA FALLS MUNI","ACE","","","","WATERLOO","ALO","A","CHICAGO ARTCC","APCH/S CALL IS CHICAGO ARTCC","S","WATERLOO","ALO","A","CHICAGO ARTCC","DEP/S CALL IS CHICAGO ARTCC","S","","","","","1","Modified","SECONDARY_APCH_RADIO_CALL APCH_S_PROVIDER SECONDARY_DEP_RADIO_CALL DEP_S_PROVIDER"
"2025/02/20","06074.","A","NON-ATCT","IA","IFA","IOWA FALLS","US","KIFA","IOWA FALLS MUNI","ACE","","","","WATERLOO","ALO","A","MINNEAPOLIS ARTCC","ARTCC ZMP (MINNEAPOLIS, MN)","S","WATERLOO","ALO","A","MINNEAPOLIS ARTCC","ARTCC ZMP (MINNEAPOLIS, MN)","S","","","","","2","Modified","SECONDARY_APCH_RADIO_CALL APCH_S_PROVIDER SECONDARY_DEP_RADIO_CALL DEP_S_PROVIDER"
"2025/01/23","06068.1","A","NON-ATCT","IA","IIB","INDEPENDENCE","US","KIIB","JAMES H CONNELL FLD AT INDEPENDENCE MUNI","ACE","","","","WATERLOO","ALO","A","CHICAGO ARTCC","APCH/S CALL IS CHICAGO ARTCC","S","WATERLOO","ALO","A","CHICAGO ARTCC","DEP/S CALL IS CHICAGO ARTCC","S","","","","","1","Modified","SECONDARY_APCH_RADIO_CALL APCH_S_PROVIDER SECONDARY_DEP_RADIO_CALL DEP_S_PROVIDER"
"2025/02/20","06068.1","A","NON-ATCT","IA","IIB","INDEPENDENCE","US","KIIB","JAMES H CONNELL FLD AT INDEPENDENCE MUNI","ACE","","","","WATERLOO","ALO","A","MINNEAPOLIS ARTCC","ARTCC ZMP (MINNEAPOLIS, MN)","S","WATERLOO","ALO","A","MINNEAPOLIS ARTCC","ARTCC ZMP (MINNEAPOLIS, MN)","S","","","","","2","Modified","SECONDARY_APCH_RADIO_CALL APCH_S_PROVIDER SECONDARY_DEP_RADIO_CALL DEP_S_PROVIDER"
"2025/01/23","00753.","A","ATCT","AZ","IWA","PHOENIX","US","KIWA","PHOENIX-MESA GATEWAY","AWP","FCT","GATEWAY","0500-2400","PHOENIX","P50","T","","","","PHOENIX","P50","T","","","","","","","","1","Modified","FACILITY_NAME"
"2025/02/20","00753.","A","ATCT","AZ","IWA","PHOENIX","US","KIWA","MESA GATEWAY","AWP","FCT","GATEWAY","0500-2400","PHOENIX","P50","T","","","","PHOENIX","P50","T","","","","","","","","2","Modified","FACILITY_NAME"
"2025/01/23","08296.","H","NON-ATCT","ME","ME29","SKOWHEGAN","US","","REDINGTON-FAIRVIEW GENERAL HOSPITAL","ANE","","","","BANGOR","BGR","A","","","","BANGOR","BGR","A","","","","","","","","1","Modified","PRIMARY_APCH_RADIO_CALL APCH_P_PROVIDER SECONDARY_APCH_RADIO_CALL APCH_S_PROVIDER APCH_S_PROV_TYPE_CD PRIMARY_DEP_RADIO_CALL DEP_P_PROVIDER SECONDARY_DEP_RADIO_CALL DEP_S_PROVIDER DEP_S_PROV_TYPE_CD"
"2025/02/20","08296.","H","NON-ATCT","ME","ME29","SKOWHEGAN","US","","REDINGTON-FAIRVIEW GENERAL HOSPITAL","ANE","","","","PORTLAND","PWM","A","BOSTON ARTCC","ZBW","C","PORTLAND","PWM","A","BOSTON ARTCC","ZBW","C","","","","","2","Modified","PRIMARY_APCH_RADIO_CALL APCH_P_PROVIDER SECONDARY_APCH_RADIO_CALL APCH_S_PROVIDER APCH_S_PROV_TYPE_CD PRIMARY_DEP_RADIO_CALL DEP_P_PROVIDER SECONDARY_DEP_RADIO_CALL DEP_S_PROVIDER DEP_S_PROV_TYPE_CD"
"2025/01/23","06161.1","A","NON-ATCT","IA","MIW","MARSHALLTOWN","US","KMIW","MARSHALLTOWN MUNI","ACE","","","","WATERLOO","ALO","A","CHICAGO ARTCC","ZAU","C","WATERLOO","ALO","A","CHICAGO ARTCC","ZAU","C","","","","","1","Modified","SECONDARY_APCH_RADIO_CALL APCH_S_PROVIDER APCH_S_PROV_TYPE_CD SECONDARY_DEP_RADIO_CALL DEP_S_PROVIDER DEP_S_PROV_TYPE_CD"
"2025/02/20","06161.1","A","NON-ATCT","IA","MIW","MARSHALLTOWN","US","KMIW","MARSHALLTOWN MUNI","ACE","","","","WATERLOO","ALO","A","MINNEAPOLIS ARTCC","ARTCC ZMP (MINNEAPOLIS, MN)","S","WATERLOO","ALO","A","MINNEAPOLIS ARTCC","ARTCC ZMP (MINNEAPOLIS, MN)","S","","","","","2","Modified","SECONDARY_APCH_RADIO_CALL APCH_S_PROVIDER APCH_S_PROV_TYPE_CD SECONDARY_DEP_RADIO_CALL DEP_S_PROVIDER DEP_S_PROV_TYPE_CD"
"2025/01/23","06233.","A","NON-ATCT","IA","OLZ","OELWEIN","US","KOLZ","OELWEIN MUNI","ACE","","","","WATERLOO","ALO","A","CHICAGO ARTCC","APCH/S CALL IS CHICAGO ARTCC","S","WATERLOO","ALO","A","CHICAGO ARTCC","DEP/S CALL IS CHICAGO ARTCC","S","","","","","1","Modified","SECONDARY_APCH_RADIO_CALL APCH_S_PROVIDER SECONDARY_DEP_RADIO_CALL DEP_S_PROVIDER"
"2025/02/20","06233.","A","NON-ATCT","IA","OLZ","OELWEIN","US","KOLZ","OELWEIN MUNI","ACE","","","","WATERLOO","ALO","A","MINNEAPOLIS ARTCC","ARTCC ZMP (MINNEAPOLIS, MN)","S","WATERLOO","ALO","A","MINNEAPOLIS ARTCC","ARTCC ZMP (MINNEAPOLIS, MN)","S","","","","","2","Modified","SECONDARY_APCH_RADIO_CALL APCH_S_PROVIDER SECONDARY_DEP_RADIO_CALL DEP_S_PROVIDER"
"2025/01/23","20439.14","H","NON-ATCT","PA","PA11","GETTYSBURG","US","","THE GETTYSBURG HOSPITAL","AEA","","","","POTOMAC","PCT","T","","","","POTOMAC","PCT","T","","","","","","","","1","Modified","FACILITY_NAME"
"2025/02/20","20439.14","H","NON-ATCT","PA","PA11","GETTYSBURG","US","","WELLSPAN GETTYSBURG HOSPITAL","AEA","","","","POTOMAC","PCT","T","","","","POTOMAC","PCT","T","","","","","","","","2","Modified","FACILITY_NAME"
"2025/01/23","21329.","A","ATCT-TRACON","PA","RDG","READING","US","KRDG","READING RGNL/CARL A SPAATZ FLD","AEA","F","READING","0600-0000","READING","RDG","A","HARRISBURG","MDT","A","READING","RDG","A","HARRISBURG","MDT","A","READING","F","0600-0000","0000-0600","2","Deleted",""
"2025/02/20","27777.1","A","NON-ATCT","WY","DUB","DUBOIS","US","KDUB","DUBOIS MUNI","ANM","","","","SALT LAKE ARTCC","ZLC","C","","","","SALT LAKE ARTCC","ZLC","C","","","","","","","","2","Added",""
"2025/02/20","21329.","A","ATCT","PA","RDG","READING","US","KRDG","READING RGNL/CARL A SPAATZ FLD","AEA","F","READING","0600-0000","HARRISBURG","MDT","A","","","","HARRISBURG","MDT","A","","","","","","","","2","Added",""
