"EFF_DATE","SITE_NO","SITE_TYPE_CODE","FACILITY_TYPE","STATE_CODE","FACILITY_ID","CITY","COUNTRY_CODE","CTL_SVC","File","Action","Mods"
"2025/01/23","21329.","A","ATCT-TRACON","PA","RDG","READING","US","ARTS-II","2","Deleted",""
"2025/01/23","21329.","A","ATCT-TRACON","PA","RDG","READING","US","BASIC RADAR CTC APCH CTL.","2","Deleted",""
"2025/02/20","21329.","A","ATCT","PA","RDG","READING","US","ARTS-II","2","Added",""
"2025/02/20","21329.","A","ATCT","PA","RDG","READING","US","BASIC RADAR CTC APCH CTL.","2","Added",""
