"EFF_DATE","REGULATORY","AWY_DESIGNATION","AWY_LOCATION","AWY_ID","UPDATE_DATE","REMARK","AIRWAY_STRING","File","Action","Mods"
"2024/12/26","N","BF","C","BR62V","2024/03/28","","TRV ANGEE FORNL SURFN JAKEL ZFP","2","Deleted",""
"2024/12/26","Y","J","C","J213","2022/01/04","","BKW ROCKA DILNN SEALZ FINKS KERRE DOCCS AML","2","Deleted",""
"2024/12/26","Y","J","C","J526","2017/05/23","","BKW ZIEBR IIU","2","Deleted",""
"2024/12/26","Y","RN","C","Q117","2023/08/15","","PRONI CUDLE SUSSA KTEEE SAWED","1","Modified","UPDATE_DATE AIRWAY_STRING"
"2025/02/20","Y","RN","C","Q117","2024/12/20","","PRONI RREGG SUSSA KTEEE SAWED","2","Modified","UPDATE_DATE AIRWAY_STRING"
"2024/12/26","Y","RN","C","Q135","2022/07/21","","JROSS PELIE ELMSZ RAPZZ ZORDO CUDLE","1","Modified","UPDATE_DATE AIRWAY_STRING"
"2025/02/20","Y","RN","C","Q135","2024/12/30","","JROSS PELIE ELMSZ RAPZZ ZORDO RREGG","2","Modified","UPDATE_DATE AIRWAY_STRING"
"2024/12/26","Y","RN","C","Q141","2023/01/05","","HOUKY TAPPA HYTRA BLNTN NALES","1","Modified","UPDATE_DATE AIRWAY_STRING"
"2025/02/20","Y","RN","C","Q141","2025/01/15","","HOUKY STUTR TAPPA HYTRA BLNTN NALES","2","Modified","UPDATE_DATE AIRWAY_STRING"
"2024/12/26","Y","RN","A","Q18","2021/04/05","","GAL BRW","2","Deleted",""
"2024/12/26","Y","RN","A","Q8","2021/04/05","","GAL KKYLE TED","1","Modified","UPDATE_DATE AIRWAY_STRING"
"2025/02/20","Y","RN","A","Q8","2024/12/30","","BRW GAL KKYLE TED","2","Modified","UPDATE_DATE AIRWAY_STRING"
"2024/12/26","Y","RN","C","T407","2021/11/12","","FSD VOLGA OBITT VESTY FFORT STUCK RIRCO GUVEY BANEY RUSTD FAR PAWSS JOCOR GFK WUTSO NALCO WUBED ZOMTA","1","Modified","AIRWAY_STRING"
"2025/02/20","Y","RN","C","T407","2021/11/12","","FSD VOLGA OBITT VESTY FFORT STUCK RIRCO GUVEY LOCKR RUSTD FAR PAWSS JOCOR GFK WUTSO NALCO WUBED ZOMTA","2","Modified","AIRWAY_STRING"
"2024/12/26","Y","RN","C","T426","2023/01/09","","DANCO TABER PIGGS DUNCE JAVVA MCDON","1","Modified","UPDATE_DATE AIRWAY_STRING"
"2025/02/20","Y","RN","C","T426","2024/12/23","","JPU EDSOE WARDO ITALY GAULE SITTR ESTEM SOFTY WAKIS DANCO TABER PIGGS DUNCE JAVVA MCDON","2","Modified","UPDATE_DATE AIRWAY_STRING"
"2024/12/26","Y","V","C","V128","2024/05/13","","VHP OZMOE NOBYI WAGSE DECEE HIGMA AMARG LOVEY LOPYU JADRO CVG HVQ SWIFT BITES HAWKI VELLI BOIER DEKAY TTUMS LURAY CSN","1","Modified","UPDATE_DATE"
"2025/02/20","Y","V","C","V128","2025/01/08","","VHP OZMOE NOBYI WAGSE DECEE HIGMA AMARG LOVEY LOPYU JADRO CVG HVQ SWIFT BITES HAWKI VELLI BOIER DEKAY TTUMS LURAY CSN","2","Modified","UPDATE_DATE"
"2024/12/26","Y","V","C","V133","2024/07/12","","LINCO ALDOH BZM ZUGAT MULBE HUBVA STOVE DORFF TELOC KENYA PINEE FEDEX HVQ LIVES CUSTO UJOYU FARLN STURR ZZV MBS WHIPP LADIN BORIN TVC CUBKO ESC ZALKI VNZNT SAW PEVXI CMX INL JGKPL","1","Modified","UPDATE_DATE"
"2025/02/20","Y","V","C","V133","2024/12/23","","LINCO ALDOH BZM ZUGAT MULBE HUBVA STOVE DORFF TELOC KENYA PINEE FEDEX HVQ LIVES CUSTO UJOYU FARLN STURR ZZV MBS WHIPP LADIN BORIN TVC CUBKO ESC ZALKI VNZNT SAW PEVXI CMX INL JGKPL","2","Modified","UPDATE_DATE"
"2024/12/26","Y","V","C","V140","2022/06/07","","PNH FASOG GOONI WUDPI ASAZE BFV TUL INOLA TUSOC PRYOR GENET JAMDO RZC CATEX SPRAY GREEM HRO CADAN BERGG PYATT MUVUE INNAM CEMUK WASUD VILLO ARG BNA LENON HETAP HARME LVT WNSOR ESONE LOZ BLF OBERS SOFTY ZOOMS CASTE COVEY HOBOS RELEE MOL TURGA MITER WITTO HOODE CSN","1","Modified","UPDATE_DATE"
"2025/02/20","Y","V","C","V140","2024/12/23","","PNH FASOG GOONI WUDPI ASAZE BFV TUL INOLA TUSOC PRYOR GENET JAMDO RZC CATEX SPRAY GREEM HRO CADAN BERGG PYATT MUVUE INNAM CEMUK WASUD VILLO ARG BNA LENON HETAP HARME LVT WNSOR ESONE LOZ BLF OBERS SOFTY ZOOMS CASTE COVEY HOBOS RELEE MOL TURGA MITER WITTO HOODE CSN","2","Modified","UPDATE_DATE"
"2024/12/26","Y","V","C","V143","2021/07/19","","GIZMO AZELL GSO LEAKS ULAKE DUNCE HURTT LYH ELLON CLYFF MOL CEROL LURAY KERRE AANTS HOAGE MRB MAPEL ROBRT MULRR HYPER BINNS DELRO JOANE LRP PTW ARD","1","Modified","UPDATE_DATE"
"2025/02/20","Y","V","C","V143","2024/12/23","","GIZMO AZELL GSO LEAKS ULAKE DUNCE HURTT LYH ELLON CLYFF MOL CEROL LURAY KERRE AANTS HOAGE MRB MAPEL ROBRT MULRR HYPER BINNS DELRO JOANE LRP PTW ARD","2","Modified","UPDATE_DATE"
"2024/12/26","Y","V","C","V15","2022/01/24","","TNV WELTT HEDIX CLL GASEC HAMAN LOTTA SATTY OMOBE ACT OVFAC IMIPE DRILL THING CQY ZONTO CINOK KEYEG IKOYA BYP ABR IRIWY WISEK MOFIT BIS FIKAG WILTN WASHR TERTL HIDEL PABIC MOT","1","Modified","UPDATE_DATE"
"2025/02/20","Y","V","C","V15","2025/01/13","","TNV WELTT HEDIX CLL GASEC HAMAN LOTTA SATTY OMOBE ACT OVFAC IMIPE DRILL THING CQY ZONTO CINOK KEYEG IKOYA BYP ABR IRIWY WISEK MOFIT BIS FIKAG WILTN WASHR TERTL HIDEL PABIC MOT","2","Modified","UPDATE_DATE"
"2024/12/26","Y","V","C","V175","2022/07/18","","VIH ZIPUR HODGS STITH OGULE HLV IRK OHGEE LACON DSM RWF FITAS ARMUW ULJAB AXN","1","Modified","UPDATE_DATE"
"2025/02/20","Y","V","C","V175","2024/12/20","","VIH ZIPUR HODGS STITH OGULE HLV IRK OHGEE LACON DSM RWF FITAS ARMUW ULJAB AXN","2","Modified","UPDATE_DATE"
"2024/12/26","Y","V","C","V216","2024/07/05","","LAA WILVA ORION HLC RISHO KOTZA TKO IOW REZIE BILOX LOTTE WACKS LENAS DAVIS PAPOW JVL","1","Modified","UPDATE_DATE AIRWAY_STRING"
"2025/02/20","Y","V","C","V216","2024/12/30","","LAA WILVA ORION HLC IOW REZIE BILOX LOTTE WACKS LENAS DAVIS PAPOW JVL","2","Modified","UPDATE_DATE AIRWAY_STRING"
"2024/12/26","Y","V","C","V220","2024/07/05","","JNC PACES EDUKY HUGSI RIYNO SLOLM RIL NOVJO EKR AXIAL JESKU CHE EGFAX HABRO SBURG TILLI GUVYU RLG HYGEN NIWOT GLL SYLVR AKO MCJEF QWILT MCK LIDIC ZESOB SPRIT JUPUL EAR","1","Modified","UPDATE_DATE"
"2025/02/20","Y","V","C","V220","2024/12/31","","JNC PACES EDUKY HUGSI RIYNO SLOLM RIL NOVJO EKR AXIAL JESKU CHE EGFAX HABRO SBURG TILLI GUVYU RLG HYGEN NIWOT GLL SYLVR AKO MCJEF QWILT MCK LIDIC ZESOB SPRIT JUPUL EAR","2","Modified","UPDATE_DATE"
"2024/12/26","Y","V","C","V222","2024/01/30","","ELP GIFEN RIOWE SFL HOBAN FST OZMOS KEMPL JCT ARPER STV GOBBY BETTI MARCS CRAYS IDU SEALY IAH LCH PLRMO HATHA MAXON BOZAN MOGAN WRACK LESTE MCB CETDA WOBAK LBY LIGIC PICAN YARBO MVC PICKS JEFER ALOON MGM PETOC MARST KENTT YARBE TIMMY LGC HONIE TIROE","1","Modified","UPDATE_DATE AIRWAY_STRING"
"2025/02/20","Y","V","C","V222","2024/12/18","","ELP GIFEN RIOWE SFL HOBAN FST OZMOS KEMPL JCT ARPER STV GOBBY MARCS CRAYS IDU SEALY IAH LCH PLRMO HATHA MAXON BOZAN MOGAN WRACK LESTE MCB CETDA WOBAK LBY LIGIC PICAN YARBO MVC PICKS JEFER ALOON MGM PETOC MARST KENTT YARBE TIMMY LGC HONIE TIROE","2","Modified","UPDATE_DATE AIRWAY_STRING"
"2024/12/26","Y","V","C","V258","2024/07/16","","HVQ SCRIB NUTTR BKW ZOOMS ROA","2","Deleted",""
"2024/12/26","Y","V","C","V281","2023/06/22","","MWH ODECE OLFUS OZONI BAKCA PSC","1","Modified","UPDATE_DATE AIRWAY_STRING"
"2025/02/20","Y","V","C","V281","2024/12/31","","PSC BAKCA OZONI OLFUS ODECE MWH","2","Modified","UPDATE_DATE AIRWAY_STRING"
"2024/12/26","Y","V","C","V287","2023/02/24","","FJS GRENA EHPUG HIVEG FOBRO KLAMA OED AZURE KOLER CAMAS DEROY OTH ZUBOR RARES TICKY WOUDS CRAAF MCCOY UBG ENDZZ BTG ROARK COUGA MALAY TONNO OLM CARRO JUVGA ARPEE LOFAL PAE CVV","1","Modified","UPDATE_DATE"
"2025/02/20","Y","V","C","V287","2024/12/30","","FJS GRENA EHPUG HIVEG FOBRO KLAMA OED AZURE KOLER CAMAS DEROY OTH ZUBOR RARES TICKY WOUDS CRAAF MCCOY UBG ENDZZ BTG ROARK COUGA MALAY TONNO OLM CARRO JUVGA ARPEE LOFAL PAE CVV","2","Modified","UPDATE_DATE"
"2024/12/26","Y","V","C","V3","2024/05/13","","EYW BIPIN JANKA GUCEL DROWN TWNNS MNATE DHP FLL PBI MORGA SMUGS WUBUR TRV MLBSO VALKA MLB INDIA TICCO MALET FORNI OAKIE SMYRA MIKBE OMN SEBAG VEDRA LLIPS TOMDY SSI BROUN HARPS WOHPY KELER SAV REBUS OWENS FLO IDEBE DUNGY TOWEY TESYU SDZ OCHOC MOATS RDU ESTMA STEMM YITUP OXFRD HARVY DOCMO NUTTS CARML FAK GVE WITTO LURAY KERRE AANTS HOAGE MRB RUANE EMI VINNY KITHE MERLL GLOMO MXE FROSE MUDNE DASDE MAZIE HARRS BIGGY SBJ PIYIN FALLZ NYACK CMK RACEY SORRY YALER HFD JEWIT FOSTY WOONS MILIS BOS PQI JURDO LABRE","1","Modified","UPDATE_DATE"
"2025/02/20","Y","V","C","V3","2024/12/23","","EYW BIPIN JANKA GUCEL DROWN TWNNS MNATE DHP FLL PBI MORGA SMUGS WUBUR TRV MLBSO VALKA MLB INDIA TICCO MALET FORNI OAKIE SMYRA MIKBE OMN SEBAG VEDRA LLIPS TOMDY SSI BROUN HARPS WOHPY KELER SAV REBUS OWENS FLO IDEBE DUNGY TOWEY TESYU SDZ OCHOC MOATS RDU ESTMA STEMM YITUP OXFRD HARVY DOCMO NUTTS CARML FAK GVE WITTO LURAY KERRE AANTS HOAGE MRB RUANE EMI VINNY KITHE MERLL GLOMO MXE FROSE MUDNE DASDE MAZIE HARRS BIGGY SBJ PIYIN FALLZ NYACK CMK RACEY SORRY YALER HFD JEWIT FOSTY WOONS MILIS BOS PQI JURDO LABRE","2","Modified","UPDATE_DATE"
"2024/12/26","Y","V","C","V39","2023/04/19","","SDZ MERIL SNOWS UXEWE SEGPE SBV INSAC SHEPS COLAB ARVON GVE WITTO LURAY KERRE AANTS HOAGE MRB MAPEL ROBRT MULRR HYPER BINNS DELRO JOANE LRP BOYER FLOAT ETX ELIOT SAX WANVA BREZY VOLLU MICAL CMK GREKI SOARS MOONI STUBY SASHA MOLDS CTR AUG LIPVE RINTH MLT CROIX PQI GRINS","1","Modified","UPDATE_DATE"
"2025/02/20","Y","V","C","V39","2024/12/23","","SDZ MERIL SNOWS UXEWE SEGPE SBV INSAC SHEPS COLAB ARVON GVE WITTO LURAY KERRE AANTS HOAGE MRB MAPEL ROBRT MULRR HYPER BINNS DELRO JOANE LRP BOYER FLOAT ETX ELIOT SAX WANVA BREZY VOLLU MICAL CMK GREKI SOARS MOONI STUBY SASHA MOLDS CTR AUG LIPVE RINTH MLT CROIX PQI GRINS","2","Modified","UPDATE_DATE"
"2024/12/26","Y","V","C","V45","2024/10/31","","EWN WILUN ISO HOPIM TILTZ ESTER WADUG BRADE WENDI RDU CHAPL SNOWS HOJPA KIMES GSO PROVE FREON WILIZ NANKY PSK ERATH HECKE BLF KEGLY TERRN HVQ MBS SEEKS SNOWW WHOOP TUSYU AILES APN RNAND REEFY HITAM SSM","1","Modified","UPDATE_DATE AIRWAY_STRING"
"2025/02/20","Y","V","C","V45","2024/11/29","","EWN WILUN ISO HOPIM TILTZ ESTER WADUG BRADE WENDI RDU CHAPL SNOWS HOJPA KIMES GSO PROVE FREON WILIZ NANKY PSK ERATH HECKE BLF KEGLY HVQ MBS SEEKS SNOWW WHOOP TUSYU AILES APN RNAND REEFY HITAM SSM","2","Modified","UPDATE_DATE AIRWAY_STRING"
"2024/12/26","Y","V","C","V5","2024/06/04","","PZD GILLY VNA UCALA DBN HEPUT HADOC BEYLO TRAPI CORVI PENFI AHN EWO JBEAM BRBON IIU ZOPOM NERVE CVG WUSPU BRNIE MOAKS JENEY PRUDE SOWAP FODAN SHIRT JOGER LIMPS GOBVE GLOOM TIYOY FABDO APE","1","Modified","UPDATE_DATE"
"2025/02/20","Y","V","C","V5","2024/12/20","","PZD GILLY VNA UCALA DBN HEPUT HADOC BEYLO TRAPI CORVI PENFI AHN EWO JBEAM BRBON IIU ZOPOM NERVE CVG WUSPU BRNIE MOAKS JENEY PRUDE SOWAP FODAN SHIRT JOGER LIMPS GOBVE GLOOM TIYOY FABDO APE","2","Modified","UPDATE_DATE"
"2024/12/26","Y","V","C","V519","2023/12/12","","VXV NEYLN GOODL TAMPI FARLI YUMMY HILTO GZG TELOC BLF BKW","1","Modified","UPDATE_DATE AIRWAY_STRING"
"2025/02/20","Y","V","C","V519","2024/12/26","","VXV NEYLN GOODL TAMPI FARLI YUMMY HILTO GZG TELOC BLF","2","Modified","UPDATE_DATE AIRWAY_STRING"
"2024/12/26","Y","V","C","V536","2021/04/05","","OTH ZUBOR RARES TICKY CVO SHEDD LATHE JAIME MANTE EENIE DSD DUMMP ZORNS ARNOY ZEMAB ROAMS RENCE HEPPE TEBKE OLNUC PDT ZUTED ALW RENGO BIDDY LEKIC PUW PENAE JETTS MLP FIKAB VAILL FCA KIVVE GAPAR PIKUN CHOTE DATSA IMUPE GTF URELE ANNEM FALDE SWEDD GODFE MENAR BZN SHR HERKA MIDGE GCC WUVUT ECS ZAMBI RAP","1","Modified","UPDATE_DATE"
"2025/02/20","Y","V","C","V536","2024/12/30","","OTH ZUBOR RARES TICKY CVO SHEDD LATHE JAIME MANTE EENIE DSD DUMMP ZORNS ARNOY ZEMAB ROAMS RENCE HEPPE TEBKE OLNUC PDT ZUTED ALW RENGO BIDDY LEKIC PUW PENAE JETTS MLP FIKAB VAILL FCA KIVVE GAPAR PIKUN CHOTE DATSA IMUPE GTF URELE ANNEM FALDE SWEDD GODFE MENAR BZN SHR HERKA MIDGE GCC WUVUT ECS ZAMBI RAP","2","Modified","UPDATE_DATE"
"2024/12/26","Y","V","C","V549","2017/08/11","","HYS PUQZE ZABEK MAWNO KOVJY TKO","2","Deleted",""
"2024/12/26","Y","V","C","V551","2022/10/31","","SLN IKDEW TKO","2","Deleted",""
"2024/12/26","Y","V","C","V565","2024/09/06","","CWK SCOLL KABBA OSUME CLL OSCER LFK","1","Modified","UPDATE_DATE"
"2025/02/20","Y","V","C","V565","2024/12/30","","CWK SCOLL KABBA OSUME CLL OSCER LFK","2","Modified","UPDATE_DATE"
"2024/12/26","Y","V","C","V59","2021/10/14","","PSK WAKIS SOFTY ESTEM BKW GAULE ITALY WARDO EDSOE JPU","2","Deleted",""
"2024/12/26","Y","V","C","V97","2024/05/28","","DHP WINCO LBV UTELE QUNCY ROGAN BRDGE GIBBS PIE DARBS TABIR PLYER CLAMP HEVVN ADDAX WOUND SZW RENOE LEBBY DOGGI ELMOE PZD BRONN WIPPS AMAPO WILMS PRATZ NELLO MELLS MARBL OLBUE HINDE TALLA VXV NOISE LOZ REBEL HYK NEBIY GENUS DARKS ZIRKE CUCJU CVG MILAN SHB ZAVNE ZIPPY AZHUP OCKEL ZOFRI BVT OXFAT ZORRO LUCIT COKED CGT NILES ODI PEGGS TROLL MANIE PRESS KANAC GEP","1","Modified","UPDATE_DATE"
"2025/02/20","Y","V","C","V97","2024/12/16","","DHP WINCO LBV UTELE QUNCY ROGAN BRDGE GIBBS PIE DARBS TABIR PLYER CLAMP HEVVN ADDAX WOUND SZW RENOE LEBBY DOGGI ELMOE PZD BRONN WIPPS AMAPO WILMS PRATZ NELLO MELLS MARBL OLBUE HINDE TALLA VXV NOISE LOZ REBEL HYK NEBIY GENUS DARKS ZIRKE CUCJU CVG MILAN SHB ZAVNE ZIPPY AZHUP OCKEL ZOFRI BVT OXFAT ZORRO LUCIT COKED CGT NILES ODI PEGGS TROLL MANIE PRESS KANAC GEP","2","Modified","UPDATE_DATE"
"2025/02/20","N","AT","C","Y624","2025/01/06","","FOMGU SURFN PUCKR JAKEL ZFP","2","Added",""
