"EFF_DATE","DP_NAME","ARTCC","DP_COMPUTER_CODE","BODY_NAME","BODY_SEQ","ARPT_ID","RWY_END_ID","File","Action","Mods"
"2024/12/26","GRAND JUNCTION","ZDV","JNC8.JNC","JNC","1","GJT","11","2","Deleted",""
"2024/12/26","GRAND JUNCTION","ZDV","JNC8.JNC","JNC","1","GJT","29","2","Deleted",""
"2024/12/26","GRZLY","ZLC","GRZLY3.MSO","MSO","1","MSO","12","2","Deleted",""
"2024/12/26","GRZLY","ZLC","GRZLY3.MSO","MSO","1","MSO","30","2","Deleted",""
"2024/12/26","HARYS","ZLA","HARYS4.HARYS","PPRRY-HARYS","1","VNY","16R","2","Deleted",""
"2024/12/26","INDUSTRY","ZHU","IDU1.IDU","SHYNR-IDU","1","AXH","09","2","Deleted",""
"2024/12/26","INDUSTRY","ZHU","IDU1.IDU","SHYNR-IDU","1","AXH","27","2","Deleted",""
"2024/12/26","INDUSTRY","ZHU","IDU1.IDU","SHYNR-IDU","1","CXO","ALL","2","Deleted",""
"2024/12/26","INDUSTRY","ZHU","IDU1.IDU","SHYNR-IDU","1","DWH","ALL","2","Deleted",""
"2024/12/26","INDUSTRY","ZHU","IDU1.IDU","SHYNR-IDU","1","EFD","ALL","2","Deleted",""
"2024/12/26","INDUSTRY","ZHU","IDU1.IDU","SHYNR-IDU","1","GLS","14","2","Deleted",""
"2024/12/26","INDUSTRY","ZHU","IDU1.IDU","SHYNR-IDU","1","GLS","18","2","Deleted",""
"2024/12/26","INDUSTRY","ZHU","IDU1.IDU","SHYNR-IDU","1","GLS","32","2","Deleted",""
"2024/12/26","INDUSTRY","ZHU","IDU1.IDU","SHYNR-IDU","1","GLS","36","2","Deleted",""
"2024/12/26","INDUSTRY","ZHU","IDU1.IDU","SHYNR-IDU","1","HOU","04","2","Deleted",""
"2024/12/26","INDUSTRY","ZHU","IDU1.IDU","SHYNR-IDU","1","HOU","13L","2","Deleted",""
"2024/12/26","INDUSTRY","ZHU","IDU1.IDU","SHYNR-IDU","1","HOU","13R","2","Deleted",""
"2024/12/26","INDUSTRY","ZHU","IDU1.IDU","SHYNR-IDU","1","HOU","22","2","Deleted",""
"2024/12/26","INDUSTRY","ZHU","IDU1.IDU","SHYNR-IDU","1","HOU","31L","2","Deleted",""
"2024/12/26","INDUSTRY","ZHU","IDU1.IDU","SHYNR-IDU","1","HOU","31R","2","Deleted",""
"2024/12/26","INDUSTRY","ZHU","IDU1.IDU","SHYNR-IDU","1","IAH","ALL","2","Deleted",""
"2024/12/26","INDUSTRY","ZHU","IDU1.IDU","SHYNR-IDU","1","IWS","ALL","2","Deleted",""
"2024/12/26","INDUSTRY","ZHU","IDU1.IDU","SHYNR-IDU","1","LBX","ALL","2","Deleted",""
"2024/12/26","INDUSTRY","ZHU","IDU1.IDU","SHYNR-IDU","1","SGR","17","2","Deleted",""
"2024/12/26","INDUSTRY","ZHU","IDU1.IDU","SHYNR-IDU","1","SGR","35","2","Deleted",""
"2024/12/26","INDUSTRY","ZHU","IDU1.IDU","SHYNR-IDU","1","T41","05","2","Deleted",""
"2024/12/26","INDUSTRY","ZHU","IDU1.IDU","SHYNR-IDU","1","T41","12","2","Deleted",""
"2024/12/26","INDUSTRY","ZHU","IDU1.IDU","SHYNR-IDU","1","T41","23","2","Deleted",""
"2024/12/26","INDUSTRY","ZHU","IDU1.IDU","SHYNR-IDU","1","T41","30","2","Deleted",""
"2024/12/26","INDUSTRY","ZHU","IDU1.IDU","SHYNR-IDU","1","TME","18","2","Deleted",""
"2024/12/26","INDUSTRY","ZHU","IDU1.IDU","SHYNR-IDU","1","TME","36","2","Deleted",""
"2024/12/26","LINSE","ZDC","LINSE1.LINSE","HEDWG-LINSE","1","BWI","15L","2","Deleted",""
"2024/12/26","LINSE","ZDC","LINSE1.LINSE","JLENN-LINSE","1","BWI","28","2","Deleted",""
"2024/12/26","LINSE","ZDC","LINSE1.LINSE","JWALL-LINSE","1","BWI","10","2","Deleted",""
"2024/12/26","LINSE","ZDC","LINSE1.LINSE","PCHEN-LINSE","1","BWI","33L","2","Deleted",""
"2024/12/26","LINSE","ZDC","LINSE1.LINSE","PCHEN-LINSE","1","BWI","33R","2","Deleted",""
"2024/12/26","LINSE","ZDC","LINSE1.LINSE","TERPZ-LINSE","1","DMW","ALL","2","Deleted",""
"2024/12/26","LINSE","ZDC","LINSE1.LINSE","TERPZ-LINSE","1","ESN","ALL","2","Deleted",""
"2024/12/26","LINSE","ZDC","LINSE1.LINSE","TERPZ-LINSE","1","FDK","ALL","2","Deleted",""
"2024/12/26","LINSE","ZDC","LINSE1.LINSE","TERPZ-LINSE","1","GAI","ALL","2","Deleted",""
"2024/12/26","LINSE","ZDC","LINSE1.LINSE","TERPZ-LINSE","1","MTN","ALL","2","Deleted",""
"2024/12/26","LINSE","ZDC","LINSE1.LINSE","WARYN-LINSE","1","BWI","15R","2","Deleted",""
"2024/12/26","OBERS","ZID","OBERS4.OBERS","OBERS","1","BLF","05","2","Deleted",""
"2024/12/26","OBERS","ZID","OBERS4.OBERS","OBERS","1","BLF","23","2","Deleted",""
"2024/12/26","ROSCOE","ZLA","RSCO3.VVERA","BSHOW-VVERA","1","VNY","16R","2","Deleted",""
"2024/12/26","WLKKR","ZLA","WLKKR4.WLKKR","LUVVY-WLKKR","1","VNY","16R","2","Deleted",""
"2025/02/20","FLIYN","ZLC","FLIYN1.FLIYN","NOHVA-FLIYN","1","SUN","13","2","Added",""
"2025/02/20","GRAND JUNCTION","ZDV","JNC9.JNC","JNC","1","GJT","11","2","Added",""
"2025/02/20","GRAND JUNCTION","ZDV","JNC9.JNC","JNC","1","GJT","29","2","Added",""
"2025/02/20","GRZLY","ZLC","GRZLY4.MSO","MSO","1","MSO","12","2","Added",""
"2025/02/20","GRZLY","ZLC","GRZLY4.MSO","MSO","1","MSO","30","2","Added",""
"2025/02/20","HARYS","ZLA","HARYS5.HARYS","DSSRT-HARYS","1","VNY","16R","2","Added",""
"2025/02/20","LINSE","ZDC","LINSE2.LINSE","HEDWG-LINSE","1","BWI","15L","2","Added",""
"2025/02/20","LINSE","ZDC","LINSE2.LINSE","JLENN-LINSE","1","BWI","28","2","Added",""
"2025/02/20","LINSE","ZDC","LINSE2.LINSE","JWALL-LINSE","1","BWI","10","2","Added",""
"2025/02/20","LINSE","ZDC","LINSE2.LINSE","PCHEN-LINSE","1","BWI","33L","2","Added",""
"2025/02/20","LINSE","ZDC","LINSE2.LINSE","PCHEN-LINSE","1","BWI","33R","2","Added",""
"2025/02/20","LINSE","ZDC","LINSE2.LINSE","TERPZ-LINSE","1","DMW","ALL","2","Added",""
"2025/02/20","LINSE","ZDC","LINSE2.LINSE","TERPZ-LINSE","1","ESN","ALL","2","Added",""
"2025/02/20","LINSE","ZDC","LINSE2.LINSE","TERPZ-LINSE","1","FDK","ALL","2","Added",""
"2025/02/20","LINSE","ZDC","LINSE2.LINSE","TERPZ-LINSE","1","GAI","ALL","2","Added",""
"2025/02/20","LINSE","ZDC","LINSE2.LINSE","TERPZ-LINSE","1","MTN","ALL","2","Added",""
"2025/02/20","LINSE","ZDC","LINSE2.LINSE","WARYN-LINSE","1","BWI","15R","2","Added",""
"2025/02/20","ROSCOE","ZLA","RSCO4.VVERA","DSSRT-VVERA","1","VNY","16R","2","Added",""
"2025/02/20","ROWEY","ZLC","ROWEY1.ROWEY","ROWEY","1","DUB","11","2","Added",""
"2025/02/20","WLKKR","ZLA","WLKKR5.WLKKR","BOOGY-WLKKR","1","VNY","16R","2","Added",""
