"EFF_DATE","DP_NAME","AMENDMENT_NO","ARTCC","DP_AMEND_EFF_DATE","RNAV_FLAG","DP_COMPUTER_CODE","GRAPHICAL_DP_TYPE","SERVED_ARPT","File","Action","Mods"
"2024/12/26","CENTEX","SEVEN","ZHU","2021/04/22","N","CWK7.CWK","SID","AUS","2","Deleted",""
"2024/12/26","GRAND JUNCTION","EIGHT","ZDV","2024/05/16","N","JNC8.JNC","SID","GJT","2","Deleted",""
"2024/12/26","GRZLY","THREE","ZLC","2018/05/24","N","GRZLY3.MSO","OBSTACLE","MSO","2","Deleted",""
"2024/12/26","HARYS","FOUR","ZLA","2020/09/10","Y","HARYS4.HARYS","SID","VNY","2","Deleted",""
"2024/12/26","HICKORY","FOUR","ZTL","2024/09/05","N","HKY4.HKY","OBSTACLE","HKY","2","Deleted",""
"2024/12/26","INDUSTRY","ONE","ZHU","2021/10/07","N","IDU1.IDU","SID","AXH CXO DWH EFD GLS HOU IAH IWS LBX SGR T41 TME","2","Deleted",""
"2024/12/26","LINSE","ONE","ZDC","2024/07/11","Y","LINSE1.LINSE","SID","BWI","2","Deleted",""
"2024/12/26","NAPLES","FIVE","ZMA","2017/04/27","N","APF5.APF","SID","APF","2","Deleted",""
"2024/12/26","OBERS","FOUR","ZID","2016/07/21","N","OBERS4.OBERS","SID","BLF","2","Deleted",""
"2024/12/26","ROSCOE","THREE","ZLA","2019/12/05","Y","RSCO3.VVERA","SID","VNY","2","Deleted",""
"2024/12/26","WLKKR","FOUR","ZLA","2019/12/05","Y","WLKKR4.WLKKR","SID","VNY","2","Deleted",""
"2025/02/20","CENTEX","EIGHT","ZHU","2025/02/20","N","CWK8.CWK","SID","AUS","2","Added",""
"2025/02/20","FLIYN","ONE","ZLC","2025/02/20","Y","FLIYN1.FLIYN","SID","SUN","2","Added",""
"2025/02/20","GRAND JUNCTION","NINE","ZDV","2025/02/20","N","JNC9.JNC","SID","GJT","2","Added",""
"2025/02/20","GRZLY","FOUR","ZLC","2025/02/20","N","GRZLY4.MSO","OBSTACLE","MSO","2","Added",""
"2025/02/20","HARYS","FIVE","ZLA","2025/02/20","Y","HARYS5.HARYS","SID","VNY","2","Added",""
"2025/02/20","HICKORY","ONE","ZTL","2025/02/20","N","HKY1.HKY","SID","HKY","2","Added",""
"2025/02/20","HUDSN (COPTER)","ONE","ZNY","2025/02/20","Y","HUDSN1.YOMAN","SID","6N5 JRA JRB","2","Added",""
"2025/02/20","LINSE","TWO","ZDC","2025/02/20","Y","LINSE2.LINSE","SID","BWI DMW ESN FDK GAI MTN","2","Added",""
"2025/02/20","NAPLES","SIX","ZMA","2025/02/20","N","APF6.APF","SID","APF","2","Added",""
"2025/02/20","ROSCOE","FOUR","ZLA","2025/02/20","Y","RSCO4.VVERA","SID","VNY","2","Added",""
"2025/02/20","ROWEY","ONE","ZLC","2025/02/20","Y","ROWEY1.ROWEY","OBSTACLE","DUB","2","Added",""
"2025/02/20","WLKKR","FIVE","ZLA","2025/02/20","Y","WLKKR5.WLKKR","SID","VNY","2","Added",""
