"EFF_DATE","DP_NAME","ARTCC","DP_COMPUTER_CODE","ROUTE_PORTION_TYPE","ROUTE_NAME","BODY_SEQ","TRANSITION_COMPUTER_CODE","POINT_SEQ","POINT","ICAO_REGION_CODE","POINT_TYPE","NEXT_POINT","ARPT_RWY_ASSOC","File","Action","Mods"
"2024/12/26","BNDTO","ZHU","BNDTO6.BNDTO","TRANSITION","MNURE TRANSITION","1","BNDTO6.MNURE","20","BOCCK","K4","RP   ","FFOAM","","1","Modified","POINT_TYPE"
"2025/02/20","BNDTO","ZHU","BNDTO6.BNDTO","TRANSITION","MNURE TRANSITION","1","BNDTO6.MNURE","20","BOCCK","K4","WP   ","FFOAM","","2","Modified","POINT_TYPE"
"2024/12/26","BNDTO","ZHU","BNDTO6.BNDTO","TRANSITION","SAN ANTONIO TRANSITION","1","BNDTO6.SAT","40","BOCCK","K4","RP   ","FFOAM","","1","Modified","POINT_TYPE"
"2025/02/20","BNDTO","ZHU","BNDTO6.BNDTO","TRANSITION","SAN ANTONIO TRANSITION","1","BNDTO6.SAT","40","BOCCK","K4","WP   ","FFOAM","","2","Modified","POINT_TYPE"
"2024/12/26","BORRN","ZHU","BORRN6.BORRN","TRANSITION","JUNCTION TRANSITION","1","BORRN6.JCT","50","BOCCK","K4","RP   ","DILRE","","1","Modified","POINT_TYPE"
"2025/02/20","BORRN","ZHU","BORRN6.BORRN","TRANSITION","JUNCTION TRANSITION","1","BORRN6.JCT","50","BOCCK","K4","WP   ","DILRE","","2","Modified","POINT_TYPE"
"2024/12/26","BORRN","ZHU","BORRN6.BORRN","TRANSITION","MNURE TRANSITION","1","BORRN6.MNURE","20","BOCCK","K4","RP   ","DILRE","","1","Modified","POINT_TYPE"
"2025/02/20","BORRN","ZHU","BORRN6.BORRN","TRANSITION","MNURE TRANSITION","1","BORRN6.MNURE","20","BOCCK","K4","WP   ","DILRE","","2","Modified","POINT_TYPE"
"2024/12/26","BORRN","ZHU","BORRN6.BORRN","TRANSITION","SAN ANTONIO TRANSITION","1","BORRN6.SAT","40","BOCCK","K4","RP   ","DILRE","","1","Modified","POINT_TYPE"
"2025/02/20","BORRN","ZHU","BORRN6.BORRN","TRANSITION","SAN ANTONIO TRANSITION","1","BORRN6.SAT","40","BOCCK","K4","WP   ","DILRE","","2","Modified","POINT_TYPE"
"2024/12/26","CENTEX","ZHU","CWK7.CWK","TRANSITION","COLLEGE STATION TRANSITION","1","CWK7.CLL","10","CLL","","VORTAC","ILEXY","","2","Deleted",""
"2024/12/26","CENTEX","ZHU","CWK7.CWK","TRANSITION","COLLEGE STATION TRANSITION","1","CWK7.CLL","20","ILEXY","K4","RP   ","CWK","","2","Deleted",""
"2024/12/26","CENTEX","ZHU","CWK7.CWK","TRANSITION","COLLEGE STATION TRANSITION","1","CWK7.CLL","30","CWK","","VORTAC","","","2","Deleted",""
"2024/12/26","CENTEX","ZHU","CWK7.CWK","TRANSITION","ILEXY TRANSITION","1","CWK7.ILEXY","10","ILEXY","K4","RP   ","CWK","","2","Deleted",""
"2024/12/26","CENTEX","ZHU","CWK7.CWK","TRANSITION","ILEXY TRANSITION","1","CWK7.ILEXY","20","CWK","","VORTAC","","","2","Deleted",""
"2024/12/26","CENTEX","ZHU","CWK7.CWK","TRANSITION","JAYJO TRANSITION","1","CWK7.JAYJO","10","JAYJO","K4","RP   ","CWK","","2","Deleted",""
"2024/12/26","CENTEX","ZHU","CWK7.CWK","TRANSITION","JAYJO TRANSITION","1","CWK7.JAYJO","20","CWK","","VORTAC","","","2","Deleted",""
"2024/12/26","CENTEX","ZHU","CWK7.CWK","TRANSITION","NAVASOTA TRANSITION","1","CWK7.TNV","10","TNV","","VOR/DME","CWK","","2","Deleted",""
"2024/12/26","CENTEX","ZHU","CWK7.CWK","TRANSITION","NAVASOTA TRANSITION","1","CWK7.TNV","20","CWK","","VORTAC","","","2","Deleted",""
"2024/12/26","CENTEX","ZHU","CWK7.CWK","TRANSITION","NAVYS TRANSITION","1","CWK7.NAVYS","10","NAVYS","K4","RP   ","MUNCH","","2","Deleted",""
"2024/12/26","CENTEX","ZHU","CWK7.CWK","TRANSITION","NAVYS TRANSITION","1","CWK7.NAVYS","20","MUNCH","K4","RP   ","CWK","","2","Deleted",""
"2024/12/26","CENTEX","ZHU","CWK7.CWK","TRANSITION","NAVYS TRANSITION","1","CWK7.NAVYS","30","CWK","","VORTAC","","","2","Deleted",""
"2024/12/26","CENTEX","ZHU","CWK7.CWK","TRANSITION","WACO TRANSITION","1","CWK7.ACT","10","ACT","","VORTAC","CWK","","2","Deleted",""
"2024/12/26","CENTEX","ZHU","CWK7.CWK","TRANSITION","WACO TRANSITION","1","CWK7.ACT","20","CWK","","VORTAC","","","2","Deleted",""
"2024/12/26","GRAND JUNCTION","ZDV","JNC8.JNC","BODY","JNC","1","","10","JNC","","VOR/DME","","GJT/11, GJT/29","2","Deleted",""
"2024/12/26","GRAND JUNCTION","ZDV","JNC8.JNC","TRANSITION","BRICK TRANSITION","1","JNC8.BRICK","10","BRICK","K2","RP   ","JNC","","2","Deleted",""
"2024/12/26","GRAND JUNCTION","ZDV","JNC8.JNC","TRANSITION","BRICK TRANSITION","1","JNC8.BRICK","20","JNC","","VOR/DME","","","2","Deleted",""
"2024/12/26","GRAND JUNCTION","ZDV","JNC8.JNC","TRANSITION","DIRDY TRANSITION","1","JNC8.DIRDY","10","DIRDY","K2","RP   ","HONKR","","2","Deleted",""
"2024/12/26","GRAND JUNCTION","ZDV","JNC8.JNC","TRANSITION","DIRDY TRANSITION","1","JNC8.DIRDY","20","HONKR","K2","RP   ","JNC","","2","Deleted",""
"2024/12/26","GRAND JUNCTION","ZDV","JNC8.JNC","TRANSITION","DIRDY TRANSITION","1","JNC8.DIRDY","30","JNC","","VOR/DME","","","2","Deleted",""
"2024/12/26","GRAND JUNCTION","ZDV","JNC8.JNC","TRANSITION","PACES TRANSITION","1","JNC8.PACES","10","PACES","K2","RP   ","JNC","","2","Deleted",""
"2024/12/26","GRAND JUNCTION","ZDV","JNC8.JNC","TRANSITION","PACES TRANSITION","1","JNC8.PACES","20","JNC","","VOR/DME","","","2","Deleted",""
"2024/12/26","GRAND JUNCTION","ZDV","JNC8.JNC","TRANSITION","SQUAT TRANSITION","1","JNC8.SQUAT","10","SQUAT","K2","RP   ","JNC","","2","Deleted",""
"2024/12/26","GRAND JUNCTION","ZDV","JNC8.JNC","TRANSITION","SQUAT TRANSITION","1","JNC8.SQUAT","20","JNC","","VOR/DME","","","2","Deleted",""
"2024/12/26","GRZLY","ZLC","GRZLY3.MSO","BODY","MSO","1","","10","MSO","","VOR/DME","","MSO/12, MSO/30","2","Deleted",""
"2024/12/26","HARYS","ZLA","HARYS4.HARYS","BODY","PPRRY-HARYS","1","","10","HARYS","K2","WP   ","BSHOW","VNY/16R","2","Deleted",""
"2024/12/26","HARYS","ZLA","HARYS4.HARYS","BODY","PPRRY-HARYS","1","","20","BSHOW","K2","WP   ","PPRRY","VNY/16R","2","Deleted",""
"2024/12/26","HARYS","ZLA","HARYS4.HARYS","BODY","PPRRY-HARYS","1","","30","PPRRY","K2","WP   ","","VNY/16R","2","Deleted",""
"2024/12/26","HARYS","ZLA","HARYS4.HARYS","TRANSITION","BLYTHE TRANSITION","1","HARYS4.BLH","10","BLH","","VORTAC","DECAS","","2","Deleted",""
"2024/12/26","HARYS","ZLA","HARYS4.HARYS","TRANSITION","BLYTHE TRANSITION","1","HARYS4.BLH","20","DECAS","K2","RP   ","AERRO","","2","Deleted",""
"2024/12/26","HARYS","ZLA","HARYS4.HARYS","TRANSITION","BLYTHE TRANSITION","1","HARYS4.BLH","30","AERRO","K2","RP   ","JETHK","","2","Deleted",""
"2024/12/26","HARYS","ZLA","HARYS4.HARYS","TRANSITION","BLYTHE TRANSITION","1","HARYS4.BLH","40","JETHK","K2","WP   ","YAAPY","","2","Deleted",""
"2024/12/26","HARYS","ZLA","HARYS4.HARYS","TRANSITION","BLYTHE TRANSITION","1","HARYS4.BLH","50","YAAPY","K2","WP   ","SLAPP","","2","Deleted",""
"2024/12/26","HARYS","ZLA","HARYS4.HARYS","TRANSITION","BLYTHE TRANSITION","1","HARYS4.BLH","60","SLAPP","K2","RP   ","HARYS","","2","Deleted",""
"2024/12/26","HARYS","ZLA","HARYS4.HARYS","TRANSITION","BLYTHE TRANSITION","1","HARYS4.BLH","70","HARYS","K2","WP   ","","","2","Deleted",""
"2024/12/26","HARYS","ZLA","HARYS4.HARYS","TRANSITION","HAILO TRANSITION","1","HARYS4.HAILO","10","HAILO","K2","WP   ","ARRMY","","2","Deleted",""
"2024/12/26","HARYS","ZLA","HARYS4.HARYS","TRANSITION","HAILO TRANSITION","1","HARYS4.HAILO","20","ARRMY","K2","WP   ","GUNNR","","2","Deleted",""
"2024/12/26","HARYS","ZLA","HARYS4.HARYS","TRANSITION","HAILO TRANSITION","1","HARYS4.HAILO","30","GUNNR","K2","WP   ","ANTLP","","2","Deleted",""
"2024/12/26","HARYS","ZLA","HARYS4.HARYS","TRANSITION","HAILO TRANSITION","1","HARYS4.HAILO","40","ANTLP","K2","WP   ","BBITE","","2","Deleted",""
"2024/12/26","HARYS","ZLA","HARYS4.HARYS","TRANSITION","HAILO TRANSITION","1","HARYS4.HAILO","50","BBITE","K2","WP   ","JETHK","","2","Deleted",""
"2024/12/26","HARYS","ZLA","HARYS4.HARYS","TRANSITION","HAILO TRANSITION","1","HARYS4.HAILO","60","JETHK","K2","WP   ","YAAPY","","2","Deleted",""
"2024/12/26","HARYS","ZLA","HARYS4.HARYS","TRANSITION","HAILO TRANSITION","1","HARYS4.HAILO","70","YAAPY","K2","WP   ","SLAPP","","2","Deleted",""
"2024/12/26","HARYS","ZLA","HARYS4.HARYS","TRANSITION","HAILO TRANSITION","1","HARYS4.HAILO","80","SLAPP","K2","RP   ","HARYS","","2","Deleted",""
"2024/12/26","HARYS","ZLA","HARYS4.HARYS","TRANSITION","HAILO TRANSITION","1","HARYS4.HAILO","90","HARYS","K2","WP   ","","","2","Deleted",""
"2024/12/26","HARYS","ZLA","HARYS4.HARYS","TRANSITION","HECTOR TRANSITION","1","HARYS4.HEC","10","HEC","","VORTAC","ANTLP","","2","Deleted",""
"2024/12/26","HARYS","ZLA","HARYS4.HARYS","TRANSITION","HECTOR TRANSITION","1","HARYS4.HEC","20","ANTLP","K2","WP   ","BBITE","","2","Deleted",""
"2024/12/26","HARYS","ZLA","HARYS4.HARYS","TRANSITION","HECTOR TRANSITION","1","HARYS4.HEC","30","BBITE","K2","WP   ","JETHK","","2","Deleted",""
"2024/12/26","HARYS","ZLA","HARYS4.HARYS","TRANSITION","HECTOR TRANSITION","1","HARYS4.HEC","40","JETHK","K2","WP   ","YAAPY","","2","Deleted",""
"2024/12/26","HARYS","ZLA","HARYS4.HARYS","TRANSITION","HECTOR TRANSITION","1","HARYS4.HEC","50","YAAPY","K2","WP   ","SLAPP","","2","Deleted",""
"2024/12/26","HARYS","ZLA","HARYS4.HARYS","TRANSITION","HECTOR TRANSITION","1","HARYS4.HEC","60","SLAPP","K2","RP   ","HARYS","","2","Deleted",""
"2024/12/26","HARYS","ZLA","HARYS4.HARYS","TRANSITION","HECTOR TRANSITION","1","HARYS4.HEC","70","HARYS","K2","WP   ","","","2","Deleted",""
"2024/12/26","HARYS","ZLA","HARYS4.HARYS","TRANSITION","LAS VEGAS TRANSITION","1","HARYS4.LAS","10","LAS","","VORTAC","BLAZN","","2","Deleted",""
"2024/12/26","HARYS","ZLA","HARYS4.HARYS","TRANSITION","LAS VEGAS TRANSITION","1","HARYS4.LAS","20","BLAZN","K2","WP   ","NNAVY","","2","Deleted",""
"2024/12/26","HARYS","ZLA","HARYS4.HARYS","TRANSITION","LAS VEGAS TRANSITION","1","HARYS4.LAS","30","NNAVY","K2","WP   ","ANTLP","","2","Deleted",""
"2024/12/26","HARYS","ZLA","HARYS4.HARYS","TRANSITION","LAS VEGAS TRANSITION","1","HARYS4.LAS","40","ANTLP","K2","WP   ","BBITE","","2","Deleted",""
"2024/12/26","HARYS","ZLA","HARYS4.HARYS","TRANSITION","LAS VEGAS TRANSITION","1","HARYS4.LAS","50","BBITE","K2","WP   ","JETHK","","2","Deleted",""
"2024/12/26","HARYS","ZLA","HARYS4.HARYS","TRANSITION","LAS VEGAS TRANSITION","1","HARYS4.LAS","60","JETHK","K2","WP   ","YAAPY","","2","Deleted",""
"2024/12/26","HARYS","ZLA","HARYS4.HARYS","TRANSITION","LAS VEGAS TRANSITION","1","HARYS4.LAS","70","YAAPY","K2","WP   ","SLAPP","","2","Deleted",""
"2024/12/26","HARYS","ZLA","HARYS4.HARYS","TRANSITION","LAS VEGAS TRANSITION","1","HARYS4.LAS","80","SLAPP","K2","RP   ","HARYS","","2","Deleted",""
"2024/12/26","HARYS","ZLA","HARYS4.HARYS","TRANSITION","LAS VEGAS TRANSITION","1","HARYS4.LAS","90","HARYS","K2","WP   ","","","2","Deleted",""
"2024/12/26","HARYS","ZLA","HARYS4.HARYS","TRANSITION","MISEN TRANSITION","1","HARYS4.MISEN","10","MISEN","K2","RP   ","NNAVY","","2","Deleted",""
"2024/12/26","HARYS","ZLA","HARYS4.HARYS","TRANSITION","MISEN TRANSITION","1","HARYS4.MISEN","20","NNAVY","K2","WP   ","ANTLP","","2","Deleted",""
"2024/12/26","HARYS","ZLA","HARYS4.HARYS","TRANSITION","MISEN TRANSITION","1","HARYS4.MISEN","30","ANTLP","K2","WP   ","BBITE","","2","Deleted",""
"2024/12/26","HARYS","ZLA","HARYS4.HARYS","TRANSITION","MISEN TRANSITION","1","HARYS4.MISEN","40","BBITE","K2","WP   ","JETHK","","2","Deleted",""
"2024/12/26","HARYS","ZLA","HARYS4.HARYS","TRANSITION","MISEN TRANSITION","1","HARYS4.MISEN","50","JETHK","K2","WP   ","YAAPY","","2","Deleted",""
"2024/12/26","HARYS","ZLA","HARYS4.HARYS","TRANSITION","MISEN TRANSITION","1","HARYS4.MISEN","60","YAAPY","K2","WP   ","SLAPP","","2","Deleted",""
"2024/12/26","HARYS","ZLA","HARYS4.HARYS","TRANSITION","MISEN TRANSITION","1","HARYS4.MISEN","70","SLAPP","K2","RP   ","HARYS","","2","Deleted",""
"2024/12/26","HARYS","ZLA","HARYS4.HARYS","TRANSITION","MISEN TRANSITION","1","HARYS4.MISEN","80","HARYS","K2","WP   ","","","2","Deleted",""
"2024/12/26","INDUSTRY","ZHU","IDU1.IDU","BODY","SHYNR-IDU","1","","10","IDU","","VORTAC","BOCCK","AXH/09, AXH/27, CXO, DWH, EFD, GLS/14, GLS/18, GLS/32, GLS/36, HOU/04, HOU/13L, HOU/13R, HOU/22, HOU/31L, HOU/31R, IAH, IWS, LBX, SGR/17, SGR/35, T41/05, T41/12, T41/23, T41/30, TME/18, TME/36","2","Deleted",""
"2024/12/26","INDUSTRY","ZHU","IDU1.IDU","BODY","SHYNR-IDU","1","","20","BOCCK","K4","RP   ","SHYNR","AXH/09, AXH/27, CXO, DWH, EFD, GLS/14, GLS/18, GLS/32, GLS/36, HOU/04, HOU/13L, HOU/13R, HOU/22, HOU/31L, HOU/31R, IAH, IWS, LBX, SGR/17, SGR/35, T41/05, T41/12, T41/23, T41/30, TME/18, TME/36","2","Deleted",""
"2024/12/26","INDUSTRY","ZHU","IDU1.IDU","BODY","SHYNR-IDU","1","","30","SHYNR","K4","RP   ","","AXH/09, AXH/27, CXO, DWH, EFD, GLS/14, GLS/18, GLS/32, GLS/36, HOU/04, HOU/13L, HOU/13R, HOU/22, HOU/31L, HOU/31R, IAH, IWS, LBX, SGR/17, SGR/35, T41/05, T41/12, T41/23, T41/30, TME/18, TME/36","2","Deleted",""
"2024/12/26","INDUSTRY","ZHU","IDU1.IDU","TRANSITION","CENTEX TRANSITION","1","IDU1.CWK","10","CWK","","VORTAC","IDU","","2","Deleted",""
"2024/12/26","INDUSTRY","ZHU","IDU1.IDU","TRANSITION","CENTEX TRANSITION","1","IDU1.CWK","20","IDU","","VORTAC","","","2","Deleted",""
"2024/12/26","INDUSTRY","ZHU","IDU1.IDU","TRANSITION","CORPUS CHRISTI TRANSITION","1","IDU1.CRP","10","CRP","","VORTAC","SAT","","2","Deleted",""
"2024/12/26","INDUSTRY","ZHU","IDU1.IDU","TRANSITION","CORPUS CHRISTI TRANSITION","1","IDU1.CRP","20","SAT","","VORTAC","MARCS","","2","Deleted",""
"2024/12/26","INDUSTRY","ZHU","IDU1.IDU","TRANSITION","CORPUS CHRISTI TRANSITION","1","IDU1.CRP","30","MARCS","K4","RP   ","IDU","","2","Deleted",""
"2024/12/26","INDUSTRY","ZHU","IDU1.IDU","TRANSITION","CORPUS CHRISTI TRANSITION","1","IDU1.CRP","40","IDU","","VORTAC","","","2","Deleted",""
"2024/12/26","INDUSTRY","ZHU","IDU1.IDU","TRANSITION","JUNCTION TRANSITION","1","IDU1.JCT","10","JCT","","VORTAC","IDU","","2","Deleted",""
"2024/12/26","INDUSTRY","ZHU","IDU1.IDU","TRANSITION","JUNCTION TRANSITION","1","IDU1.JCT","20","IDU","","VORTAC","","","2","Deleted",""
"2024/12/26","INDUSTRY","ZHU","IDU1.IDU","TRANSITION","LAREDO TRANSITION","1","IDU1.LRD","10","LRD","","VORTAC","SAT","","2","Deleted",""
"2024/12/26","INDUSTRY","ZHU","IDU1.IDU","TRANSITION","LAREDO TRANSITION","1","IDU1.LRD","20","SAT","","VORTAC","MARCS","","2","Deleted",""
"2024/12/26","INDUSTRY","ZHU","IDU1.IDU","TRANSITION","LAREDO TRANSITION","1","IDU1.LRD","30","MARCS","K4","RP   ","IDU","","2","Deleted",""
"2024/12/26","INDUSTRY","ZHU","IDU1.IDU","TRANSITION","LAREDO TRANSITION","1","IDU1.LRD","40","IDU","","VORTAC","","","2","Deleted",""
"2024/12/26","LINSE","ZDC","LINSE1.LINSE","BODY","HEDWG-LINSE","1","","10","LINSE","K6","WP   ","TERPZ","BWI/15L","2","Deleted",""
"2024/12/26","LINSE","ZDC","LINSE1.LINSE","BODY","HEDWG-LINSE","1","","20","TERPZ","K6","WP   ","AADDY","BWI/15L","2","Deleted",""
"2024/12/26","LINSE","ZDC","LINSE1.LINSE","BODY","HEDWG-LINSE","1","","30","AADDY","K6","WP   ","UNSLD","BWI/15L","2","Deleted",""
"2024/12/26","LINSE","ZDC","LINSE1.LINSE","BODY","HEDWG-LINSE","1","","40","UNSLD","K6","WP   ","NOPRO","BWI/15L","2","Deleted",""
"2024/12/26","LINSE","ZDC","LINSE1.LINSE","BODY","HEDWG-LINSE","1","","50","NOPRO","K6","WP   ","HEDWG","BWI/15L","2","Deleted",""
"2024/12/26","LINSE","ZDC","LINSE1.LINSE","BODY","HEDWG-LINSE","1","","60","HEDWG","K6","WP   ","","BWI/15L","2","Deleted",""
"2024/12/26","LINSE","ZDC","LINSE1.LINSE","BODY","JLENN-LINSE","1","","10","LINSE","K6","WP   ","TERPZ","BWI/28","2","Deleted",""
"2024/12/26","LINSE","ZDC","LINSE1.LINSE","BODY","JLENN-LINSE","1","","20","TERPZ","K6","WP   ","AADDY","BWI/28","2","Deleted",""
"2024/12/26","LINSE","ZDC","LINSE1.LINSE","BODY","JLENN-LINSE","1","","30","AADDY","K6","WP   ","JLENN","BWI/28","2","Deleted",""
"2024/12/26","LINSE","ZDC","LINSE1.LINSE","BODY","JLENN-LINSE","1","","40","JLENN","K6","WP   ","","BWI/28","2","Deleted",""
"2024/12/26","LINSE","ZDC","LINSE1.LINSE","BODY","JWALL-LINSE","1","","10","LINSE","K6","WP   ","TERPZ","BWI/10","2","Deleted",""
"2024/12/26","LINSE","ZDC","LINSE1.LINSE","BODY","JWALL-LINSE","1","","20","TERPZ","K6","WP   ","AADDY","BWI/10","2","Deleted",""
"2024/12/26","LINSE","ZDC","LINSE1.LINSE","BODY","JWALL-LINSE","1","","30","AADDY","K6","WP   ","UNSLD","BWI/10","2","Deleted",""
"2024/12/26","LINSE","ZDC","LINSE1.LINSE","BODY","JWALL-LINSE","1","","40","UNSLD","K6","WP   ","JWALL","BWI/10","2","Deleted",""
"2024/12/26","LINSE","ZDC","LINSE1.LINSE","BODY","JWALL-LINSE","1","","50","JWALL","K6","WP   ","","BWI/10","2","Deleted",""
"2024/12/26","LINSE","ZDC","LINSE1.LINSE","BODY","PCHEN-LINSE","1","","10","LINSE","K6","WP   ","TERPZ","BWI/33L, BWI/33R","2","Deleted",""
"2024/12/26","LINSE","ZDC","LINSE1.LINSE","BODY","PCHEN-LINSE","1","","20","TERPZ","K6","WP   ","AADDY","BWI/33L, BWI/33R","2","Deleted",""
"2024/12/26","LINSE","ZDC","LINSE1.LINSE","BODY","PCHEN-LINSE","1","","30","AADDY","K6","WP   ","PCHEN","BWI/33L, BWI/33R","2","Deleted",""
"2024/12/26","LINSE","ZDC","LINSE1.LINSE","BODY","PCHEN-LINSE","1","","40","PCHEN","K6","WP   ","","BWI/33L, BWI/33R","2","Deleted",""
"2024/12/26","LINSE","ZDC","LINSE1.LINSE","BODY","TERPZ-LINSE","1","","10","LINSE","K6","WP   ","TERPZ","DMW, ESN, FDK, GAI, MTN","2","Deleted",""
"2024/12/26","LINSE","ZDC","LINSE1.LINSE","BODY","TERPZ-LINSE","1","","20","TERPZ","K6","WP   ","","DMW, ESN, FDK, GAI, MTN","2","Deleted",""
"2024/12/26","LINSE","ZDC","LINSE1.LINSE","BODY","WARYN-LINSE","1","","10","LINSE","K6","WP   ","TERPZ","BWI/15R","2","Deleted",""
"2024/12/26","LINSE","ZDC","LINSE1.LINSE","BODY","WARYN-LINSE","1","","20","TERPZ","K6","WP   ","AADDY","BWI/15R","2","Deleted",""
"2024/12/26","LINSE","ZDC","LINSE1.LINSE","BODY","WARYN-LINSE","1","","30","AADDY","K6","WP   ","FLACO","BWI/15R","2","Deleted",""
"2024/12/26","LINSE","ZDC","LINSE1.LINSE","BODY","WARYN-LINSE","1","","40","FLACO","K6","WP   ","BOBYJ","BWI/15R","2","Deleted",""
"2024/12/26","LINSE","ZDC","LINSE1.LINSE","BODY","WARYN-LINSE","1","","50","BOBYJ","K6","WP   ","WARYN","BWI/15R","2","Deleted",""
"2024/12/26","LINSE","ZDC","LINSE1.LINSE","BODY","WARYN-LINSE","1","","60","WARYN","K6","WP   ","","BWI/15R","2","Deleted",""
"2024/12/26","LINSE","ZDC","LINSE1.LINSE","TRANSITION","JERES TRANSITION","1","LINSE1.JERES","10","JERES","K6","RP   ","LINSE","","2","Deleted",""
"2024/12/26","LINSE","ZDC","LINSE1.LINSE","TRANSITION","JERES TRANSITION","1","LINSE1.JERES","20","LINSE","K6","WP   ","","","2","Deleted",""
"2024/12/26","LINSE","ZDC","LINSE1.LINSE","TRANSITION","MCRAY TRANSITION","1","LINSE1.MCRAY","10","MCRAY","K6","RP   ","BUFFR","","2","Deleted",""
"2024/12/26","LINSE","ZDC","LINSE1.LINSE","TRANSITION","MCRAY TRANSITION","1","LINSE1.MCRAY","20","BUFFR","K6","RP   ","LINSE","","2","Deleted",""
"2024/12/26","LINSE","ZDC","LINSE1.LINSE","TRANSITION","MCRAY TRANSITION","1","LINSE1.MCRAY","30","LINSE","K6","WP   ","","","2","Deleted",""
"2024/12/26","OBERS","ZID","OBERS4.OBERS","BODY","OBERS","1","","10","OBERS","K6","RP   ","","BLF/05, BLF/23","2","Deleted",""
"2024/12/26","PITZZ","ZHU","PITZZ5.PITZZ","TRANSITION","MNURE TRANSITION","1","PITZZ5.MNURE","20","BOCCK","K4","RP   ","CHATI","","1","Modified","POINT_TYPE"
"2025/02/20","PITZZ","ZHU","PITZZ5.PITZZ","TRANSITION","MNURE TRANSITION","1","PITZZ5.MNURE","20","BOCCK","K4","WP   ","CHATI","","2","Modified","POINT_TYPE"
"2024/12/26","PITZZ","ZHU","PITZZ5.PITZZ","TRANSITION","SAN ANTONIO TRANSITION","1","PITZZ5.SAT","40","BOCCK","K4","RP   ","CHATI","","1","Modified","POINT_TYPE"
"2025/02/20","PITZZ","ZHU","PITZZ5.PITZZ","TRANSITION","SAN ANTONIO TRANSITION","1","PITZZ5.SAT","40","BOCCK","K4","WP   ","CHATI","","2","Modified","POINT_TYPE"
"2024/12/26","RETYR","ZHU","RETYR8.RETYR","TRANSITION","JUNCTION TRANSITION","1","RETYR8.JCT","50","BOCCK","K4","RP   ","MNNKE","","1","Modified","POINT_TYPE"
"2025/02/20","RETYR","ZHU","RETYR8.RETYR","TRANSITION","JUNCTION TRANSITION","1","RETYR8.JCT","50","BOCCK","K4","WP   ","MNNKE","","2","Modified","POINT_TYPE"
"2024/12/26","RETYR","ZHU","RETYR8.RETYR","TRANSITION","MNURE TRANSITION","1","RETYR8.MNURE","20","BOCCK","K4","RP   ","MNNKE","","1","Modified","POINT_TYPE"
"2025/02/20","RETYR","ZHU","RETYR8.RETYR","TRANSITION","MNURE TRANSITION","1","RETYR8.MNURE","20","BOCCK","K4","WP   ","MNNKE","","2","Modified","POINT_TYPE"
"2024/12/26","RETYR","ZHU","RETYR8.RETYR","TRANSITION","SAN ANTONIO TRANSITION","1","RETYR8.SAT","40","BOCCK","K4","RP   ","MNNKE","","1","Modified","POINT_TYPE"
"2025/02/20","RETYR","ZHU","RETYR8.RETYR","TRANSITION","SAN ANTONIO TRANSITION","1","RETYR8.SAT","40","BOCCK","K4","WP   ","MNNKE","","2","Modified","POINT_TYPE"
"2024/12/26","ROSCOE","ZLA","RSCO3.VVERA","BODY","BSHOW-VVERA","1","","10","VVERA","K2","WP   ","JARZO","VNY/16R","2","Deleted",""
"2024/12/26","ROSCOE","ZLA","RSCO3.VVERA","BODY","BSHOW-VVERA","1","","20","JARZO","K2","WP   ","SLAPP","VNY/16R","2","Deleted",""
"2024/12/26","ROSCOE","ZLA","RSCO3.VVERA","BODY","BSHOW-VVERA","1","","30","SLAPP","K2","RP   ","KIMMO","VNY/16R","2","Deleted",""
"2024/12/26","ROSCOE","ZLA","RSCO3.VVERA","BODY","BSHOW-VVERA","1","","40","KIMMO","K2","RP   ","CCHUM","VNY/16R","2","Deleted",""
"2024/12/26","ROSCOE","ZLA","RSCO3.VVERA","BODY","BSHOW-VVERA","1","","50","CCHUM","K2","WP   ","BSHOW","VNY/16R","2","Deleted",""
"2024/12/26","ROSCOE","ZLA","RSCO3.VVERA","BODY","BSHOW-VVERA","1","","60","BSHOW","K2","WP   ","","VNY/16R","2","Deleted",""
"2024/12/26","ROSCOE","ZLA","RSCO3.VVERA","TRANSITION","DAGGETT TRANSITION","1","RSCO3.DAG","10","DAG","","VORTAC","SSETH","","2","Deleted",""
"2024/12/26","ROSCOE","ZLA","RSCO3.VVERA","TRANSITION","DAGGETT TRANSITION","1","RSCO3.DAG","20","SSETH","K2","WP   ","VVERA","","2","Deleted",""
"2024/12/26","ROSCOE","ZLA","RSCO3.VVERA","TRANSITION","DAGGETT TRANSITION","1","RSCO3.DAG","30","VVERA","K2","WP   ","","","2","Deleted",""
"2024/12/26","ROSCOE","ZLA","RSCO3.VVERA","TRANSITION","HECTOR TRANSITION","1","RSCO3.HEC","10","HEC","","VORTAC","SSETH","","2","Deleted",""
"2024/12/26","ROSCOE","ZLA","RSCO3.VVERA","TRANSITION","HECTOR TRANSITION","1","RSCO3.HEC","20","SSETH","K2","WP   ","VVERA","","2","Deleted",""
"2024/12/26","ROSCOE","ZLA","RSCO3.VVERA","TRANSITION","HECTOR TRANSITION","1","RSCO3.HEC","30","VVERA","K2","WP   ","","","2","Deleted",""
"2024/12/26","WLKKR","ZLA","WLKKR4.WLKKR","BODY","LUVVY-WLKKR","1","","10","WLKKR","K2","WP   ","LUVVY","VNY/16R","2","Deleted",""
"2024/12/26","WLKKR","ZLA","WLKKR4.WLKKR","BODY","LUVVY-WLKKR","1","","20","LUVVY","K2","WP   ","","VNY/16R","2","Deleted",""
"2024/12/26","WLKKR","ZLA","WLKKR4.WLKKR","TRANSITION","COREZ TRANSITION","1","WLKKR4.COREZ","10","COREZ","K2","RP   ","MDWAY","","2","Deleted",""
"2024/12/26","WLKKR","ZLA","WLKKR4.WLKKR","TRANSITION","COREZ TRANSITION","1","WLKKR4.COREZ","20","MDWAY","K2","WP   ","SHORS","","2","Deleted",""
"2024/12/26","WLKKR","ZLA","WLKKR4.WLKKR","TRANSITION","COREZ TRANSITION","1","WLKKR4.COREZ","30","SHORS","K2","WP   ","BRRKK","","2","Deleted",""
"2024/12/26","WLKKR","ZLA","WLKKR4.WLKKR","TRANSITION","COREZ TRANSITION","1","WLKKR4.COREZ","40","BRRKK","K2","WP   ","OROSZ","","2","Deleted",""
"2024/12/26","WLKKR","ZLA","WLKKR4.WLKKR","TRANSITION","COREZ TRANSITION","1","WLKKR4.COREZ","50","OROSZ","K2","WP   ","WLKKR","","2","Deleted",""
"2024/12/26","WLKKR","ZLA","WLKKR4.WLKKR","TRANSITION","COREZ TRANSITION","1","WLKKR4.COREZ","60","WLKKR","K2","WP   ","","","2","Deleted",""
"2024/12/26","WLKKR","ZLA","WLKKR4.WLKKR","TRANSITION","CSTRO TRANSITION","1","WLKKR4.CSTRO","10","CSTRO","K2","WP   ","HEYJO","","2","Deleted",""
"2024/12/26","WLKKR","ZLA","WLKKR4.WLKKR","TRANSITION","CSTRO TRANSITION","1","WLKKR4.CSTRO","20","HEYJO","K2","WP   ","OROSZ","","2","Deleted",""
"2024/12/26","WLKKR","ZLA","WLKKR4.WLKKR","TRANSITION","CSTRO TRANSITION","1","WLKKR4.CSTRO","30","OROSZ","K2","WP   ","WLKKR","","2","Deleted",""
"2024/12/26","WLKKR","ZLA","WLKKR4.WLKKR","TRANSITION","CSTRO TRANSITION","1","WLKKR4.CSTRO","40","WLKKR","K2","WP   ","","","2","Deleted",""
"2024/12/26","WLKKR","ZLA","WLKKR4.WLKKR","TRANSITION","OROSZ TRANSITION","1","WLKKR4.OROSZ","10","OROSZ","K2","WP   ","WLKKR","","2","Deleted",""
"2024/12/26","WLKKR","ZLA","WLKKR4.WLKKR","TRANSITION","OROSZ TRANSITION","1","WLKKR4.OROSZ","20","WLKKR","K2","WP   ","","","2","Deleted",""
"2025/02/20","CENTEX","ZHU","CWK8.CWK","TRANSITION","COLLEGE STATION TRANSITION","1","CWK8.CLL","10","CLL","","VORTAC","ILEXY","","2","Added",""
"2025/02/20","CENTEX","ZHU","CWK8.CWK","TRANSITION","COLLEGE STATION TRANSITION","1","CWK8.CLL","20","ILEXY","K4","RP   ","CWK","","2","Added",""
"2025/02/20","CENTEX","ZHU","CWK8.CWK","TRANSITION","COLLEGE STATION TRANSITION","1","CWK8.CLL","30","CWK","","VORTAC","","","2","Added",""
"2025/02/20","CENTEX","ZHU","CWK8.CWK","TRANSITION","ILEXY TRANSITION","1","CWK8.ILEXY","10","ILEXY","K4","RP   ","CWK","","2","Added",""
"2025/02/20","CENTEX","ZHU","CWK8.CWK","TRANSITION","ILEXY TRANSITION","1","CWK8.ILEXY","20","CWK","","VORTAC","","","2","Added",""
"2025/02/20","CENTEX","ZHU","CWK8.CWK","TRANSITION","JAYJO TRANSITION","1","CWK8.JAYJO","10","JAYJO","K4","RP   ","CWK","","2","Added",""
"2025/02/20","CENTEX","ZHU","CWK8.CWK","TRANSITION","JAYJO TRANSITION","1","CWK8.JAYJO","20","CWK","","VORTAC","","","2","Added",""
"2025/02/20","CENTEX","ZHU","CWK8.CWK","TRANSITION","NAVASOTA TRANSITION","1","CWK8.TNV","10","TNV","","VOR/DME","CWK","","2","Added",""
"2025/02/20","CENTEX","ZHU","CWK8.CWK","TRANSITION","NAVASOTA TRANSITION","1","CWK8.TNV","20","CWK","","VORTAC","","","2","Added",""
"2025/02/20","CENTEX","ZHU","CWK8.CWK","TRANSITION","NAVYS TRANSITION","1","CWK8.NAVYS","10","NAVYS","K4","RP   ","MUNCH","","2","Added",""
"2025/02/20","CENTEX","ZHU","CWK8.CWK","TRANSITION","NAVYS TRANSITION","1","CWK8.NAVYS","20","MUNCH","K4","RP   ","CWK","","2","Added",""
"2025/02/20","CENTEX","ZHU","CWK8.CWK","TRANSITION","NAVYS TRANSITION","1","CWK8.NAVYS","30","CWK","","VORTAC","","","2","Added",""
"2025/02/20","CENTEX","ZHU","CWK8.CWK","TRANSITION","WACO TRANSITION","1","CWK8.ACT","10","ACT","","VORTAC","CWK","","2","Added",""
"2025/02/20","CENTEX","ZHU","CWK8.CWK","TRANSITION","WACO TRANSITION","1","CWK8.ACT","20","CWK","","VORTAC","","","2","Added",""
"2025/02/20","FLIYN","ZLC","FLIYN1.FLIYN","BODY","NOHVA-FLIYN","1","","10","FLIYN","K1","WP   ","NOHVA","SUN/13","2","Added",""
"2025/02/20","FLIYN","ZLC","FLIYN1.FLIYN","BODY","NOHVA-FLIYN","1","","20","NOHVA","K1","WP   ","","SUN/13","2","Added",""
"2025/02/20","FLIYN","ZLC","FLIYN1.FLIYN","TRANSITION","GDWIN TRANSITION","1","FLIYN1.GDWIN","10","GDWIN","K1","WP   ","FLIYN","","2","Added",""
"2025/02/20","FLIYN","ZLC","FLIYN1.FLIYN","TRANSITION","GDWIN TRANSITION","1","FLIYN1.GDWIN","20","FLIYN","K1","WP   ","","","2","Added",""
"2025/02/20","FLIYN","ZLC","FLIYN1.FLIYN","TRANSITION","JETZZ TRANSITION","1","FLIYN1.JETZZ","10","JETZZ","K1","WP   ","PRVTE","","2","Added",""
"2025/02/20","FLIYN","ZLC","FLIYN1.FLIYN","TRANSITION","JETZZ TRANSITION","1","FLIYN1.JETZZ","20","PRVTE","K1","WP   ","FLIYN","","2","Added",""
"2025/02/20","FLIYN","ZLC","FLIYN1.FLIYN","TRANSITION","JETZZ TRANSITION","1","FLIYN1.JETZZ","30","FLIYN","K1","WP   ","","","2","Added",""
"2025/02/20","FLIYN","ZLC","FLIYN1.FLIYN","TRANSITION","KOURT TRANSITION","1","FLIYN1.KOURT","10","KOURT","K1","WP   ","PRVTE","","2","Added",""
"2025/02/20","FLIYN","ZLC","FLIYN1.FLIYN","TRANSITION","KOURT TRANSITION","1","FLIYN1.KOURT","20","PRVTE","K1","WP   ","FLIYN","","2","Added",""
"2025/02/20","FLIYN","ZLC","FLIYN1.FLIYN","TRANSITION","KOURT TRANSITION","1","FLIYN1.KOURT","30","FLIYN","K1","WP   ","","","2","Added",""
"2025/02/20","FLIYN","ZLC","FLIYN1.FLIYN","TRANSITION","LINNZ TRANSITION","1","FLIYN1.LINNZ","10","LINNZ","K2","WP   ","KNDRA","","2","Added",""
"2025/02/20","FLIYN","ZLC","FLIYN1.FLIYN","TRANSITION","LINNZ TRANSITION","1","FLIYN1.LINNZ","20","KNDRA","K1","WP   ","FLIYN","","2","Added",""
"2025/02/20","FLIYN","ZLC","FLIYN1.FLIYN","TRANSITION","LINNZ TRANSITION","1","FLIYN1.LINNZ","30","FLIYN","K1","WP   ","","","2","Added",""
"2025/02/20","GRAND JUNCTION","ZDV","JNC9.JNC","BODY","JNC","1","","10","JNC","","VOR/DME","","GJT/11, GJT/29","2","Added",""
"2025/02/20","GRAND JUNCTION","ZDV","JNC9.JNC","TRANSITION","BRICK TRANSITION","1","JNC9.BRICK","10","BRICK","K2","RP   ","JNC","","2","Added",""
"2025/02/20","GRAND JUNCTION","ZDV","JNC9.JNC","TRANSITION","BRICK TRANSITION","1","JNC9.BRICK","20","JNC","","VOR/DME","","","2","Added",""
"2025/02/20","GRAND JUNCTION","ZDV","JNC9.JNC","TRANSITION","DIRDY TRANSITION","1","JNC9.DIRDY","10","DIRDY","K2","RP   ","HONKR","","2","Added",""
"2025/02/20","GRAND JUNCTION","ZDV","JNC9.JNC","TRANSITION","DIRDY TRANSITION","1","JNC9.DIRDY","20","HONKR","K2","RP   ","JNC","","2","Added",""
"2025/02/20","GRAND JUNCTION","ZDV","JNC9.JNC","TRANSITION","DIRDY TRANSITION","1","JNC9.DIRDY","30","JNC","","VOR/DME","","","2","Added",""
"2025/02/20","GRAND JUNCTION","ZDV","JNC9.JNC","TRANSITION","PACES TRANSITION","1","JNC9.PACES","10","PACES","K2","RP   ","JNC","","2","Added",""
"2025/02/20","GRAND JUNCTION","ZDV","JNC9.JNC","TRANSITION","PACES TRANSITION","1","JNC9.PACES","20","JNC","","VOR/DME","","","2","Added",""
"2025/02/20","GRAND JUNCTION","ZDV","JNC9.JNC","TRANSITION","SQUAT TRANSITION","1","JNC9.SQUAT","10","SQUAT","K2","RP   ","JNC","","2","Added",""
"2025/02/20","GRAND JUNCTION","ZDV","JNC9.JNC","TRANSITION","SQUAT TRANSITION","1","JNC9.SQUAT","20","JNC","","VOR/DME","","","2","Added",""
"2025/02/20","GRZLY","ZLC","GRZLY4.MSO","BODY","MSO","1","","10","MSO","","VOR/DME","","MSO/12, MSO/30","2","Added",""
"2025/02/20","HARYS","ZLA","HARYS5.HARYS","BODY","DSSRT-HARYS","1","","10","HARYS","K2","WP   ","BSHOW","VNY/16R","2","Added",""
"2025/02/20","HARYS","ZLA","HARYS5.HARYS","BODY","DSSRT-HARYS","1","","20","BSHOW","K2","WP   ","DSSRT","VNY/16R","2","Added",""
"2025/02/20","HARYS","ZLA","HARYS5.HARYS","BODY","DSSRT-HARYS","1","","30","DSSRT","K2","WP   ","","VNY/16R","2","Added",""
"2025/02/20","HARYS","ZLA","HARYS5.HARYS","TRANSITION","BLYTHE TRANSITION","1","HARYS5.BLH","10","BLH","","VORTAC","DECAS","","2","Added",""
"2025/02/20","HARYS","ZLA","HARYS5.HARYS","TRANSITION","BLYTHE TRANSITION","1","HARYS5.BLH","20","DECAS","K2","RP   ","AERRO","","2","Added",""
"2025/02/20","HARYS","ZLA","HARYS5.HARYS","TRANSITION","BLYTHE TRANSITION","1","HARYS5.BLH","30","AERRO","K2","RP   ","JETHK","","2","Added",""
"2025/02/20","HARYS","ZLA","HARYS5.HARYS","TRANSITION","BLYTHE TRANSITION","1","HARYS5.BLH","40","JETHK","K2","WP   ","YAAPY","","2","Added",""
"2025/02/20","HARYS","ZLA","HARYS5.HARYS","TRANSITION","BLYTHE TRANSITION","1","HARYS5.BLH","50","YAAPY","K2","WP   ","SLAPP","","2","Added",""
"2025/02/20","HARYS","ZLA","HARYS5.HARYS","TRANSITION","BLYTHE TRANSITION","1","HARYS5.BLH","60","SLAPP","K2","RP   ","HARYS","","2","Added",""
"2025/02/20","HARYS","ZLA","HARYS5.HARYS","TRANSITION","BLYTHE TRANSITION","1","HARYS5.BLH","70","HARYS","K2","WP   ","","","2","Added",""
"2025/02/20","HARYS","ZLA","HARYS5.HARYS","TRANSITION","HAILO TRANSITION","1","HARYS5.HAILO","10","HAILO","K2","WP   ","ARRMY","","2","Added",""
"2025/02/20","HARYS","ZLA","HARYS5.HARYS","TRANSITION","HAILO TRANSITION","1","HARYS5.HAILO","20","ARRMY","K2","WP   ","GUNNR","","2","Added",""
"2025/02/20","HARYS","ZLA","HARYS5.HARYS","TRANSITION","HAILO TRANSITION","1","HARYS5.HAILO","30","GUNNR","K2","WP   ","ANTLP","","2","Added",""
"2025/02/20","HARYS","ZLA","HARYS5.HARYS","TRANSITION","HAILO TRANSITION","1","HARYS5.HAILO","40","ANTLP","K2","WP   ","BBITE","","2","Added",""
"2025/02/20","HARYS","ZLA","HARYS5.HARYS","TRANSITION","HAILO TRANSITION","1","HARYS5.HAILO","50","BBITE","K2","WP   ","JETHK","","2","Added",""
"2025/02/20","HARYS","ZLA","HARYS5.HARYS","TRANSITION","HAILO TRANSITION","1","HARYS5.HAILO","60","JETHK","K2","WP   ","YAAPY","","2","Added",""
"2025/02/20","HARYS","ZLA","HARYS5.HARYS","TRANSITION","HAILO TRANSITION","1","HARYS5.HAILO","70","YAAPY","K2","WP   ","SLAPP","","2","Added",""
"2025/02/20","HARYS","ZLA","HARYS5.HARYS","TRANSITION","HAILO TRANSITION","1","HARYS5.HAILO","80","SLAPP","K2","RP   ","HARYS","","2","Added",""
"2025/02/20","HARYS","ZLA","HARYS5.HARYS","TRANSITION","HAILO TRANSITION","1","HARYS5.HAILO","90","HARYS","K2","WP   ","","","2","Added",""
"2025/02/20","HARYS","ZLA","HARYS5.HARYS","TRANSITION","HECTOR TRANSITION","1","HARYS5.HEC","10","HEC","","VORTAC","ANTLP","","2","Added",""
"2025/02/20","HARYS","ZLA","HARYS5.HARYS","TRANSITION","HECTOR TRANSITION","1","HARYS5.HEC","20","ANTLP","K2","WP   ","BBITE","","2","Added",""
"2025/02/20","HARYS","ZLA","HARYS5.HARYS","TRANSITION","HECTOR TRANSITION","1","HARYS5.HEC","30","BBITE","K2","WP   ","JETHK","","2","Added",""
"2025/02/20","HARYS","ZLA","HARYS5.HARYS","TRANSITION","HECTOR TRANSITION","1","HARYS5.HEC","40","JETHK","K2","WP   ","YAAPY","","2","Added",""
"2025/02/20","HARYS","ZLA","HARYS5.HARYS","TRANSITION","HECTOR TRANSITION","1","HARYS5.HEC","50","YAAPY","K2","WP   ","SLAPP","","2","Added",""
"2025/02/20","HARYS","ZLA","HARYS5.HARYS","TRANSITION","HECTOR TRANSITION","1","HARYS5.HEC","60","SLAPP","K2","RP   ","HARYS","","2","Added",""
"2025/02/20","HARYS","ZLA","HARYS5.HARYS","TRANSITION","HECTOR TRANSITION","1","HARYS5.HEC","70","HARYS","K2","WP   ","","","2","Added",""
"2025/02/20","HARYS","ZLA","HARYS5.HARYS","TRANSITION","LAS VEGAS TRANSITION","1","HARYS5.LAS","10","LAS","","VORTAC","BLAZN","","2","Added",""
"2025/02/20","HARYS","ZLA","HARYS5.HARYS","TRANSITION","LAS VEGAS TRANSITION","1","HARYS5.LAS","20","BLAZN","K2","WP   ","NNAVY","","2","Added",""
"2025/02/20","HARYS","ZLA","HARYS5.HARYS","TRANSITION","LAS VEGAS TRANSITION","1","HARYS5.LAS","30","NNAVY","K2","WP   ","ANTLP","","2","Added",""
"2025/02/20","HARYS","ZLA","HARYS5.HARYS","TRANSITION","LAS VEGAS TRANSITION","1","HARYS5.LAS","40","ANTLP","K2","WP   ","BBITE","","2","Added",""
"2025/02/20","HARYS","ZLA","HARYS5.HARYS","TRANSITION","LAS VEGAS TRANSITION","1","HARYS5.LAS","50","BBITE","K2","WP   ","JETHK","","2","Added",""
"2025/02/20","HARYS","ZLA","HARYS5.HARYS","TRANSITION","LAS VEGAS TRANSITION","1","HARYS5.LAS","60","JETHK","K2","WP   ","YAAPY","","2","Added",""
"2025/02/20","HARYS","ZLA","HARYS5.HARYS","TRANSITION","LAS VEGAS TRANSITION","1","HARYS5.LAS","70","YAAPY","K2","WP   ","SLAPP","","2","Added",""
"2025/02/20","HARYS","ZLA","HARYS5.HARYS","TRANSITION","LAS VEGAS TRANSITION","1","HARYS5.LAS","80","SLAPP","K2","RP   ","HARYS","","2","Added",""
"2025/02/20","HARYS","ZLA","HARYS5.HARYS","TRANSITION","LAS VEGAS TRANSITION","1","HARYS5.LAS","90","HARYS","K2","WP   ","","","2","Added",""
"2025/02/20","HARYS","ZLA","HARYS5.HARYS","TRANSITION","MISEN TRANSITION","1","HARYS5.MISEN","10","MISEN","K2","RP   ","NNAVY","","2","Added",""
"2025/02/20","HARYS","ZLA","HARYS5.HARYS","TRANSITION","MISEN TRANSITION","1","HARYS5.MISEN","20","NNAVY","K2","WP   ","ANTLP","","2","Added",""
"2025/02/20","HARYS","ZLA","HARYS5.HARYS","TRANSITION","MISEN TRANSITION","1","HARYS5.MISEN","30","ANTLP","K2","WP   ","BBITE","","2","Added",""
"2025/02/20","HARYS","ZLA","HARYS5.HARYS","TRANSITION","MISEN TRANSITION","1","HARYS5.MISEN","40","BBITE","K2","WP   ","JETHK","","2","Added",""
"2025/02/20","HARYS","ZLA","HARYS5.HARYS","TRANSITION","MISEN TRANSITION","1","HARYS5.MISEN","50","JETHK","K2","WP   ","YAAPY","","2","Added",""
"2025/02/20","HARYS","ZLA","HARYS5.HARYS","TRANSITION","MISEN TRANSITION","1","HARYS5.MISEN","60","YAAPY","K2","WP   ","SLAPP","","2","Added",""
"2025/02/20","HARYS","ZLA","HARYS5.HARYS","TRANSITION","MISEN TRANSITION","1","HARYS5.MISEN","70","SLAPP","K2","RP   ","HARYS","","2","Added",""
"2025/02/20","HARYS","ZLA","HARYS5.HARYS","TRANSITION","MISEN TRANSITION","1","HARYS5.MISEN","80","HARYS","K2","WP   ","","","2","Added",""
"2025/02/20","HUDSN (COPTER)","ZNY","HUDSN1.YOMAN","BODY","HUDSN","1","","10","HUDSN","K6","WP   ","","","2","Added",""
"2025/02/20","HUDSN (COPTER)","ZNY","HUDSN1.YOMAN","BODY","HUDSN-YOMAN","1","","10","YOMAN","K6","RP   ","JOTRE","","2","Added",""
"2025/02/20","HUDSN (COPTER)","ZNY","HUDSN1.YOMAN","BODY","HUDSN-YOMAN","1","","20","JOTRE","K6","WP   ","CHNZO","","2","Added",""
"2025/02/20","HUDSN (COPTER)","ZNY","HUDSN1.YOMAN","BODY","HUDSN-YOMAN","1","","30","CHNZO","K6","WP   ","RINNG","","2","Added",""
"2025/02/20","HUDSN (COPTER)","ZNY","HUDSN1.YOMAN","BODY","HUDSN-YOMAN","1","","40","RINNG","K6","WP   ","HUDSN","","2","Added",""
"2025/02/20","HUDSN (COPTER)","ZNY","HUDSN1.YOMAN","BODY","HUDSN-YOMAN","1","","50","HUDSN","K6","WP   ","","","2","Added",""
"2025/02/20","LINSE","ZDC","LINSE2.LINSE","BODY","HEDWG-LINSE","1","","10","LINSE","K6","WP   ","TERPZ","BWI/15L","2","Added",""
"2025/02/20","LINSE","ZDC","LINSE2.LINSE","BODY","HEDWG-LINSE","1","","20","TERPZ","K6","WP   ","AADDY","BWI/15L","2","Added",""
"2025/02/20","LINSE","ZDC","LINSE2.LINSE","BODY","HEDWG-LINSE","1","","30","AADDY","K6","WP   ","UNSLD","BWI/15L","2","Added",""
"2025/02/20","LINSE","ZDC","LINSE2.LINSE","BODY","HEDWG-LINSE","1","","40","UNSLD","K6","WP   ","NOPRO","BWI/15L","2","Added",""
"2025/02/20","LINSE","ZDC","LINSE2.LINSE","BODY","HEDWG-LINSE","1","","50","NOPRO","K6","WP   ","HEDWG","BWI/15L","2","Added",""
"2025/02/20","LINSE","ZDC","LINSE2.LINSE","BODY","HEDWG-LINSE","1","","60","HEDWG","K6","WP   ","","BWI/15L","2","Added",""
"2025/02/20","LINSE","ZDC","LINSE2.LINSE","BODY","JLENN-LINSE","1","","10","LINSE","K6","WP   ","TERPZ","BWI/28","2","Added",""
"2025/02/20","LINSE","ZDC","LINSE2.LINSE","BODY","JLENN-LINSE","1","","20","TERPZ","K6","WP   ","AADDY","BWI/28","2","Added",""
"2025/02/20","LINSE","ZDC","LINSE2.LINSE","BODY","JLENN-LINSE","1","","30","AADDY","K6","WP   ","JLENN","BWI/28","2","Added",""
"2025/02/20","LINSE","ZDC","LINSE2.LINSE","BODY","JLENN-LINSE","1","","40","JLENN","K6","WP   ","","BWI/28","2","Added",""
"2025/02/20","LINSE","ZDC","LINSE2.LINSE","BODY","JWALL-LINSE","1","","10","LINSE","K6","WP   ","TERPZ","BWI/10","2","Added",""
"2025/02/20","LINSE","ZDC","LINSE2.LINSE","BODY","JWALL-LINSE","1","","20","TERPZ","K6","WP   ","AADDY","BWI/10","2","Added",""
"2025/02/20","LINSE","ZDC","LINSE2.LINSE","BODY","JWALL-LINSE","1","","30","AADDY","K6","WP   ","UNSLD","BWI/10","2","Added",""
"2025/02/20","LINSE","ZDC","LINSE2.LINSE","BODY","JWALL-LINSE","1","","40","UNSLD","K6","WP   ","JWALL","BWI/10","2","Added",""
"2025/02/20","LINSE","ZDC","LINSE2.LINSE","BODY","JWALL-LINSE","1","","50","JWALL","K6","WP   ","","BWI/10","2","Added",""
"2025/02/20","LINSE","ZDC","LINSE2.LINSE","BODY","PCHEN-LINSE","1","","10","LINSE","K6","WP   ","TERPZ","BWI/33L, BWI/33R","2","Added",""
"2025/02/20","LINSE","ZDC","LINSE2.LINSE","BODY","PCHEN-LINSE","1","","20","TERPZ","K6","WP   ","AADDY","BWI/33L, BWI/33R","2","Added",""
"2025/02/20","LINSE","ZDC","LINSE2.LINSE","BODY","PCHEN-LINSE","1","","30","AADDY","K6","WP   ","PCHEN","BWI/33L, BWI/33R","2","Added",""
"2025/02/20","LINSE","ZDC","LINSE2.LINSE","BODY","PCHEN-LINSE","1","","40","PCHEN","K6","WP   ","","BWI/33L, BWI/33R","2","Added",""
"2025/02/20","LINSE","ZDC","LINSE2.LINSE","BODY","TERPZ-LINSE","1","","10","LINSE","K6","WP   ","TERPZ","DMW, ESN, FDK, GAI, MTN","2","Added",""
"2025/02/20","LINSE","ZDC","LINSE2.LINSE","BODY","TERPZ-LINSE","1","","20","TERPZ","K6","WP   ","","DMW, ESN, FDK, GAI, MTN","2","Added",""
"2025/02/20","LINSE","ZDC","LINSE2.LINSE","BODY","WARYN-LINSE","1","","10","LINSE","K6","WP   ","TERPZ","BWI/15R","2","Added",""
"2025/02/20","LINSE","ZDC","LINSE2.LINSE","BODY","WARYN-LINSE","1","","20","TERPZ","K6","WP   ","AADDY","BWI/15R","2","Added",""
"2025/02/20","LINSE","ZDC","LINSE2.LINSE","BODY","WARYN-LINSE","1","","30","AADDY","K6","WP   ","FLACO","BWI/15R","2","Added",""
"2025/02/20","LINSE","ZDC","LINSE2.LINSE","BODY","WARYN-LINSE","1","","40","FLACO","K6","WP   ","BOBYJ","BWI/15R","2","Added",""
"2025/02/20","LINSE","ZDC","LINSE2.LINSE","BODY","WARYN-LINSE","1","","50","BOBYJ","K6","WP   ","WARYN","BWI/15R","2","Added",""
"2025/02/20","LINSE","ZDC","LINSE2.LINSE","BODY","WARYN-LINSE","1","","60","WARYN","K6","WP   ","","BWI/15R","2","Added",""
"2025/02/20","LINSE","ZDC","LINSE2.LINSE","TRANSITION","JERES TRANSITION","1","LINSE2.JERES","10","JERES","K6","RP   ","LINSE","","2","Added",""
"2025/02/20","LINSE","ZDC","LINSE2.LINSE","TRANSITION","JERES TRANSITION","1","LINSE2.JERES","20","LINSE","K6","WP   ","","","2","Added",""
"2025/02/20","LINSE","ZDC","LINSE2.LINSE","TRANSITION","MCRAY TRANSITION","1","LINSE2.MCRAY","10","MCRAY","K6","RP   ","BUFFR","","2","Added",""
"2025/02/20","LINSE","ZDC","LINSE2.LINSE","TRANSITION","MCRAY TRANSITION","1","LINSE2.MCRAY","20","BUFFR","K6","RP   ","LINSE","","2","Added",""
"2025/02/20","LINSE","ZDC","LINSE2.LINSE","TRANSITION","MCRAY TRANSITION","1","LINSE2.MCRAY","30","LINSE","K6","WP   ","","","2","Added",""
"2025/02/20","ROSCOE","ZLA","RSCO4.VVERA","BODY","DSSRT-VVERA","1","","10","VVERA","K2","WP   ","JARZO","VNY/16R","2","Added",""
"2025/02/20","ROSCOE","ZLA","RSCO4.VVERA","BODY","DSSRT-VVERA","1","","20","JARZO","K2","WP   ","SLAPP","VNY/16R","2","Added",""
"2025/02/20","ROSCOE","ZLA","RSCO4.VVERA","BODY","DSSRT-VVERA","1","","30","SLAPP","K2","RP   ","KIMMO","VNY/16R","2","Added",""
"2025/02/20","ROSCOE","ZLA","RSCO4.VVERA","BODY","DSSRT-VVERA","1","","40","KIMMO","K2","RP   ","CCHUM","VNY/16R","2","Added",""
"2025/02/20","ROSCOE","ZLA","RSCO4.VVERA","BODY","DSSRT-VVERA","1","","50","CCHUM","K2","WP   ","BSHOW","VNY/16R","2","Added",""
"2025/02/20","ROSCOE","ZLA","RSCO4.VVERA","BODY","DSSRT-VVERA","1","","60","BSHOW","K2","WP   ","DSSRT","VNY/16R","2","Added",""
"2025/02/20","ROSCOE","ZLA","RSCO4.VVERA","BODY","DSSRT-VVERA","1","","70","DSSRT","K2","WP   ","","VNY/16R","2","Added",""
"2025/02/20","ROSCOE","ZLA","RSCO4.VVERA","TRANSITION","DAGGETT TRANSITION","1","RSCO4.DAG","10","DAG","","VORTAC","SSETH","","2","Added",""
"2025/02/20","ROSCOE","ZLA","RSCO4.VVERA","TRANSITION","DAGGETT TRANSITION","1","RSCO4.DAG","20","SSETH","K2","WP   ","VVERA","","2","Added",""
"2025/02/20","ROSCOE","ZLA","RSCO4.VVERA","TRANSITION","DAGGETT TRANSITION","1","RSCO4.DAG","30","VVERA","K2","WP   ","","","2","Added",""
"2025/02/20","ROSCOE","ZLA","RSCO4.VVERA","TRANSITION","HECTOR TRANSITION","1","RSCO4.HEC","10","HEC","","VORTAC","SSETH","","2","Added",""
"2025/02/20","ROSCOE","ZLA","RSCO4.VVERA","TRANSITION","HECTOR TRANSITION","1","RSCO4.HEC","20","SSETH","K2","WP   ","VVERA","","2","Added",""
"2025/02/20","ROSCOE","ZLA","RSCO4.VVERA","TRANSITION","HECTOR TRANSITION","1","RSCO4.HEC","30","VVERA","K2","WP   ","","","2","Added",""
"2025/02/20","ROWEY","ZLC","ROWEY1.ROWEY","BODY","ROWEY","1","","10","ROWEY","K1","RP   ","","DUB/11","2","Added",""
"2025/02/20","WLKKR","ZLA","WLKKR5.WLKKR","BODY","BOOGY-WLKKR","1","","10","WLKKR","K2","WP   ","LUVVY","VNY/16R","2","Added",""
"2025/02/20","WLKKR","ZLA","WLKKR5.WLKKR","BODY","BOOGY-WLKKR","1","","20","LUVVY","K2","WP   ","BOOGY","VNY/16R","2","Added",""
"2025/02/20","WLKKR","ZLA","WLKKR5.WLKKR","BODY","BOOGY-WLKKR","1","","30","BOOGY","K2","WP   ","","VNY/16R","2","Added",""
"2025/02/20","WLKKR","ZLA","WLKKR5.WLKKR","TRANSITION","COREZ TRANSITION","1","WLKKR5.COREZ","10","COREZ","K2","RP   ","MDWAY","","2","Added",""
"2025/02/20","WLKKR","ZLA","WLKKR5.WLKKR","TRANSITION","COREZ TRANSITION","1","WLKKR5.COREZ","20","MDWAY","K2","WP   ","SHORS","","2","Added",""
"2025/02/20","WLKKR","ZLA","WLKKR5.WLKKR","TRANSITION","COREZ TRANSITION","1","WLKKR5.COREZ","30","SHORS","K2","WP   ","BRRKK","","2","Added",""
"2025/02/20","WLKKR","ZLA","WLKKR5.WLKKR","TRANSITION","COREZ TRANSITION","1","WLKKR5.COREZ","40","BRRKK","K2","WP   ","OROSZ","","2","Added",""
"2025/02/20","WLKKR","ZLA","WLKKR5.WLKKR","TRANSITION","COREZ TRANSITION","1","WLKKR5.COREZ","50","OROSZ","K2","WP   ","WLKKR","","2","Added",""
"2025/02/20","WLKKR","ZLA","WLKKR5.WLKKR","TRANSITION","COREZ TRANSITION","1","WLKKR5.COREZ","60","WLKKR","K2","WP   ","","","2","Added",""
"2025/02/20","WLKKR","ZLA","WLKKR5.WLKKR","TRANSITION","CSTRO TRANSITION","1","WLKKR5.CSTRO","10","CSTRO","K2","WP   ","HEYJO","","2","Added",""
"2025/02/20","WLKKR","ZLA","WLKKR5.WLKKR","TRANSITION","CSTRO TRANSITION","1","WLKKR5.CSTRO","20","HEYJO","K2","WP   ","OROSZ","","2","Added",""
"2025/02/20","WLKKR","ZLA","WLKKR5.WLKKR","TRANSITION","CSTRO TRANSITION","1","WLKKR5.CSTRO","30","OROSZ","K2","WP   ","WLKKR","","2","Added",""
"2025/02/20","WLKKR","ZLA","WLKKR5.WLKKR","TRANSITION","CSTRO TRANSITION","1","WLKKR5.CSTRO","40","WLKKR","K2","WP   ","","","2","Added",""
"2025/02/20","WLKKR","ZLA","WLKKR5.WLKKR","TRANSITION","OROSZ TRANSITION","1","WLKKR5.OROSZ","10","OROSZ","K2","WP   ","WLKKR","","2","Added",""
"2025/02/20","WLKKR","ZLA","WLKKR5.WLKKR","TRANSITION","OROSZ TRANSITION","1","WLKKR5.OROSZ","20","WLKKR","K2","WP   ","","","2","Added",""
