"EFF_DATE","FIX_ID","ICAO_REGION_CODE","STATE_CODE","COUNTRY_CODE","NAV_ID","NAV_TYPE","BEARING","DISTANCE","File","Action","Mods"
"2025/01/23","AADPO","NZ","","AS","TUT","NDB","292","","2","Deleted",""
"2025/01/23","AADPO","NZ","","AS","TUT","VORTAC","","18","2","Deleted",""
"2025/01/23","ALTEW","PA","AK","US","BIG","VORTAC","116","35.67","1","Modified","DISTANCE"
"2025/02/20","ALTEW","PA","AK","US","BIG","VORTAC","116","35.97","2","Modified","DISTANCE"
"2025/01/23","ANDRO","K7","FL","US","LAL","VORTAC","59.99","7.78","1","Modified","BEARING"
"2025/02/20","ANDRO","K7","FL","US","LAL","VORTAC","60","7.78","2","Modified","BEARING"
"2025/01/23","ASHLA","K3","KS","US","FRI","VOR","45.01","","2","Deleted",""
"2025/01/23","ASHLA","K3","KS","US","MHK","VOR/DME","141.01","2.53","2","Deleted",""
"2025/01/23","ATACI","K2","NV","US","BQU","VOR/DME","324.02","2","2","Deleted",""
"2025/01/23","ATLIC","K","OA","US","LFI","TACAN","107","56","2","Deleted",""
"2025/01/23","AVYUM","K7","MS","US","GPT","LOC","316.91","","1","Modified","BEARING"
"2025/02/20","AVYUM","K7","MS","US","GPT","LOC","316.92","","2","Modified","BEARING"
"2025/01/23","BAGKA","K2","NV","US","BQU","VOR/DME","324.02","4.04","2","Deleted",""
"2025/01/23","BASTO","K4","TX","US","CLL","VORTAC","232.27","","2","Deleted",""
"2025/01/23","BASTO","K4","TX","US","CWK","VORTAC","127.83","17.69","2","Deleted",""
"2025/01/23","BASTO","K4","TX","US","IDU","VORTAC","281.28","39.8","2","Deleted",""
"2025/01/23","BHIVE","K2","UT","US","UAT","LOC","343.95","12.6","1","Modified","DISTANCE"
"2025/02/20","BHIVE","K2","UT","US","UAT","LOC","343.95","12.22","2","Modified","DISTANCE"
"2025/01/23","BITER","K4","TX","US","IDU","VORTAC","281.28","28.54","2","Deleted",""
"2025/01/23","BNKER","K2","UT","US","UAT","LOC","343.95","7.49","1","Modified","DISTANCE"
"2025/02/20","BNKER","K2","UT","US","UAT","LOC","343.95","7.55","2","Modified","DISTANCE"
"2025/01/23","BOCCK","K4","TX","US","IDU","VORTAC","85.49","18.52","2","Deleted",""
"2025/01/23","BOCCK","K4","TX","US","LFK","VORTAC","221.85","106.53","2","Deleted",""
"2025/01/23","BOCCK","K4","TX","US","TNV","VOR/DME","192.3","","2","Deleted",""
"2025/01/23","BONZO","K5","IL","US","OBK","VOR/DME","132.39","","1","Modified","BEARING"
"2025/02/20","BONZO","K5","IL","US","OBK","VOR/DME","136.39","","2","Modified","BEARING"
"2025/01/23","BOOMR","K4","TX","US","LBB","VORTAC","85.01","60.99","2","Deleted",""
"2025/01/23","BUTTA","K2","NV","US","BQU","VOR/DME","150","10","2","Deleted",""
"2025/01/23","CAESA","K7","MS","US","GPT","LOC","312.92","","1","Modified","BEARING"
"2025/02/20","CAESA","K7","MS","US","GPT","LOC","316.91","","2","Modified","BEARING"
"2025/01/23","CALIA","MM","","MX","BRO","LOC","128.41","4.91","1","Modified","BEARING"
"2025/02/20","CALIA","MM","","MX","BRO","LOC","132.41","4.91","2","Modified","BEARING"
"2025/01/23","CANDL","K1","WA","US","YYJ","VOR/DME","74","","2","Deleted",""
"2025/01/23","CAVWU","K3","KS","US","MHK","VOR/DME","40","5","1","Modified","BEARING"
"2025/02/20","CAVWU","K3","KS","US","MHK","VOR/DME","42","5","2","Modified","BEARING"
"2025/01/23","CHEVL","K2","UT","US","SLC","LOC","163.96","5.56","1","Modified","DISTANCE"
"2025/02/20","CHEVL","K2","UT","US","SLC","LOC","163.96","5.54","2","Modified","DISTANCE"
"2025/01/23","CLLEG","K6","VA","US","AML","VOR/DME","258.89","46","2","Deleted",""
"2025/01/23","DILNN","K6","VA","US","BKW","VOR/DME","71.5","72.29","2","Deleted",""
"2025/01/23","DOCCS","K6","VA","US","AML","VOR/DME","258.89","40","2","Deleted",""
"2025/01/23","DOCCS","K6","VA","US","LDN","VORTAC","206.12","9","2","Deleted",""
"2025/01/23","DROWE","K6","WV","US","BKW","VOR/DME","175","20.55","2","Deleted",""
"2025/01/23","DUDGE","K7","FL","US","PHK","VOR/DME","2.15","0.47","2","Deleted",""
"2025/01/23","EDSOE","K6","WV","US","CKB","VOR/DME","265","","2","Deleted",""
"2025/01/23","EDSOE","K6","WV","US","JPU","VOR/DME","176.15","19.51","2","Deleted",""
"2025/01/23","EGRET","K1","WA","US","YYJ","VOR/DME","74","","2","Deleted",""
"2025/01/23","ELBOT","K5","MI","US","CGG","VOR","340.53","","2","Deleted",""
"2025/01/23","ESTEM","K6","WV","US","BKW","VOR/DME","160.57","17.74","2","Deleted",""
"2025/01/23","FIBOP","K7","FL","US","MLB","VOR/DME","272.41","6.37","1","Modified","BEARING DISTANCE"
"2025/02/20","FIBOP","K7","FL","US","MLB","VOR/DME","272.43","6.46","2","Modified","BEARING DISTANCE"
"2025/01/23","FIBOP","K7","FL","US","TRV","VORTAC","337.66","28.73","2","Deleted",""
"2025/01/23","FINKS","K6","VA","US","AML","VOR/DME","258.89","76.36","2","Deleted",""
"2025/01/23","FINKS","K6","VA","US","ESL","VOR/DME","186.57","","2","Deleted",""
"2025/01/23","FLLAG","K2","UT","US","UUH","LOC","163.95","5.54","1","Modified","DISTANCE"
"2025/02/20","FLLAG","K2","UT","US","UUH","LOC","163.95","5.53","2","Modified","DISTANCE"
"2025/01/23","FLOUT","K2","CA","US","RZS","VORTAC","197","17.59","1","Modified","DISTANCE"
"2025/02/20","FLOUT","K2","CA","US","RZS","VORTAC","197","17.6","2","Modified","DISTANCE"
"2025/01/23","FORTB","K7","FL","US","PHK","VOR/DME","330","43","2","Deleted",""
"2025/01/23","FORXS","K2","UT","US","UTJ","LOC","163.95","0.24","1","Modified","DISTANCE"
"2025/02/20","FORXS","K2","UT","US","UTJ","LOC","163.95","","2","Modified","DISTANCE"
"2025/01/23","GAULE","K6","WV","US","BKW","VOR/DME","359.31","20.46","2","Deleted",""
"2025/01/23","GIBBZ","K6","VA","US","AML","VOR/DME","285.86","13.84","2","Deleted",""
"2025/01/23","GIBBZ","K6","VA","US","LDN","VORTAC","78.13","21.93","2","Deleted",""
"2025/01/23","GLICK","K6","WV","US","BKW","VOR/DME","248.63","8.19","2","Deleted",""
"2025/01/23","GOYED","K2","CA","US","GVO","VORTAC","135.67","","1","Modified","BEARING DISTANCE"
"2025/02/20","GOYED","K2","CA","US","GVO","VORTAC","135.68","7.31","2","Modified","BEARING DISTANCE"
"2025/01/23","GOYED","K2","CA","US","SBA","LOC","","9.48","1","Modified","BEARING"
"2025/02/20","GOYED","K2","CA","US","SBA","LOC","254.55","9.48","2","Modified","BEARING"
"2025/01/23","HABUT","K2","CA","US","GVO","VORTAC","163.04","6.53","1","Modified","BEARING"
"2025/02/20","HABUT","K2","CA","US","GVO","VORTAC","163","6.53","2","Modified","BEARING"
"2025/01/23","HABUT","K2","CA","US","SBA","LOC","255","12.84","1","Modified","BEARING DISTANCE"
"2025/02/20","HABUT","K2","CA","US","SBA","LOC","254.55","12.83","2","Modified","BEARING DISTANCE"
"2025/01/23","HECKE","K6","VA","US","BKW","VOR/DME","175.63","","2","Deleted",""
"2025/01/23","HLMET","K2","UT","US","UTJ","LOC","163.95","20.89","1","Modified","DISTANCE"
"2025/02/20","HLMET","K2","UT","US","UTJ","LOC","163.95","","2","Modified","DISTANCE"
"2025/01/23","IKDEW","K3","KS","US","SLN","VORTAC","323.84","23.26","2","Deleted",""
"2025/01/23","ILEXY","K4","TX","US","IDU","VORTAC","303.57","","2","Deleted",""
"2025/01/23","IRRON","K2","UT","US","MOY","LOC","343.95","22.42","1","Modified","BEARING"
"2025/02/20","IRRON","K2","UT","US","MOY","LOC","343.96","22.42","2","Modified","BEARING"
"2025/01/23","ISHOV","K4","TX","US","IDU","VORTAC","281.28","35","2","Deleted",""
"2025/01/23","ISLND","K1","WA","US","YYJ","VOR/DME","103.11","36.75","2","Deleted",""
"2025/01/23","ITALY","K6","WV","US","BKW","VOR/DME","359.31","45.47","2","Deleted",""
"2025/01/23","IVOCY","K2","UT","US","BNT","LOC","348.99","16.61","1","Modified","BEARING"
"2025/02/20","IVOCY","K2","UT","US","BNT","LOC","349","16.61","2","Modified","BEARING"
"2025/01/23","JAKEL","K","OA","US","ZFP","VOR/DME","308.41","27","1","Modified","BEARING"
"2025/02/20","JAKEL","K","OA","US","ZFP","VOR/DME","308.42","27","2","Modified","BEARING"
"2025/01/23","JAMOX","K5","OH","US","BKW","VOR/DME","349.55","120.8","2","Deleted",""
"2025/01/23","JATEL","K7","FL","US","PHK","VOR/DME","2.15","5","2","Deleted",""
"2025/01/23","JAYJO","K4","TX","US","IDU","VORTAC","322.1","26.33","2","Deleted",""
"2025/01/23","JIGOM","K2","CO","US","RIL","LOC","78.46","16.53","1","Modified","BEARING"
"2025/02/20","JIGOM","K2","CO","US","RIL","LOC","78.44","16.53","2","Modified","BEARING"
"2025/01/23","JSTRM","K7","FL","US","LAL","VORTAC","230.08","","1","Modified","BEARING"
"2025/02/20","JSTRM","K7","FL","US","LAL","VORTAC","230.07","","2","Modified","BEARING"
"2025/01/23","JUPUL","K3","NE","US","EAR","VOR","231.91","","2","Deleted",""
"2025/01/23","JUPUL","K3","NE","US","TKO","VORTAC","302.23","","2","Deleted",""
"2025/01/23","KEGLY","K6","WV","US","BKW","VOR/DME","208.98","","2","Deleted",""
"2025/01/23","KERNN","K2","UT","US","UTJ","LOC","163.95","5.48","1","Modified","DISTANCE"
"2025/02/20","KERNN","K2","UT","US","UTJ","LOC","163.95","","2","Modified","DISTANCE"
"2025/01/23","KERRE","K6","VA","US","AML","VOR/DME","259","52.98","2","Deleted",""
"2025/01/23","KOTZA","K3","KS","US","TKO","VORTAC","240.84","9","2","Deleted",""
"2025/01/23","KOVJY","K3","KS","US","TKO","VORTAC","209.8","15","2","Deleted",""
"2025/01/23","KUBIC","K7","FL","US","PHK","VOR/DME","198.79","","2","Deleted",""
"2025/01/23","LANCH","K7","FL","US","PHK","VOR/DME","116.9","","2","Deleted",""
"2025/01/23","LEFVR","K6","MD","US","SGC","LOC","10.67","24.41","2","Deleted",""
"2025/01/23","LEONE","K6","WV","US","BKW","VOR/DME","","12.47","2","Deleted",""
"2025/01/23","LGOON","K2","UT","US","MOY","LOC","343.95","11.99","1","Modified","BEARING DISTANCE"
"2025/02/20","LGOON","K2","UT","US","MOY","LOC","343.96","12.24","2","Modified","BEARING DISTANCE"
"2025/01/23","MALIA","PH","HI","US","UPP","VORTAC","188.83","","1","Modified","DISTANCE"
"2025/02/20","MALIA","PH","HI","US","UPP","VORTAC","188.83","16.92","2","Modified","DISTANCE"
"2025/01/23","MARCS","K4","TX","US","IDU","VORTAC","259.38","67.82","2","Deleted",""
"2025/01/23","MAWNO","K3","KS","US","TKO","VORTAC","209.8","23","2","Deleted",""
"2025/01/23","MINEE","K7","FL","US","LAL","VORTAC","59.99","16.34","1","Modified","BEARING"
"2025/02/20","MINEE","K7","FL","US","LAL","VORTAC","60","16.34","2","Modified","BEARING"
"2025/01/23","MUNCH","K4","TX","US","IDU","VORTAC","306.48","53.17","2","Deleted",""
"2025/01/23","NAPPS","K2","CA","US","GVO","VORTAC","119","","1","Modified","BEARING"
"2025/02/20","NAPPS","K2","CA","US","GVO","VORTAC","119.32","","2","Modified","BEARING"
"2025/01/23","NAPPS","K2","CA","US","SBA","LOC","","6.59","1","Modified","BEARING DISTANCE"
"2025/02/20","NAPPS","K2","CA","US","SBA","LOC","254.55","6.66","2","Modified","BEARING DISTANCE"
"2025/01/23","NASCR","K7","NC","US","CTF","VOR/DME","348","49.94","2","Deleted",""
"2025/01/23","NASCR","K7","NC","US","GSO","VORTAC","221","44.77","2","Deleted",""
"2025/01/23","NASCR","K7","NC","US","LIB","VORTAC","248.05","50.06","2","Deleted",""
"2025/01/23","NUTTR","K6","WV","US","BKW","VOR/DME","324.29","17.44","2","Deleted",""
"2025/01/23","PEDLE","K2","UT","US","UTJ","LOC","163.95","17.75","1","Modified","DISTANCE"
"2025/02/20","PEDLE","K2","UT","US","UTJ","LOC","163.95","","2","Modified","DISTANCE"
"2025/01/23","PEPIY","K2","NV","US","BQU","VOR/DME","115","10","2","Deleted",""
"2025/01/23","PINEE","K6","WV","US","BKW","VOR/DME","257","","2","Deleted",""
"2025/01/23","PONTI","K7","NC","US","GSO","VORTAC","221","30","2","Deleted",""
"2025/01/23","PRYES","K2","UT","US","BNT","LOC","348.99","11.89","1","Modified","BEARING"
"2025/02/20","PRYES","K2","UT","US","BNT","LOC","349","11.89","2","Modified","BEARING"
"2025/01/23","RISHO","K3","KS","US","TKO","VORTAC","240.84","35","2","Deleted",""
"2025/01/23","ROCKA","K6","WV","US","BKW","VOR/DME","71.5","38.25","2","Deleted",""
"2025/01/23","ROUSH","K7","NC","US","LIB","VORTAC","248.05","36","2","Deleted",""
"2025/01/23","RROYY","K2","UT","US","OGD","VORTAC","252.84","2.26","2","Deleted",""
"2025/01/23","SCRIB","K6","WV","US","BKW","VOR/DME","324.29","25.42","2","Deleted",""
"2025/01/23","SEALZ","K6","WV","US","AML","VOR/DME","258.89","91.01","2","Deleted",""
"2025/01/23","SEALZ","K6","WV","US","BKW","VOR/DME","71.5","94.97","2","Deleted",""
"2025/01/23","SHYNR","K4","TX","US","IAH","VORTAC","262.37","36.26","2","Deleted",""
"2025/01/23","SHYNR","K4","TX","US","IDU","VORTAC","85.49","27.25","2","Deleted",""
"2025/01/23","SHYNR","K4","TX","US","TNV","VOR/DME","169.55","","2","Deleted",""
"2025/01/23","SIYOB","K6","VA","US","MRB","VORTAC","164.96","34.39","2","Deleted",""
"2025/01/23","SMUGS","K7","FL","US","PHK","VOR/DME","41","","2","Deleted",""
"2025/01/23","SOCKY","K2","CO","US","RIL","LOC","78.46","24.98","1","Modified","BEARING"
"2025/02/20","SOCKY","K2","CO","US","RIL","LOC","78.44","24.98","2","Modified","BEARING"
"2025/01/23","SOFTY","K6","WV","US","BLF","VOR/DME","73.62","15.34","1","Modified","BEARING DISTANCE"
"2025/02/20","SOFTY","K6","WV","US","BLF","VOR/DME","73.98","15.35","2","Modified","BEARING DISTANCE"
"2025/01/23","SOFTY","K6","WV","US","PSK","VORTAC","340.83","20.09","1","Modified","DISTANCE"
"2025/02/20","SOFTY","K6","WV","US","PSK","VORTAC","340.83","20","2","Modified","DISTANCE"
"2025/01/23","SPRIT","K3","NE","US","EAR","VOR","231.91","","2","Deleted",""
"2025/01/23","SPRIT","K3","NE","US","TKO","VORTAC","294.36","","2","Deleted",""
"2025/01/23","SUNYJ","K6","VA","US","AML","VOR/DME","285.86","7.4","2","Deleted",""
"2025/01/23","SUNYJ","K6","VA","US","CSN","VORTAC","37.35","21.79","2","Deleted",""
"2025/01/23","SUNYJ","K6","VA","US","MRB","VORTAC","164.96","28.07","2","Deleted",""
"2025/01/23","SURFN","K7","FL","US","TRV","VORTAC","131.61","43.64","2","Deleted",""
"2025/01/23","SWIFT","K6","WV","US","BKW","VOR/DME","353.12","","2","Deleted",""
"2025/01/23","TARCI","K6","WV","US","BKW","VOR/DME","349.55","31.03","2","Deleted",""
"2025/01/23","TEKGU","K2","CO","US","EKR","VOR/DME","185.4","36.85","1","Modified","DISTANCE"
"2025/02/20","TEKGU","K2","CO","US","EKR","VOR/DME","185.4","36.84","2","Modified","DISTANCE"
"2025/01/23","TERRN","K6","WV","US","BKW","VOR/DME","291.51","","2","Deleted",""
"2025/01/23","TERRN","K6","WV","US","HVQ","VOR/DME","159.19","","2","Deleted",""
"2025/01/23","TICKY","K1","OR","US","OTH","VOR/DME","8.36","","1","Modified","DISTANCE"
"2025/02/20","TICKY","K1","OR","US","OTH","VOR/DME","8.36","60.18","2","Modified","DISTANCE"
"2025/01/23","TIFUL","K2","UT","US","BNT","LOC","348.99","7.18","1","Modified","BEARING"
"2025/02/20","TIFUL","K2","UT","US","BNT","LOC","349","7.18","2","Modified","BEARING"
"2025/01/23","TIFUL","K2","UT","US","TCH","VORTAC","5.15","","2","Deleted",""
"2025/01/23","TOOME","K2","UT","US","MOY","LOC","343.95","16.4","1","Modified","BEARING DISTANCE"
"2025/02/20","TOOME","K2","UT","US","MOY","LOC","343.96","16.96","2","Modified","BEARING DISTANCE"
"2025/01/23","TUKTE","K2","UT","US","BNT","LOC","348.99","32.77","1","Modified","BEARING"
"2025/02/20","TUKTE","K2","UT","US","BNT","LOC","349","32.77","2","Modified","BEARING"
"2025/01/23","TUUNA","TJ","PR","US","BQN","VORTAC","123.69","","1","Modified","BEARING"
"2025/02/20","TUUNA","TJ","PR","US","BQN","VORTAC","123.71","","2","Modified","BEARING"
"2025/01/23","UDIYU","K6","VA","US","CSN","VORTAC","37.35","26.15","2","Deleted",""
"2025/01/23","UDUZU","K2","UT","US","BNT","LOC","348.99","21.77","1","Modified","BEARING DISTANCE"
"2025/02/20","UDUZU","K2","UT","US","BNT","LOC","349","21.78","2","Modified","BEARING DISTANCE"
"2025/01/23","VLADY","K5","OH","US","BKW","VOR/DME","349.55","100.84","2","Deleted",""
"2025/01/23","VOCUK","K6","WV","US","BKW","VOR/DME","","7.16","2","Deleted",""
"2025/01/23","WAUCA","K5","WI","US","BAE","VOR/DME","212.07","","2","Deleted",""
"2025/01/23","WAUCA","K5","WI","US","SKC","LOC","282.95","","2","Deleted",""
"2025/01/23","WEBER","K2","UT","US","MOY","LOC","343.95","33","1","Modified","BEARING DISTANCE"
"2025/02/20","WEBER","K2","UT","US","MOY","LOC","343.96","29.02","2","Modified","BEARING DISTANCE"
"2025/01/23","WEEEL","K2","UT","US","UTJ","LOC","163.95","1.76","1","Modified","DISTANCE"
"2025/02/20","WEEEL","K2","UT","US","UTJ","LOC","163.95","","2","Modified","DISTANCE"
"2025/01/23","WELER","K6","WV","US","BKW","VOR/DME","248.63","18","2","Deleted",""
"2025/01/23","WENBU","K5","WI","US","BAE","VOR/DME","253.27","","1","Modified","DISTANCE"
"2025/02/20","WENBU","K5","WI","US","BAE","VOR/DME","253.27","8.83","2","Modified","DISTANCE"
"2025/01/23","WINCO","K7","FL","US","PHK","VOR/DME","214.66","","2","Deleted",""
"2025/01/23","WIRDE","K3","MN","US","DTL","VOR/DME","240.09","","1","Modified","BEARING"
"2025/02/20","WIRDE","K3","MN","US","DTL","VOR/DME","243.1","","2","Modified","BEARING"
"2025/01/23","WLEEE","K4","TX","US","CLL","VORTAC","207.19","","2","Deleted",""
"2025/01/23","WLEEE","K4","TX","US","IDU","VORTAC","281.28","17","2","Deleted",""
"2025/01/23","YODUB","K2","CO","US","RIL","LOC","78.46","13.98","2","Deleted",""
"2025/01/23","YUCUV","PH","HI","US","KOA","VORTAC","191","5","1","Modified","DISTANCE"
"2025/02/20","YUCUV","PH","HI","US","KOA","VORTAC","191","3.84","2","Modified","DISTANCE"
"2025/01/23","YYIPP","K2","UT","US","MOY","LOC","343.95","7.47","1","Modified","BEARING DISTANCE"
"2025/02/20","YYIPP","K2","UT","US","MOY","LOC","343.96","7.54","2","Modified","BEARING DISTANCE"
"2025/01/23","ZABEK","K3","KS","US","HYS","VORTAC","29.16","35.37","2","Deleted",""
"2025/01/23","ZACKS","K2","CA","US","GVO","VORTAC","98.76","20.71","1","Modified","BEARING DISTANCE"
"2025/02/20","ZACKS","K2","CA","US","GVO","VORTAC","99.88","19.3","2","Modified","BEARING DISTANCE"
"2025/01/23","ZACKS","K2","CA","US","RZS","VORTAC","144.53","","1","Modified","BEARING"
"2025/02/20","ZACKS","K2","CA","US","RZS","VORTAC","154.41","","2","Modified","BEARING"
"2025/01/23","ZEPOG","K2","UT","US","UTJ","LOC","163.95","14.6","1","Modified","DISTANCE"
"2025/02/20","ZEPOG","K2","UT","US","UTJ","LOC","163.95","","2","Modified","DISTANCE"
"2025/01/23","ZIDNA","K6","WV","US","BKW","VOR/DME","","3.64","2","Deleted",""
"2025/01/23","ZIEBR","K5","KY","US","BKW","VOR/DME","270","78.09","2","Deleted",""
"2025/01/23","ZIEBR","K5","KY","US","IIU","VORTAC","100","137.12","2","Deleted",""
"2025/01/23","ZIVEN","K1","ID","US","BYI","VOR/DME","274","15","2","Deleted",""
"2025/01/23","ZOOMS","K6","WV","US","ROA","VOR/DME","292","25.85","2","Deleted",""
"2025/02/20","AADPO","P","AS","US","TUT","NDB","292","","2","Added",""
"2025/02/20","AADPO","P","AS","US","TUT","VORTAC","","18","2","Added",""
"2025/02/20","DRAPE","K2","UT","US","BNT","LOC","","9.6","2","Added",""
"2025/02/20","DRAPE","K2","UT","US","UTJ","LOC","163.95","","2","Added",""
"2025/02/20","FEDKI","K5","WI","US","BAE","VOR/DME","214.89","4.37","2","Added",""
"2025/02/20","FEDKI","K5","WI","US","SKC","LOC","282.97","","2","Added",""
"2025/02/20","FORXS","K2","UT","US","BNT","LOC","","0.19","2","Added",""
"2025/02/20","HLMET","K2","UT","US","BNT","LOC","","20.89","2","Added",""
"2025/02/20","KERNN","K2","UT","US","BNT","LOC","","5.47","2","Added",""
"2025/02/20","KERRE","K6","VA","US","MOL","VOR/DME","36.24","52.07","2","Added",""
"2025/02/20","LARKY","K6","MD","US","SGC","LOC","10.67","24.41","2","Added",""
"2025/02/20","LEONE","K6","WV","US","BKW","DME","","12.47","2","Added",""
"2025/02/20","LUYIB","K3","MN","US","ODI","VORTAC","248.91","16.76","2","Added",""
"2025/02/20","MARCS","K4","TX","US","CLL","VORTAC","232.87","86","2","Added",""
"2025/02/20","MUNCH","K4","TX","US","AGJ","VORTAC","124.59","56.95","2","Added",""
"2025/02/20","OPCAW","K3","MN","US","HIB","VOR/DME","47","6","2","Added",""
"2025/02/20","PEDLE","K2","UT","US","BNT","LOC","","17.74","2","Added",""
"2025/02/20","SPRIT","K3","NE","US","MCK","VOR/DME","63.99","51.22","2","Added",""
"2025/02/20","VOCUK","K6","WV","US","BKW","DME","","7.16","2","Added",""
"2025/02/20","WABNY","K3","MN","US","ONA","LOC","120.39","6.22","2","Added",""
"2025/02/20","WAMOM","K5","MI","US","TVC","VOR/DME","344.87","2.31","2","Added",""
"2025/02/20","WEEEL","K2","UT","US","BNT","LOC","","1.7","2","Added",""
"2025/02/20","WUKLI","K2","CO","US","RIL","LOC","78.44","13.98","2","Added",""
"2025/02/20","WURGU","K2","CA","US","GVO","VORTAC","99.88","17.35","2","Added",""
"2025/02/20","WURGU","K2","CA","US","RZS","VORTAC","168.58","","2","Added",""
"2025/02/20","ZEPOG","K2","UT","US","BNT","LOC","","14.6","2","Added",""
"2025/02/20","ZIDNA","K6","WV","US","BKW","DME","","3.64","2","Added",""
"2025/02/20","ZILOD","K2","UT","US","TCH","VORTAC","159.03","40","2","Added",""
