"EFF_DATE","FIX_ID","ICAO_REGION_CODE","STATE_CODE","COUNTRY_CODE","CHARTING_TYPE_DESC","File","Action","Mods"
"2025/01/23","AADPO","NZ","","AS","ENROUTE LOW","2","Deleted",""
"2025/01/23","AFOYU","P","OP","US","CONTROLLER LOW","2","Deleted",""
"2025/01/23","AFOYU","P","OP","US","ENROUTE HIGH","2","Deleted",""
"2025/01/23","AFOYU","P","OP","US","ENROUTE LOW","2","Deleted",""
"2025/01/23","AFOYU","P","OP","US","IAP","2","Deleted",""
"2025/01/23","AIBUX","K6","ME","US","SPECIAL IAP","2","Deleted",""
"2025/01/23","ALTEW","PA","AK","US","CONTROLLER","2","Deleted",""
"2025/01/23","AMMOR","K2","CA","US","CONTROLLER","2","Deleted",""
"2025/01/23","ASHLA","K3","KS","US","IAP","2","Deleted",""
"2025/01/23","ASHLN","K6","VA","US","MILITARY STAR","2","Deleted",""
"2025/01/23","ASOTE","K4","TX","US","SPECIAL IAP","2","Deleted",""
"2025/01/23","ATACI","K2","NV","US","IAP","2","Deleted",""
"2025/01/23","BAGKA","K2","NV","US","IAP","2","Deleted",""
"2025/01/23","BANEY","K3","ND","US","CONTROLLER LOW","2","Deleted",""
"2025/01/23","BANEY","K3","ND","US","ENROUTE LOW","2","Deleted",""
"2025/01/23","BANEY","K3","ND","US","IAP","2","Deleted",""
"2025/01/23","BASTO","K4","TX","US","CONTROLLER","2","Deleted",""
"2025/01/23","BAURT","K2","UT","US","IAP","2","Deleted",""
"2025/01/23","BEGGS","K3","MN","US","IAP","2","Deleted",""
"2025/01/23","BENEC","K3","MN","US","SPECIAL IAP","2","Deleted",""
"2025/01/23","BEVRR","K2","UT","US","CONTROLLER","2","Deleted",""
"2025/01/23","BFOON","K2","CA","US","STAR","2","Deleted",""
"2025/01/23","BISNE","K4","TX","US","SPECIAL IAP","2","Deleted",""
"2025/01/23","BITER","K4","TX","US","CONTROLLER","2","Deleted",""
"2025/01/23","BLUPE","K2","UT","US","IAP","2","Deleted",""
"2025/01/23","BLUPE","K2","UT","US","STAR","2","Deleted",""
"2025/01/23","BOCCK","K4","TX","US","STAR","2","Deleted",""
"2025/01/23","BOHOS","K6","ME","US","ENROUTE LOW","2","Deleted",""
"2025/01/23","BOHOS","K6","ME","US","SPECIAL DP","2","Deleted",""
"2025/01/23","BOOMR","K4","TX","US","CONTROLLER HIGH","2","Deleted",""
"2025/01/23","BOOMR","K4","TX","US","CONTROLLER LOW","2","Deleted",""
"2025/01/23","BOOMR","K4","TX","US","ENROUTE HIGH","2","Deleted",""
"2025/01/23","BOOMR","K4","TX","US","ENROUTE LOW","2","Deleted",""
"2025/01/23","BOOMR","K4","TX","US","SID","2","Deleted",""
"2025/01/23","BOOMR","K4","TX","US","SPECIAL IAP","2","Deleted",""
"2025/01/23","BOOOT","K2","UT","US","STAR","2","Deleted",""
"2025/01/23","BUKRE","K6","ME","US","SPECIAL IAP","2","Deleted",""
"2025/01/23","BUTTA","K2","NV","US","CONTROLLER","2","Deleted",""
"2025/01/23","BUTTA","K2","NV","US","ENROUTE LOW","2","Deleted",""
"2025/01/23","BUTTA","K2","NV","US","IAP","2","Deleted",""
"2025/01/23","CFCDG","K2","NV","US","NOT REQUIRED","2","Deleted",""
"2025/01/23","CFKVT","PA","AK","US","SPECIAL IAP","2","Deleted",""
"2025/01/23","CICAK","K2","UT","US","STAR","2","Deleted",""
"2025/01/23","CLLEG","K6","VA","US","STAR","2","Deleted",""
"2025/01/23","CPTAL","K6","MD","US","SECTIONAL","2","Deleted",""
"2025/01/23","CRKIT","K2","UT","US","STAR","2","Deleted",""
"2025/01/23","CUDLE","K7","NC","US","CONTROLLER HIGH","2","Deleted",""
"2025/01/23","CUDLE","K7","NC","US","CONTROLLER LOW","2","Deleted",""
"2025/01/23","CUDLE","K7","NC","US","ENROUTE HIGH","2","Deleted",""
"2025/01/23","CUXER","K3","MN","US","SPECIAL IAP","2","Deleted",""
"2025/01/23","DBRAH","K6","VA","US","SECTIONAL","2","Deleted",""
"2025/01/23","DEWWW","K2","CA","US","CONTROLLER","2","Deleted",""
"2025/01/23","DOCCS","K6","VA","US","CONTROLLER","2","Deleted",""
"2025/01/23","DOCCS","K6","VA","US","ENROUTE HIGH","2","Deleted",""
"2025/01/23","DOCCS","K6","VA","US","STAR","2","Deleted",""
"2025/01/23","DORRN","K6","VA","US","MILITARY STAR","2","Deleted",""
"2025/01/23","DROGO","K2","CA","US","CONTROLLER","2","Deleted",""
"2025/01/23","DUCAY","K2","NV","US","CONTROLLER","2","Deleted",""
"2025/01/23","DUCAY","K2","NV","US","IAP","2","Deleted",""
"2025/01/23","DUDGE","K7","FL","US","IAP","2","Deleted",""
"2025/01/23","DUKTE","K3","MN","US","SPECIAL IAP","2","Deleted",""
"2025/01/23","EDSOE","K6","WV","US","CONTROLLER","2","Deleted",""
"2025/01/23","EHOSI","K3","MN","US","SPECIAL IAP","2","Deleted",""
"2025/01/23","ELAWA","K3","KS","US","IAP","2","Deleted",""
"2025/01/23","EVESE","K3","MN","US","SPECIAL IAP","2","Deleted",""
"2025/01/23","EWAFY","K3","KS","US","IAP","2","Deleted",""
"2025/01/23","EZZZZ","K6","WV","US","MILITARY STAR","2","Deleted",""
"2025/01/23","EZZZZ","K6","WV","US","STAR","2","Deleted",""
"2025/01/23","FEMUG","K3","MN","US","SPECIAL IAP","2","Deleted",""
"2025/01/23","FIGOP","K6","ME","US","SPECIAL DP","2","Deleted",""
"2025/01/23","FIHVY","P","MP","MP","IAP","1","Modified","COUNTRY_CODE"
"2025/02/20","FIHVY","P","MP","US","IAP","2","Modified","COUNTRY_CODE"
"2025/01/23","FILED","K4","TX","US","SPECIAL IAP","2","Deleted",""
"2025/01/23","FINKS","K6","VA","US","CONTROLLER","2","Deleted",""
"2025/01/23","FINKS","K6","VA","US","STAR","2","Deleted",""
"2025/01/23","FITMA","K5","WI","US","SPECIAL IAP","2","Deleted",""
"2025/01/23","FOILD","K2","CA","US","CONTROLLER","2","Deleted",""
"2025/01/23","FOMGU","K7","FL","US","CONTROLLER","2","Deleted",""
"2025/01/23","FORTB","K7","FL","US","CONTROLLER","2","Deleted",""
"2025/01/23","FORTB","K7","FL","US","ENROUTE HIGH","2","Deleted",""
"2025/01/23","FORTB","K7","FL","US","ENROUTE LOW","2","Deleted",""
"2025/01/23","GOLLE","K6","WV","US","CONTROLLER HIGH","2","Deleted",""
"2025/01/23","GOLLE","K6","WV","US","CONTROLLER LOW","2","Deleted",""
"2025/01/23","GOLLE","K6","WV","US","ENROUTE HIGH","2","Deleted",""
"2025/01/23","GOLLE","K6","WV","US","ENROUTE LOW","2","Deleted",""
"2025/01/23","HAZZL","K1","ID","US","CONTROLLER","2","Deleted",""
"2025/01/23","HECKE","K6","VA","US","CONTROLLER","2","Deleted",""
"2025/01/23","HINKY","K2","UT","US","STAR","2","Deleted",""
"2025/01/23","IKDEW","K3","KS","US","CONTROLLER LOW","2","Deleted",""
"2025/01/23","IKDEW","K3","KS","US","ENROUTE LOW","2","Deleted",""
"2025/01/23","IKHUD","K3","KS","US","IAP","2","Deleted",""
"2025/01/23","ILEXY","K4","TX","US","IAP","2","Deleted",""
"2025/01/23","IYURA","K3","KS","US","IAP","2","Deleted",""
"2025/01/23","JADUP","K1","ID","US","IAP","2","Deleted",""
"2025/01/23","JATEL","K7","FL","US","IAP","2","Deleted",""
"2025/01/23","JOFRY","K2","CA","US","STAR","2","Deleted",""
"2025/01/23","JOHOF","K6","VA","US","MILITARY STAR","2","Deleted",""
"2025/01/23","JOHOF","K6","VA","US","STAR","2","Deleted",""
"2025/01/23","KAADE","K1","WY","US","STAR","2","Deleted",""
"2025/01/23","KAMMP","K2","UT","US","STAR","2","Deleted",""
"2025/01/23","KAYAK","PH","HI","US","CONTROLLER","2","Deleted",""
"2025/01/23","KAYAK","PH","HI","US","MILITARY IAP","2","Deleted",""
"2025/01/23","KERRE","K6","VA","US","ENROUTE HIGH","2","Deleted",""
"2025/01/23","KERRE","K6","VA","US","STAR","2","Deleted",""
"2025/01/23","KOURT","K1","ID","US","CONTROLLER","2","Deleted",""
"2025/01/23","KOVJY","K3","KS","US","IAP","2","Deleted",""
"2025/01/23","KUBIC","K7","FL","US","CONTROLLER HIGH","2","Deleted",""
"2025/01/23","KUBIC","K7","FL","US","ENROUTE HIGH","2","Deleted",""
"2025/01/23","LANCH","K7","FL","US","CONTROLLER LOW","2","Deleted",""
"2025/01/23","LANCH","K7","FL","US","ENROUTE LOW","2","Deleted",""
"2025/01/23","LAZNU","K3","MN","US","CONTROLLER","2","Deleted",""
"2025/01/23","LAZNU","K3","MN","US","SPECIAL IAP","2","Deleted",""
"2025/01/23","LEFVR","K6","MD","US","IAP","2","Deleted",""
"2025/01/23","LIDIT","P","OP","US","ENROUTE LOW","2","Deleted",""
"2025/01/23","LOAPP","K2","UT","US","STAR","2","Deleted",""
"2025/01/23","LORAA","K6","VA","US","MILITARY STAR","2","Deleted",""
"2025/01/23","MALTT","K1","ID","US","CONTROLLER","2","Deleted",""
"2025/01/23","MARNS","K2","CA","US","IAP","2","Deleted",""
"2025/01/23","MINNI","K7","MS","US","CONTROLLER","2","Deleted",""
"2025/01/23","MNURE","K4","TX","US","CONTROLLER","2","Deleted",""
"2025/01/23","MOTIE","K6","VA","US","MILITARY STAR","2","Deleted",""
"2025/01/23","MSTIC","K6","ME","US","SPECIAL DP","2","Deleted",""
"2025/01/23","MUNCH","K4","TX","US","CONTROLLER","2","Deleted",""
"2025/01/23","MUNGE","TJ","PR","US","IAP","2","Deleted",""
"2025/01/23","MUNGO","K2","NV","US","CONTROLLER","2","Deleted",""
"2025/01/23","MUNGO","K2","NV","US","IAP","2","Deleted",""
"2025/01/23","NAVYS","K4","TX","US","CONTROLLER","2","Deleted",""
"2025/01/23","NEPCO","K5","WI","US","IAP","2","Deleted",""
"2025/01/23","NIPTE","K6","ME","US","SPECIAL IAP","2","Deleted",""
"2025/01/23","NOBYI","K5","IN","US","CONTROLLER","2","Deleted",""
"2025/01/23","NORDK","K2","UT","US","STAR","2","Deleted",""
"2025/01/23","OBERS","K6","WV","US","SID","2","Deleted",""
"2025/01/23","OCBAB","K6","ME","US","SPECIAL DP","2","Deleted",""
"2025/01/23","OCBAB","K6","ME","US","SPECIAL IAP","2","Deleted",""
"2025/01/23","OGUTE","K3","KS","US","IAP","2","Deleted",""
"2025/01/23","OLGAA","K2","NV","US","CONTROLLER","2","Deleted",""
"2025/01/23","OLGAA","K2","NV","US","IAP","2","Deleted",""
"2025/01/23","OQUIR","K2","UT","US","STAR","2","Deleted",""
"2025/01/23","PANIC","K3","MN","US","CONTROLLER","2","Deleted",""
"2025/01/23","PEPIY","K2","NV","US","IAP","2","Deleted",""
"2025/01/23","PERKN","K6","VA","US","MILITARY STAR","2","Deleted",""
"2025/01/23","PHRED","K2","AZ","US","CONTROLLER","2","Deleted",""
"2025/01/23","PLAGE","K2","UT","US","STAR","2","Deleted",""
"2025/01/23","POTLY","K5","WI","US","CONTROLLER LOW","2","Deleted",""
"2025/01/23","POTLY","K5","WI","US","ENROUTE LOW","2","Deleted",""
"2025/01/23","POTLY","K5","WI","US","SPECIAL IAP","2","Deleted",""
"2025/01/23","PPRRY","K2","CA","US","SID","2","Deleted",""
"2025/01/23","PUTTI","K4","TX","US","SPECIAL IAP","2","Deleted",""
"2025/01/23","PZUKY","K2","CA","US","CONTROLLER","2","Deleted",""
"2025/01/23","QEJXO","PH","HI","US","IAP","2","Deleted",""
"2025/01/23","QUAKE","K4","TX","US","SPECIAL IAP","2","Deleted",""
"2025/01/23","QUTIP","K2","CA","US","CONTROLLER","2","Deleted",""
"2025/01/23","RAACE","K2","UT","US","STAR","2","Deleted",""
"2025/01/23","ROCKA","K6","WV","US","CONTROLLER","2","Deleted",""
"2025/01/23","ROUSH","K7","NC","US","ENROUTE LOW","2","Deleted",""
"2025/01/23","ROUSH","K7","NC","US","STAR","2","Deleted",""
"2025/01/23","ROWEY","K1","WY","US","CONTROLLER","2","Deleted",""
"2025/01/23","RUANE","K6","MD","US","MILITARY STAR","2","Deleted",""
"2025/01/23","RUNVE","K6","ME","US","SPECIAL IAP","2","Deleted",""
"2025/01/23","RUTPE","TJ","PR","US","IAP","2","Deleted",""
"2025/01/23","SALRE","K4","TX","US","SPECIAL IAP","2","Deleted",""
"2025/01/23","SEAHK","PA","AK","US","NOT REQUIRED","2","Deleted",""
"2025/01/23","SESPE","K2","CA","US","CONTROLLER","2","Deleted",""
"2025/01/23","SEWAR","PA","AK","US","CONTROLLER","2","Deleted",""
"2025/01/23","SHYNR","K4","TX","US","CONTROLLER","2","Deleted",""
"2025/01/23","SHYNR","K4","TX","US","SID","2","Deleted",""
"2025/01/23","SHYNR","K4","TX","US","STAR","2","Deleted",""
"2025/01/23","SLAGG","K2","UT","US","STAR","2","Deleted",""
"2025/01/23","SMEGL","K2","CA","US","STAR","2","Deleted",""
"2025/01/23","SOFTY","K6","WV","US","IAP","2","Deleted",""
"2025/01/23","SURFN","K7","FL","US","CONTROLLER","2","Deleted",""
"2025/01/23","TERRN","K6","WV","US","CONTROLLER LOW","2","Deleted",""
"2025/01/23","TERRN","K6","WV","US","ENROUTE LOW","2","Deleted",""
"2025/01/23","TRPOD","K6","MD","US","SECTIONAL","2","Deleted",""
"2025/01/23","TRSTN","K6","VA","US","MILITARY STAR","2","Deleted",""
"2025/01/23","TUUNA","TJ","PR","US","CONTROLLER","2","Deleted",""
"2025/01/23","TWIRK","K6","MD","US","SECTIONAL","2","Deleted",""
"2025/01/23","UPADE","K5","WI","US","CONTROLLER","2","Deleted",""
"2025/01/23","UPADE","K5","WI","US","SPECIAL IAP","2","Deleted",""
"2025/01/23","UZZIV","K3","KS","US","IAP","2","Deleted",""
"2025/01/23","VAGYU","K5","WI","US","IAP","2","Deleted",""
"2025/01/23","VECKI","PH","HI","US","CONTROLLER","2","Deleted",""
"2025/01/23","VEYUG","K5","WI","US","IAP","2","Deleted",""
"2025/01/23","VLLMA","K2","CA","US","CONTROLLER","2","Deleted",""
"2025/01/23","VURLY","K3","MN","US","SPECIAL IAP","2","Deleted",""
"2025/01/23","WAGSE","K5","IN","US","CONTROLLER","2","Deleted",""
"2025/01/23","WAUCA","K5","WI","US","IAP","2","Deleted",""
"2025/01/23","WEELZ","K6","WV","US","ENROUTE HIGH","2","Deleted",""
"2025/01/23","WEELZ","K6","WV","US","ENROUTE LOW","2","Deleted",""
"2025/01/23","WIRDE","K3","MN","US","CONTROLLER","2","Deleted",""
"2025/01/23","WOVER","K3","KS","US","IAP","2","Deleted",""
"2025/01/23","YODUB","K2","CO","US","IAP","2","Deleted",""
"2025/01/23","ZABEK","K3","KS","US","IAP","2","Deleted",""
"2025/01/23","ZEBEK","K4","OK","US","IAP","2","Deleted",""
"2025/01/23","ZIVEN","K1","ID","US","IAP","2","Deleted",""
"2025/01/23","ZUGIS","K3","KS","US","IAP","2","Deleted",""
"2025/01/23","ZUVUP","K3","KS","US","IAP","2","Deleted",""
"2025/02/20","AADPO","P","AS","US","ENROUTE LOW","2","Added",""
"2025/02/20","AARCH","K5","IL","US","CONTROLLER LOW","2","Added",""
"2025/02/20","AARCH","K5","IL","US","ENROUTE LOW","2","Added",""
"2025/02/20","ACKBR","PA","AK","US","SPECIAL IAP","2","Added",""
"2025/02/20","ADOZE","PA","AK","US","SPECIAL IAP","2","Added",""
"2025/02/20","AFOXY","K2","CA","US","CONTROLLER LOW","2","Added",""
"2025/02/20","AFOYU","K2","","FM","CONTROLLER LOW","2","Added",""
"2025/02/20","AFOYU","K2","","FM","ENROUTE HIGH","2","Added",""
"2025/02/20","AFOYU","K2","","FM","ENROUTE LOW","2","Added",""
"2025/02/20","AFOYU","K2","","FM","IAP","2","Added",""
"2025/02/20","AGFAR","K6","ME","US","SPECIAL IAP","2","Added",""
"2025/02/20","ALEUT","PA","AK","US","SPECIAL DP","2","Added",""
"2025/02/20","ALEUT","PA","AK","US","SPECIAL IAP","2","Added",""
"2025/02/20","ALICV","K6","ME","US","SPECIAL DP","2","Added",""
"2025/02/20","ALICV","K6","ME","US","SPECIAL IAP","2","Added",""
"2025/02/20","ALTEW","PA","AK","US","CONTROLLER LOW","2","Added",""
"2025/02/20","AMMOR","K2","CA","US","CONTROLLER HIGH","2","Added",""
"2025/02/20","ANDES","PH","HI","US","CONTROLLER HIGH","2","Added",""
"2025/02/20","ANDES","PH","HI","US","CONTROLLER LOW","2","Added",""
"2025/02/20","ANDES","PH","HI","US","ENROUTE HIGH","2","Added",""
"2025/02/20","ANIAK","PA","AK","US","CONTROLLER HIGH","2","Added",""
"2025/02/20","ANIAK","PA","AK","US","ENROUTE HIGH","2","Added",""
"2025/02/20","AROLD","PA","AK","US","SPECIAL IAP","2","Added",""
"2025/02/20","BAHMM","K3","KS","US","IAP","2","Added",""
"2025/02/20","BALBR","PA","AK","US","SPECIAL IAP","2","Added",""
"2025/02/20","BARRE","PA","AK","US","SPECIAL DP","2","Added",""
"2025/02/20","BARRW","K6","ME","US","SPECIAL IAP","2","Added",""
"2025/02/20","BASOM","PA","AK","US","SPECIAL IAP","2","Added",""
"2025/02/20","BASTO","K4","TX","US","CONTROLLER LOW","2","Added",""
"2025/02/20","BATSE","K1","ID","US","IAP","2","Added",""
"2025/02/20","BEKAY","K2","UT","US","IAP","2","Added",""
"2025/02/20","BENJY","K6","ME","US","SPECIAL DP","2","Added",""
"2025/02/20","BEVRR","K2","UT","US","CONTROLLER LOW","2","Added",""
"2025/02/20","BITER","K4","TX","US","CONTROLLER LOW","2","Added",""
"2025/02/20","BITER","K4","TX","US","ENROUTE LOW","2","Added",""
"2025/02/20","BOAGY","K2","UT","US","CONTROLLER LOW","2","Added",""
"2025/02/20","BOBRT","K1","WY","US","ENROUTE HIGH","2","Added",""
"2025/02/20","BOBRT","K1","WY","US","ENROUTE LOW","2","Added",""
"2025/02/20","BOBRT","K1","WY","US","STAR","2","Added",""
"2025/02/20","BOOGY","K2","CA","US","SID","2","Added",""
"2025/02/20","BOWDO","K6","ME","US","CONTROLLER LOW","2","Added",""
"2025/02/20","BOWDO","K6","ME","US","HELICOPTER ROUTE","2","Added",""
"2025/02/20","BOWDO","K6","ME","US","SPECIAL DP","2","Added",""
"2025/02/20","BOWST","K6","ME","US","SPECIAL DP","2","Added",""
"2025/02/20","BOWST","K6","ME","US","SPECIAL IAP","2","Added",""
"2025/02/20","BPECK","PA","AK","US","SPECIAL DP","2","Added",""
"2025/02/20","BRADN","K4","AR","US","SPECIAL IAP","2","Added",""
"2025/02/20","BRATH","K2","CA","US","STAR","2","Added",""
"2025/02/20","BRILA","K6","MD","US","STAR","2","Added",""
"2025/02/20","BRKLN","K6","ME","US","SPECIAL DP","2","Added",""
"2025/02/20","BRKLN","K6","ME","US","SPECIAL IAP","2","Added",""
"2025/02/20","BUBAH","PA","AK","US","SPECIAL IAP","2","Added",""
"2025/02/20","BUHYA","K5","OH","US","SPECIAL IAP","2","Added",""
"2025/02/20","BURKY","K4","TX","US","SPECIAL IAP","2","Added",""
"2025/02/20","BUSHH","K2","UT","US","STAR","2","Added",""
"2025/02/20","CABRL","K6","VA","US","STAR","2","Added",""
"2025/02/20","CAMDI","K2","UT","US","IAP","2","Added",""
"2025/02/20","CBURN","K6","ME","US","CONTROLLER LOW","2","Added",""
"2025/02/20","CBURN","K6","ME","US","SPECIAL DP","2","Added",""
"2025/02/20","CBURN","K6","ME","US","SPECIAL IAP","2","Added",""
"2025/02/20","CEVNO","PA","AK","US","SPECIAL DP","2","Added",""
"2025/02/20","CEVNO","PA","AK","US","SPECIAL IAP","2","Added",""
"2025/02/20","CFBBQ","PA","AK","US","NOT REQUIRED","2","Added",""
"2025/02/20","CFBBT","PA","AK","US","NOT REQUIRED","2","Added",""
"2025/02/20","CFJNT","K4","TX","US","SPECIAL IAP","2","Added",""
"2025/02/20","CFKVT","PA","AK","US","NOT REQUIRED","2","Added",""
"2025/02/20","CFLDL","K2","UT","US","NOT REQUIRED","2","Added",""
"2025/02/20","CFMLF","K4","TX","US","SPECIAL IAP","2","Added",""
"2025/02/20","CFRGG","K2","UT","US","NOT REQUIRED","2","Added",""
"2025/02/20","CFVBL","K2","UT","US","NOT REQUIRED","2","Added",""
"2025/02/20","CHNZO","K6","NY","US","SID","2","Added",""
"2025/02/20","CINDR","K2","UT","US","IAP","2","Added",""
"2025/02/20","COHEE","K2","CA","US","STAR","2","Added",""
"2025/02/20","CORAS","PA","AK","US","SPECIAL IAP","2","Added",""
"2025/02/20","COYTE","PA","AK","US","SPECIAL IAP","2","Added",""
"2025/02/20","CPTAL","K6","MD","US","STAR","2","Added",""
"2025/02/20","CUSEK","K7","FL","US","IAP","2","Added",""
"2025/02/20","CUSVU","K4","AR","US","SPECIAL IAP","2","Added",""
"2025/02/20","DARLN","PA","AK","US","SPECIAL IAP","2","Added",""
"2025/02/20","DBRAH","K6","VA","US","STAR","2","Added",""
"2025/02/20","DEDDE","K5","OH","US","CONTROLLER LOW","2","Added",""
"2025/02/20","DEEPR","K5","KY","US","STAR","2","Added",""
"2025/02/20","DEUTZ","K3","KS","US","IAP","2","Added",""
"2025/02/20","DEWWW","K2","CA","US","CONTROLLER HIGH","2","Added",""
"2025/02/20","DIDIO","K6","NJ","US","CONTROLLER HIGH","2","Added",""
"2025/02/20","DIDIO","K6","NJ","US","ENROUTE HIGH","2","Added",""
"2025/02/20","DILEE","K2","UT","US","IAP","2","Added",""
"2025/02/20","DOCCS","K6","VA","US","CONTROLLER LOW","2","Added",""
"2025/02/20","DONVN","PA","AK","US","SPECIAL IAP","2","Added",""
"2025/02/20","DORRN","K6","VA","US","CONTROLLER LOW","2","Added",""
"2025/02/20","DORRN","K6","VA","US","ENROUTE LOW","2","Added",""
"2025/02/20","DOSAE","K6","ME","US","SPECIAL DP","2","Added",""
"2025/02/20","DRAPE","K2","UT","US","IAP","2","Added",""
"2025/02/20","DRESA","K6","NJ","US","CONTROLLER HIGH","2","Added",""
"2025/02/20","DRESA","K6","NJ","US","ENROUTE HIGH","2","Added",""
"2025/02/20","DREWW","K5","OH","US","IAP","2","Added",""
"2025/02/20","DROGO","K2","CA","US","CONTROLLER HIGH","2","Added",""
"2025/02/20","DSSRT","K2","CA","US","SID","2","Added",""
"2025/02/20","DUCAY","K2","NV","US","CONTROLLER LOW","2","Added",""
"2025/02/20","DUCEC","K6","ME","US","SPECIAL DP","2","Added",""
"2025/02/20","DUEEY","PA","AK","US","SPECIAL IAP","2","Added",""
"2025/02/20","DUFFR","PA","AK","US","SPECIAL IAP","2","Added",""
"2025/02/20","EDARD","K2","CA","US","STAR","2","Added",""
"2025/02/20","EDSOE","K6","WV","US","CONTROLLER LOW","2","Added",""
"2025/02/20","EEVAN","K5","OH","US","CONTROLLER LOW","2","Added",""
"2025/02/20","EKKHO","K2","UT","US","IAP","2","Added",""
"2025/02/20","EKKHO","K2","UT","US","STAR","2","Added",""
"2025/02/20","ENIBY","K4","AR","US","SPECIAL IAP","2","Added",""
"2025/02/20","ERTLE","K2","CA","US","STAR","2","Added",""
"2025/02/20","EVCIL","K1","WY","US","IAP","2","Added",""
"2025/02/20","EVIHA","PA","AK","US","SPECIAL DP","2","Added",""
"2025/02/20","FAFNR","K6","ME","US","CONTROLLER LOW","2","Added",""
"2025/02/20","FAFNR","K6","ME","US","SPECIAL DP","2","Added",""
"2025/02/20","FAPIR","PA","AK","US","SPECIAL DP","2","Added",""
"2025/02/20","FEDKI","K5","WI","US","IAP","2","Added",""
"2025/02/20","FEMUL","PA","AK","US","SPECIAL IAP","2","Added",""
"2025/02/20","FFURR","K","OA","US","CONTROLLER HIGH","2","Added",""
"2025/02/20","FFURR","K","OA","US","ENROUTE HIGH","2","Added",""
"2025/02/20","FINKS","K6","VA","US","CONTROLLER HIGH","2","Added",""
"2025/02/20","FIVOR","PA","AK","US","SPECIAL IAP","2","Added",""
"2025/02/20","FLIYN","K1","ID","US","SID","2","Added",""
"2025/02/20","FLOUT","K2","CA","US","IAP","2","Added",""
"2025/02/20","FODAN","K5","OH","US","CONTROLLER LOW","2","Added",""
"2025/02/20","FOILD","K2","CA","US","CONTROLLER HIGH","2","Added",""
"2025/02/20","FOLEK","K4","TX","US","SPECIAL DP","2","Added",""
"2025/02/20","FOLEK","K4","TX","US","SPECIAL IAP","2","Added",""
"2025/02/20","FOMGU","K7","FL","US","CONTROLLER HIGH","2","Added",""
"2025/02/20","FOMGU","K7","FL","US","CONTROLLER LOW","2","Added",""
"2025/02/20","FOMGU","K7","FL","US","ENROUTE HIGH","2","Added",""
"2025/02/20","FOMGU","K7","FL","US","ENROUTE LOW","2","Added",""
"2025/02/20","FONEL","K5","OH","US","SPECIAL IAP","2","Added",""
"2025/02/20","FOSTR","K3","KS","US","IAP","2","Added",""
"2025/02/20","GAANS","K6","ME","US","SPECIAL IAP","2","Added",""
"2025/02/20","GANEF","PA","AK","US","SPECIAL IAP","2","Added",""
"2025/02/20","GDWIN","K1","ID","US","SID","2","Added",""
"2025/02/20","GEEDO","PA","AK","US","SPECIAL IAP","2","Added",""
"2025/02/20","GGETT","K","OA","US","CONTROLLER HIGH","2","Added",""
"2025/02/20","GGETT","K","OA","US","ENROUTE HIGH","2","Added",""
"2025/02/20","GGRNT","K6","NJ","US","CONTROLLER HIGH","2","Added",""
"2025/02/20","GGRNT","K6","NJ","US","ENROUTE HIGH","2","Added",""
"2025/02/20","GISVE","PA","AK","US","SPECIAL IAP","2","Added",""
"2025/02/20","GOGGL","K2","UT","US","STAR","2","Added",""
"2025/02/20","GOLET","K2","CA","US","CONTROLLER LOW","2","Added",""
"2025/02/20","HABUT","K2","CA","US","CONTROLLER LOW","2","Added",""
"2025/02/20","HAKBU","K4","AR","US","SPECIAL DP","2","Added",""
"2025/02/20","HAKBU","K4","AR","US","SPECIAL IAP","2","Added",""
"2025/02/20","HALOA","PH","HI","US","IAP","2","Added",""
"2025/02/20","HAMRR","K6","MD","US","STAR","2","Added",""
"2025/02/20","HANBO","K1","WY","US","IAP","2","Added",""
"2025/02/20","HARVI","K5","OH","US","SPECIAL DP","2","Added",""
"2025/02/20","HARVI","K5","OH","US","SPECIAL IAP","2","Added",""
"2025/02/20","HAZZL","K1","ID","US","CONTROLLER LOW","2","Added",""
"2025/02/20","HEARE","K4","TX","US","SPECIAL IAP","2","Added",""
"2025/02/20","HECKE","K6","VA","US","CONTROLLER LOW","2","Added",""
"2025/02/20","HEPSO","K2","UT","US","IAP","2","Added",""
"2025/02/20","HERBJ","K6","ME","US","SPECIAL DP","2","Added",""
"2025/02/20","HERBJ","K6","ME","US","SPECIAL IAP","2","Added",""
"2025/02/20","HIGMA","K5","IN","US","CONTROLLER LOW","2","Added",""
"2025/02/20","HIHWY","K2","CA","US","ENROUTE HIGH","2","Added",""
"2025/02/20","HIMKI","PA","AK","US","CONTROLLER LOW","2","Added",""
"2025/02/20","HIMKI","PA","AK","US","SPECIAL DP","2","Added",""
"2025/02/20","HIMKI","PA","AK","US","SPECIAL IAP","2","Added",""
"2025/02/20","HOANN","K5","WI","US","CONTROLLER LOW","2","Added",""
"2025/02/20","HOANN","K5","WI","US","IAP","2","Added",""
"2025/02/20","HRHME","K6","ME","US","SPECIAL IAP","2","Added",""
"2025/02/20","HUDSN","K6","NY","US","SID","2","Added",""
"2025/02/20","HUGOM","PA","AK","US","SPECIAL DP","2","Added",""
"2025/02/20","IDOVY","K4","AR","US","SPECIAL DP","2","Added",""
"2025/02/20","IDOVY","K4","AR","US","SPECIAL IAP","2","Added",""
"2025/02/20","IGGYY","K2","CA","US","STAR","2","Added",""
"2025/02/20","IKOGY","K5","OH","US","SPECIAL DP","2","Added",""
"2025/02/20","IKOGY","K5","OH","US","SPECIAL IAP","2","Added",""
"2025/02/20","INEGE","K5","OH","US","SPECIAL IAP","2","Added",""
"2025/02/20","INNIS","K5","OH","US","SPECIAL DP","2","Added",""
"2025/02/20","INNIS","K5","OH","US","SPECIAL IAP","2","Added",""
"2025/02/20","JAACB","PA","AK","US","SPECIAL IAP","2","Added",""
"2025/02/20","JADRO","K5","IN","US","CONTROLLER LOW","2","Added",""
"2025/02/20","JAHNY","K3","MO","US","CONTROLLER LOW","2","Added",""
"2025/02/20","JAHNY","K3","MO","US","ENROUTE LOW","2","Added",""
"2025/02/20","JAXXX","K2","UT","US","STAR","2","Added",""
"2025/02/20","JAZZZ","K2","UT","US","IAP","2","Added",""
"2025/02/20","JAZZZ","K2","UT","US","STAR","2","Added",""
"2025/02/20","JESJI","PA","AK","US","SPECIAL IAP","2","Added",""
"2025/02/20","JETSA","K6","ME","US","SPECIAL DP","2","Added",""
"2025/02/20","JETSA","K6","ME","US","SPECIAL IAP","2","Added",""
"2025/02/20","JETZZ","K1","ID","US","SID","2","Added",""
"2025/02/20","JODOE","K6","NJ","US","CONTROLLER HIGH","2","Added",""
"2025/02/20","JODOE","K6","NJ","US","ENROUTE HIGH","2","Added",""
"2025/02/20","JOLUN","K4","TX","US","SPECIAL DP","2","Added",""
"2025/02/20","JOLUN","K4","TX","US","SPECIAL IAP","2","Added",""
"2025/02/20","JOOLL","PA","AK","US","SPECIAL IAP","2","Added",""
"2025/02/20","JOPEB","K5","OH","US","SPECIAL IAP","2","Added",""
"2025/02/20","JOPEK","K6","NJ","US","SPECIAL IAP","2","Added",""
"2025/02/20","JORUV","K5","OH","US","CONTROLLER LOW","2","Added",""
"2025/02/20","JOTRE","K6","NY","US","SID","2","Added",""
"2025/02/20","JRIZZ","K6","NJ","US","CONTROLLER HIGH","2","Added",""
"2025/02/20","JRIZZ","K6","NJ","US","ENROUTE HIGH","2","Added",""
"2025/02/20","JUSTI","PA","AK","US","SPECIAL IAP","2","Added",""
"2025/02/20","JUVEX","PA","AK","US","SPECIAL IAP","2","Added",""
"2025/02/20","KAYAK","PH","HI","US","CONTROLLER LOW","2","Added",""
"2025/02/20","KERRE","K6","VA","US","CONTROLLER LOW","2","Added",""
"2025/02/20","KKETH","PA","AK","US","SPECIAL IAP","2","Added",""
"2025/02/20","KLACK","K5","OH","US","SPECIAL IAP","2","Added",""
"2025/02/20","KLOVE","K5","OH","US","SPECIAL DP","2","Added",""
"2025/02/20","KLOVE","K5","OH","US","SPECIAL IAP","2","Added",""
"2025/02/20","KNDRA","K1","ID","US","SID","2","Added",""
"2025/02/20","KOBCE","PA","AK","US","SPECIAL IAP","2","Added",""
"2025/02/20","KOURT","K1","ID","US","SID","2","Added",""
"2025/02/20","KRANC","K2","UT","US","STAR","2","Added",""
"2025/02/20","KUWED","K4","AR","US","SPECIAL IAP","2","Added",""
"2025/02/20","LARKY","K6","MD","US","IAP","2","Added",""
"2025/02/20","LASBY","PA","AK","US","SPECIAL IAP","2","Added",""
"2025/02/20","LAWVA","K2","UT","US","IAP","2","Added",""
"2025/02/20","LAWVA","K2","UT","US","STAR","2","Added",""
"2025/02/20","LAZNU","K3","MN","US","CONTROLLER LOW","2","Added",""
"2025/02/20","LEIDY","PA","AK","US","SPECIAL IAP","2","Added",""
"2025/02/20","LINNZ","K2","NV","US","SID","2","Added",""
"2025/02/20","LIYKI","PA","AK","US","IAP","2","Added",""
"2025/02/20","LOCKR","K3","ND","US","CONTROLLER LOW","2","Added",""
"2025/02/20","LOCKR","K3","ND","US","ENROUTE LOW","2","Added",""
"2025/02/20","LOCKR","K3","ND","US","IAP","2","Added",""
"2025/02/20","LOOSY","K4","TX","US","SPECIAL DP","2","Added",""
"2025/02/20","LOOSY","K4","TX","US","SPECIAL IAP","2","Added",""
"2025/02/20","LORAA","K6","VA","US","CONTROLLER HIGH","2","Added",""
"2025/02/20","LORAA","K6","VA","US","CONTROLLER LOW","2","Added",""
"2025/02/20","LORAA","K6","VA","US","ENROUTE HIGH","2","Added",""
"2025/02/20","LORAA","K6","VA","US","ENROUTE LOW","2","Added",""
"2025/02/20","LOWRZ","K","OA","US","CONTROLLER HIGH","2","Added",""
"2025/02/20","LOWRZ","K","OA","US","ENROUTE HIGH","2","Added",""
"2025/02/20","LUCAN","K6","NJ","US","SPECIAL IAP","2","Added",""
"2025/02/20","MADPS","K2","CO","US","IAP","2","Added",""
"2025/02/20","MAISY","PA","AK","US","SPECIAL IAP","2","Added",""
"2025/02/20","MAJIR","PA","AK","US","SPECIAL IAP","2","Added",""
"2025/02/20","MALTT","K1","ID","US","CONTROLLER LOW","2","Added",""
"2025/02/20","MAPST","K6","ME","US","CONTROLLER LOW","2","Added",""
"2025/02/20","MAPST","K6","ME","US","SPECIAL IAP","2","Added",""
"2025/02/20","MAWEL","PA","AK","US","SPECIAL DP","2","Added",""
"2025/02/20","MCCOL","K4","AR","US","SPECIAL DP","2","Added",""
"2025/02/20","MCCOL","K4","AR","US","SPECIAL IAP","2","Added",""
"2025/02/20","MENLA","K6","ME","US","CONTROLLER LOW","2","Added",""
"2025/02/20","MENLA","K6","ME","US","SPECIAL DP","2","Added",""
"2025/02/20","MENLA","K6","ME","US","SPECIAL IAP","2","Added",""
"2025/02/20","MINNI","K7","MS","US","CONTROLLER LOW","2","Added",""
"2025/02/20","MNURE","K4","TX","US","CONTROLLER HIGH","2","Added",""
"2025/02/20","MNURE","K4","TX","US","CONTROLLER LOW","2","Added",""
"2025/02/20","MNURE","K4","TX","US","IAP","2","Added",""
"2025/02/20","MOZIL","K5","OH","US","SPECIAL DP","2","Added",""
"2025/02/20","MOZIL","K5","OH","US","SPECIAL IAP","2","Added",""
"2025/02/20","MUNCH","K4","TX","US","CONTROLLER HIGH","2","Added",""
"2025/02/20","MUNCH","K4","TX","US","CONTROLLER LOW","2","Added",""
"2025/02/20","MUNGO","K2","NV","US","CONTROLLER LOW","2","Added",""
"2025/02/20","NAVYS","K4","TX","US","CONTROLLER HIGH","2","Added",""
"2025/02/20","NAVYS","K4","TX","US","CONTROLLER LOW","2","Added",""
"2025/02/20","NOBYI","K5","IN","US","CONTROLLER LOW","2","Added",""
"2025/02/20","NOHVA","K1","ID","US","SID","2","Added",""
"2025/02/20","NOISS","PA","AK","US","SPECIAL IAP","2","Added",""
"2025/02/20","NYREN","PA","AK","US","SPECIAL IAP","2","Added",""
"2025/02/20","OGOVE","K5","IL","US","CONTROLLER LOW","2","Added",""
"2025/02/20","OGOVE","K5","IL","US","ENROUTE LOW","2","Added",""
"2025/02/20","OLGAA","K2","NV","US","CONTROLLER LOW","2","Added",""
"2025/02/20","OLLIN","PA","AK","US","SPECIAL IAP","2","Added",""
"2025/02/20","OUCHI","PH","HI","US","CONTROLLER LOW","2","Added",""
"2025/02/20","OUCHI","PH","HI","US","ENROUTE LOW","2","Added",""
"2025/02/20","OWANY","PA","AK","US","SPECIAL IAP","2","Added",""
"2025/02/20","OYRUT","K7","FL","US","IAP","2","Added",""
"2025/02/20","PAIRY","K6","ME","US","SPECIAL IAP","2","Added",""
"2025/02/20","PANIC","K3","MN","US","CONTROLLER LOW","2","Added",""
"2025/02/20","PAXTO","K1","ID","US","IAP","2","Added",""
"2025/02/20","PCASO","K2","CO","US","IAP","2","Added",""
"2025/02/20","PEFNO","K2","UT","US","IAP","2","Added",""
"2025/02/20","PERIE","PA","AK","US","SPECIAL IAP","2","Added",""
"2025/02/20","PHRED","K2","AZ","US","CONTROLLER HIGH","2","Added",""
"2025/02/20","PIVPE","K2","UT","US","IAP","2","Added",""
"2025/02/20","PROBY","K5","OH","US","SPECIAL DP","2","Added",""
"2025/02/20","PROBY","K5","OH","US","SPECIAL IAP","2","Added",""
"2025/02/20","PRPLE","K2","CA","US","ENROUTE HIGH","2","Added",""
"2025/02/20","PRVTE","K1","ID","US","SID","2","Added",""
"2025/02/20","PUCKR","K","OA","US","CONTROLLER HIGH","2","Added",""
"2025/02/20","PUCKR","K","OA","US","CONTROLLER LOW","2","Added",""
"2025/02/20","PUCKR","K","OA","US","ENROUTE HIGH","2","Added",""
"2025/02/20","PUCKR","K","OA","US","ENROUTE LOW","2","Added",""
"2025/02/20","PZUKY","K2","CA","US","CONTROLLER LOW","2","Added",""
"2025/02/20","QUADD","PA","AK","US","SPECIAL IAP","2","Added",""
"2025/02/20","QUTIP","K2","CA","US","CONTROLLER HIGH","2","Added",""
"2025/02/20","QWENN","K2","UT","US","IAP","2","Added",""
"2025/02/20","REDEY","K","OA","US","CONTROLLER HIGH","2","Added",""
"2025/02/20","REDEY","K","OA","US","ENROUTE HIGH","2","Added",""
"2025/02/20","REPPO","K3","KS","US","IAP","2","Added",""
"2025/02/20","RHIME","K5","OH","US","SPECIAL DP","2","Added",""
"2025/02/20","RHIME","K5","OH","US","SPECIAL IAP","2","Added",""
"2025/02/20","RIBSS","K2","UT","US","STAR","2","Added",""
"2025/02/20","RICIE","K4","TX","US","IAP","2","Added",""
"2025/02/20","RIDVE","K4","AR","US","SPECIAL IAP","2","Added",""
"2025/02/20","RIKHO","K4","TX","US","IAP","2","Added",""
"2025/02/20","RINNG","K6","NY","US","IAP","2","Added",""
"2025/02/20","RINNG","K6","NY","US","SID","2","Added",""
"2025/02/20","ROCKA","K6","WV","US","CONTROLLER HIGH","2","Added",""
"2025/02/20","ROWEY","K1","WY","US","CONTROLLER LOW","2","Added",""
"2025/02/20","ROWEY","K1","WY","US","SID","2","Added",""
"2025/02/20","RREGG","K7","NC","US","CONTROLLER HIGH","2","Added",""
"2025/02/20","RREGG","K7","NC","US","CONTROLLER LOW","2","Added",""
"2025/02/20","RREGG","K7","NC","US","ENROUTE HIGH","2","Added",""
"2025/02/20","RUSHN","K2","UT","US","STAR","2","Added",""
"2025/02/20","SESPE","K2","CA","US","CONTROLLER LOW","2","Added",""
"2025/02/20","SEWAR","PA","AK","US","CONTROLLER LOW","2","Added",""
"2025/02/20","SEWAR","PA","AK","US","SPECIAL IAP","2","Added",""
"2025/02/20","SHOLE","K4","TX","US","SPECIAL IAP","2","Added",""
"2025/02/20","SHYNR","K4","TX","US","CONTROLLER LOW","2","Added",""
"2025/02/20","SKWAH","K2","UT","US","STAR","2","Added",""
"2025/02/20","SLOPS","K2","UT","US","IAP","2","Added",""
"2025/02/20","SMUGS","K7","FL","US","CONTROLLER LOW","2","Added",""
"2025/02/20","SSIGN","K1","WY","US","ENROUTE HIGH","2","Added",""
"2025/02/20","SSIGN","K1","WY","US","ENROUTE LOW","2","Added",""
"2025/02/20","SSIGN","K1","WY","US","STAR","2","Added",""
"2025/02/20","STOPP","K1","WY","US","ENROUTE HIGH","2","Added",""
"2025/02/20","STOPP","K1","WY","US","ENROUTE LOW","2","Added",""
"2025/02/20","STOPP","K1","WY","US","STAR","2","Added",""
"2025/02/20","STUTR","K6","VA","US","CONTROLLER HIGH","2","Added",""
"2025/02/20","STUTR","K6","VA","US","ENROUTE HIGH","2","Added",""
"2025/02/20","SURFN","K7","FL","US","CONTROLLER HIGH","2","Added",""
"2025/02/20","SURFN","K7","FL","US","CONTROLLER LOW","2","Added",""
"2025/02/20","SURYP","K2","UT","US","STAR","2","Added",""
"2025/02/20","SUZNE","PA","AK","US","SPECIAL IAP","2","Added",""
"2025/02/20","TACPI","K6","MD","US","IAP","2","Added",""
"2025/02/20","TACTO","PA","AK","US","SPECIAL IAP","2","Added",""
"2025/02/20","TANNI","PA","AK","US","SPECIAL IAP","2","Added",""
"2025/02/20","TARCI","K6","WV","US","CONTROLLER HIGH","2","Added",""
"2025/02/20","TERZO","PA","AK","US","SPECIAL IAP","2","Added",""
"2025/02/20","TOLSE","K4","TX","US","SPECIAL IAP","2","Added",""
"2025/02/20","TOPVE","K4","TX","US","SPECIAL IAP","2","Added",""
"2025/02/20","TOROE","K5","OH","US","SPECIAL DP","2","Added",""
"2025/02/20","TOROE","K5","OH","US","SPECIAL IAP","2","Added",""
"2025/02/20","TRIGR","K5","OH","US","SPECIAL DP","2","Added",""
"2025/02/20","TRIGR","K5","OH","US","SPECIAL IAP","2","Added",""
"2025/02/20","TRPOD","K6","MD","US","IAP","2","Added",""
"2025/02/20","TUUNA","TJ","PR","US","CONTROLLER HIGH","2","Added",""
"2025/02/20","TUUNA","TJ","PR","US","CONTROLLER LOW","2","Added",""
"2025/02/20","TUUNA","TJ","PR","US","IAP","2","Added",""
"2025/02/20","TWIRK","K6","MD","US","STAR","2","Added",""
"2025/02/20","TYRIN","PA","AK","US","SPECIAL IAP","2","Added",""
"2025/02/20","UPADE","K5","WI","US","CONTROLLER LOW","2","Added",""
"2025/02/20","VANCO","K4","AR","US","SPECIAL DP","2","Added",""
"2025/02/20","VANCO","K4","AR","US","SPECIAL IAP","2","Added",""
"2025/02/20","VECKI","PH","HI","US","CONTROLLER LOW","2","Added",""
"2025/02/20","VINES","K3","KS","US","IAP","2","Added",""
"2025/02/20","VLADY","K5","OH","US","CONTROLLER HIGH","2","Added",""
"2025/02/20","VLLMA","K2","CA","US","CONTROLLER HIGH","2","Added",""
"2025/02/20","WAGSE","K5","IN","US","CONTROLLER LOW","2","Added",""
"2025/02/20","WEDEX","K5","OH","US","SPECIAL DP","2","Added",""
"2025/02/20","WEDEX","K5","OH","US","SPECIAL IAP","2","Added",""
"2025/02/20","WHITE","K6","NJ","US","SPECIAL IAP","2","Added",""
"2025/02/20","WHRLI","K3","MO","US","CONTROLLER LOW","2","Added",""
"2025/02/20","WHRLI","K3","MO","US","ENROUTE LOW","2","Added",""
"2025/02/20","WIDVU","K4","AR","US","SPECIAL IAP","2","Added",""
"2025/02/20","WIRDE","K3","MN","US","CONTROLLER LOW","2","Added",""
"2025/02/20","WITAX","PA","AK","US","SPECIAL IAP","2","Added",""
"2025/02/20","WUGIN","K4","TX","US","SPECIAL IAP","2","Added",""
"2025/02/20","WUNIG","PA","AK","US","SPECIAL IAP","2","Added",""
"2025/02/20","WURGU","K2","CA","US","IAP","2","Added",""
"2025/02/20","WUXAN","PA","AK","US","CONTROLLER HIGH","2","Added",""
"2025/02/20","WUXAN","PA","AK","US","CONTROLLER LOW","2","Added",""
"2025/02/20","WUXAN","PA","AK","US","SPECIAL IAP","2","Added",""
"2025/02/20","YEWTO","PA","AK","US","SPECIAL IAP","2","Added",""
"2025/02/20","YOMAN","K6","NY","US","SID","2","Added",""
"2025/02/20","YORTU","PA","AK","US","SPECIAL IAP","2","Added",""
"2025/02/20","ZAVUL","K3","MN","US","IAP","2","Added",""
"2025/02/20","ZEBUV","PA","AK","US","SPECIAL DP","2","Added",""
"2025/02/20","ZEBUV","PA","AK","US","SPECIAL IAP","2","Added",""
"2025/02/20","ZELCA","PA","AK","US","SPECIAL IAP","2","Added",""
"2025/02/20","ZERMA","PA","AK","US","SPECIAL DP","2","Added",""
"2025/02/20","ZIGGI","K6","NJ","US","SPECIAL IAP","2","Added",""
"2025/02/20","ZILOD","K2","UT","US","IAP","2","Added",""
"2025/02/20","ZIMKO","K4","AR","US","SPECIAL IAP","2","Added",""
"2025/02/20","ZWKEY","K3","ND","US","IAP","2","Added",""
