"EFF_DATE","HP_NAME","HP_NO","STATE_CODE","COUNTRY_CODE","FIX_ID","ICAO_REGION_CODE","NAV_ID","NAV_TYPE","HOLD_DIRECTION","HOLD_DEG_OR_CRS","AZIMUTH","COURSE_INBOUND_DEG","TURN_DIRECTION","LEG_LENGTH_DIST","File","Action","Mods"
"2025/01/23","BEGGS WP*MN*K3","1","MN","US","BEGGS","K3","","","SE","151","RNAV","331","R","4","2","Deleted",""
"2025/01/23","BIZEN INT*CO*K2","1","CO","US","BIZEN","K2","BJC","VOR/DME","E","104","RAD","284","R","5","1","Modified","LEG_LENGTH_DIST"
"2025/02/20","BIZEN INT*CO*K2","1","CO","US","BIZEN","K2","BJC","VOR/DME","E","104","RAD","284","R","","2","Modified","LEG_LENGTH_DIST"
"2025/01/23","CALOO LOM*FL","1","FL","US","","","FM","LO","SW","231","RNAV","51","R","4","1","Modified","TURN_DIRECTION"
"2025/02/20","CALOO LOM*FL","1","FL","US","","","FM","LO","SW","231","RNAV","51","L","4","2","Modified","TURN_DIRECTION"
"2025/01/23","CASANOVA VORTAC*VA","5","VA","US","","","CSN","VORTAC","NE","52","RAD","232","R","","2","Deleted",""
"2025/01/23","CIGAK INT*HI*PH","1","HI","US","CIGAK","PH","KOA","VORTAC","S","191","RAD","11","R","4","1","Modified","LEG_LENGTH_DIST"
"2025/02/20","CIGAK INT*HI*PH","1","HI","US","CIGAK","PH","KOA","VORTAC","S","191","RAD","11","R","","2","Modified","LEG_LENGTH_DIST"
"2025/01/23","CYPRESS VOR/DME*FL","1","FL","US","","","CYY","VOR/DME","NE","55","RAD","235","L","","2","Deleted",""
"2025/01/23","CYPRESS VOR/DME*FL","2","FL","US","","","CYY","VOR/DME","SW","219","RAD","39","R","","2","Deleted",""
"2025/01/23","DOCCS INT*VA*K6","1","VA","US","DOCCS","K6","AML","VOR/DME","W","259","RAD","79","R","","2","Deleted",""
"2025/01/23","EDSOE INT*WV*K6","1","WV","US","EDSOE","K6","JPU","VOR/DME","S","176","RAD","356","R","4","2","Deleted",""
"2025/01/23","EHOSI WP*MN*K3","1","MN","US","EHOSI","K3","","","N","13","RNAV","193","R","4","2","Deleted",""
"2025/01/23","FAIRFIELD VORTAC*UT","4","UT","US","","","FFU","VORTAC","S","163","RNAV","343","R","7","1","Modified","HOLD_DEG_OR_CRS COURSE_INBOUND_DEG"
"2025/02/20","FAIRFIELD VORTAC*UT","4","UT","US","","","FFU","VORTAC","S","160","RNAV","340","R","7","2","Modified","HOLD_DEG_OR_CRS COURSE_INBOUND_DEG"
"2025/01/23","FINKS INT*VA*K6","1","VA","US","FINKS","K6","AML","VOR/DME","W","259","RAD","79","R","","2","Deleted",""
"2025/01/23","FLOUT INT*CA*K2","1","CA","US","FLOUT","K2","VTU","VOR/DME","E","266","RAD","266","R","","2","Deleted",""
"2025/01/23","GIPDI WP*MO*K3","1","MO","US","GIPDI","K3","","","N","346","RNAV","166","R","","1","Modified","LEG_LENGTH_DIST"
"2025/02/20","GIPDI WP*MO*K3","1","MO","US","GIPDI","K3","","","N","346","RNAV","166","R","4","2","Modified","LEG_LENGTH_DIST"
"2025/01/23","GOSHU WP*UT*K2","2","UT","US","GOSHU","K2","","","E","105","RNAV","285","R","11","2","Deleted",""
"2025/01/23","GUWRA WP*MO*K3","1","MO","US","GUWRA","K3","","","S","166","RNAV","346","R","","1","Modified","LEG_LENGTH_DIST"
"2025/02/20","GUWRA WP*MO*K3","1","MO","US","GUWRA","K3","","","S","166","RNAV","346","R","4","2","Modified","LEG_LENGTH_DIST"
"2025/01/23","HABUT INT*CA*K2","1","CA","US","HABUT","K2","SBA","LD","W","W","CRS","75","R","","2","Deleted",""
"2025/01/23","IREME WP*ID*K1","1","ID","US","IREME","K1","","","NE","23","RNAV","203","R","7","1","Modified","HOLD_DIRECTION HOLD_DEG_OR_CRS COURSE_INBOUND_DEG"
"2025/02/20","IREME WP*ID*K1","1","ID","US","IREME","K1","","","N","22","RNAV","202","R","7","2","Modified","HOLD_DIRECTION HOLD_DEG_OR_CRS COURSE_INBOUND_DEG"
"2025/01/23","JAMMN INT*UT*K2","1","UT","US","JAMMN","K2","TCH","VORTAC","S","179","RAD","359","R","","1","Modified","NAV_ID HOLD_DEG_OR_CRS COURSE_INBOUND_DEG"
"2025/02/20","JAMMN INT*UT*K2","1","UT","US","JAMMN","K2","DTA","VORTAC","S","358","RAD","358","R","","2","Modified","NAV_ID HOLD_DEG_OR_CRS COURSE_INBOUND_DEG"
"2025/01/23","JAMMN INT*UT*K2","2","UT","US","JAMMN","K2","DTA","VORTAC","S","358","RAD","358","R","","2","Deleted",""
"2025/01/23","JAMMN WP*UT*K2","3","UT","US","JAMMN","K2","","","S","184","RNAV","4","R","11","2","Deleted",""
"2025/01/23","JATEL INT*FL*K7","1","FL","US","JATEL","K7","PHK","VOR/DME","N","2","RAD","182","L","","2","Deleted",""
"2025/01/23","JOCKY WP*CO*K2","1","CO","US","JOCKY","K2","","","N","348","RNAV","168","L","10","2","Deleted",""
"2025/01/23","JOHOF WP*VA*K6","1","VA","US","JOHOF","K6","","","SW","214","RNAV","34","R","10","2","Deleted",""
"2025/01/23","KAADE WP*WY*K1","1","WY","US","KAADE","K1","","","E","85","RNAV","265","R","11","2","Deleted",""
"2025/01/23","LAZNU WP*MN*K3","1","MN","US","LAZNU","K3","","","E","98","RNAV","278","R","4","2","Deleted",""
"2025/01/23","LINDEN VORTAC*VA","1","VA","US","","","LDN","VORTAC","W","279","RAD","99","R","","1","Modified","HOLD_DIRECTION HOLD_DEG_OR_CRS COURSE_INBOUND_DEG"
"2025/02/20","LINDEN VORTAC*VA","1","VA","US","","","LDN","VORTAC","SE","155","RAD","335","R","","2","Modified","HOLD_DIRECTION HOLD_DEG_OR_CRS COURSE_INBOUND_DEG"
"2025/01/23","LINDEN VORTAC*VA","2","VA","US","","","LDN","VORTAC","SE","155","RAD","335","R","","1","Modified","HOLD_DIRECTION HOLD_DEG_OR_CRS COURSE_INBOUND_DEG"
"2025/02/20","LINDEN VORTAC*VA","2","VA","US","","","LDN","VORTAC","N","20","RAD","200","R","","2","Modified","HOLD_DIRECTION HOLD_DEG_OR_CRS COURSE_INBOUND_DEG"
"2025/01/23","LINDEN VORTAC*VA","3","VA","US","","","LDN","VORTAC","N","20","RAD","200","R","","1","Modified","AZIMUTH LEG_LENGTH_DIST"
"2025/02/20","LINDEN VORTAC*VA","3","VA","US","","","LDN","VORTAC","N","20","RNAV","200","R","5","2","Modified","AZIMUTH LEG_LENGTH_DIST"
"2025/01/23","LINDEN VORTAC*VA","4","VA","US","","","LDN","VORTAC","N","20","RNAV","200","R","5","2","Deleted",""
"2025/01/23","LOUISVILLE VORTAC*KY","1","KY","US","","","IIU","VORTAC","SE","120","RAD","300","R","","1","Modified","HOLD_DIRECTION HOLD_DEG_OR_CRS AZIMUTH COURSE_INBOUND_DEG LEG_LENGTH_DIST"
"2025/02/20","LOUISVILLE VORTAC*KY","1","KY","US","","","IIU","VORTAC","E","95","RNAV","275","R","4","2","Modified","HOLD_DIRECTION HOLD_DEG_OR_CRS AZIMUTH COURSE_INBOUND_DEG LEG_LENGTH_DIST"
"2025/01/23","LOUISVILLE VORTAC*KY","2","KY","US","","","IIU","VORTAC","SE","120","RNAV","300","R","4","1","Modified","HOLD_DIRECTION HOLD_DEG_OR_CRS AZIMUTH COURSE_INBOUND_DEG LEG_LENGTH_DIST"
"2025/02/20","LOUISVILLE VORTAC*KY","2","KY","US","","","IIU","VORTAC","E","95","RAD","275","R","","2","Modified","HOLD_DIRECTION HOLD_DEG_OR_CRS AZIMUTH COURSE_INBOUND_DEG LEG_LENGTH_DIST"
"2025/01/23","LOUISVILLE VORTAC*KY","3","KY","US","","","IIU","VORTAC","SE","120","RNAV","300","R","10","2","Deleted",""
"2025/01/23","LOUISVILLE VORTAC*KY","4","KY","US","","","IIU","VORTAC","E","95","RNAV","275","R","4","2","Deleted",""
"2025/01/23","LOUISVILLE VORTAC*KY","5","KY","US","","","IIU","VORTAC","E","95","RAD","275","R","","2","Deleted",""
"2025/01/23","MARCS WP*TX*K4","2","TX","US","MARCS","K4","","","NE","56","RNAV","236","R","5","2","Deleted",""
"2025/01/23","MSTIC WP*ME*K6","1","ME","US","MSTIC","K6","","","NW","312","RNAV","132","R","4","1","Modified","HOLD_DEG_OR_CRS COURSE_INBOUND_DEG"
"2025/02/20","MSTIC WP*ME*K6","1","ME","US","MSTIC","K6","","","NW","314","RNAV","134","R","4","2","Modified","HOLD_DEG_OR_CRS COURSE_INBOUND_DEG"
"2025/01/23","MYTON VOR/DME*UT","3","UT","US","","","MTU","VOR/DME","E","78","RNAV","258","R","12","1","Modified","HOLD_DEG_OR_CRS COURSE_INBOUND_DEG"
"2025/02/20","MYTON VOR/DME*UT","3","UT","US","","","MTU","VOR/DME","E","82","RNAV","262","R","12","2","Modified","HOLD_DEG_OR_CRS COURSE_INBOUND_DEG"
"2025/01/23","NICQE WP*WY*K1","1","WY","US","NICQE","K1","COD","VOR/DME","SE","129","RNAV","309","R","7","1","Modified","NAV_ID NAV_TYPE"
"2025/02/20","NICQE WP*WY*K1","1","WY","US","NICQE","K1","","","SE","129","RNAV","309","R","7","2","Modified","NAV_ID NAV_TYPE"
"2025/01/23","NICQE WP*WY*K1","2","WY","US","NICQE","K1","COD","VOR/DME","SE","146","RNAV","326","L","7","1","Modified","NAV_ID NAV_TYPE"
"2025/02/20","NICQE WP*WY*K1","2","WY","US","NICQE","K1","","","SE","146","RNAV","326","L","7","2","Modified","NAV_ID NAV_TYPE"
"2025/01/23","NIPTE WP*ME*K6","1","ME","US","NIPTE","K6","","","SE","156","RNAV","336","R","4","2","Deleted",""
"2025/01/23","PUTTI WP*TX*K4","1","TX","US","PUTTI","K4","","","N","10","RNAV","190","R","4","2","Deleted",""
"2025/01/23","QUAKE WP*TX*K4","1","TX","US","QUAKE","K4","","","S","190","RNAV","10","R","4","2","Deleted",""
"2025/01/23","RNCHO WP*CA*K2","2","CA","US","RNCHO","K2","","","E","109","RNAV","289","L","10","2","Deleted",""
"2025/01/23","RUNVE WP*ME*K6","1","ME","US","RUNVE","K6","","","W","251","RNAV","71","R","4","2","Deleted",""
"2025/01/23","SAGSE WP*AR*K4","1","AR","US","SAGSE","K4","","","E","87","RNAV","267","R","4","1","Modified","HOLD_DEG_OR_CRS COURSE_INBOUND_DEG"
"2025/02/20","SAGSE WP*AR*K4","1","AR","US","SAGSE","K4","","","E","91","RNAV","271","R","4","2","Modified","HOLD_DEG_OR_CRS COURSE_INBOUND_DEG"
"2025/01/23","SOCKY WP*CO*K2","1","CO","US","SOCKY","K2","RIL","LD","E","78","RNAV","258","L","8","1","Modified","NAV_ID NAV_TYPE"
"2025/02/20","SOCKY WP*CO*K2","1","CO","US","SOCKY","K2","","","E","78","RNAV","258","L","8","2","Modified","NAV_ID NAV_TYPE"
"2025/01/23","THISL WP*UT*K2","2","UT","US","THISL","K2","","","E","78","RNAV","258","L","12","2","Deleted",""
"2025/01/23","WLEEE INT*TX*K4","1","TX","US","WLEEE","K4","IDU","VORTAC","E","281","RAD","281","L","","2","Deleted",""
"2025/01/23","WLEEE WP*TX*K4","2","TX","US","WLEEE","K4","","","E","104","RNAV","284","L","10","1","Modified","HOLD_DEG_OR_CRS COURSE_INBOUND_DEG"
"2025/02/20","WLEEE WP*TX*K4","2","TX","US","WLEEE","K4","","","E","105","RNAV","285","L","10","2","Modified","HOLD_DEG_OR_CRS COURSE_INBOUND_DEG"
"2025/01/23","WLEEE WP*TX*K4","3","TX","US","WLEEE","K4","","","E","105","RNAV","285","L","10","2","Deleted",""
"2025/01/23","WOPUW WP*MN*K3","1","MN","US","WOPUW","K3","","","E","112","RNAV","292","L","","1","Modified","LEG_LENGTH_DIST"
"2025/02/20","WOPUW WP*MN*K3","1","MN","US","WOPUW","K3","","","E","112","RNAV","292","L","4","2","Modified","LEG_LENGTH_DIST"
"2025/01/23","ZACKS INT*CA*K2","1","CA","US","ZACKS","K2","GVO","VORTAC","E","99","RAD","279","L","4","2","Deleted",""
"2025/01/23","ZUGIS WP*KS*K3","1","KS","US","ZUGIS","K3","","","N","353","RNAV","173","R","4","2","Deleted",""
"2025/01/23","ZUVUP WP*KS*K3","1","KS","US","ZUVUP","K3","","","S","173","RNAV","353","R","4","2","Deleted",""
"2025/02/20","BAHMM WP*KS*K3","1","KS","US","BAHMM","K3","","","N","177","RNAV","357","R","4","2","Added",""
"2025/02/20","BOBRT WP*WY*K1","1","WY","US","BOBRT","K1","","","E","82","RNAV","262","R","10","2","Added",""
"2025/02/20","BOHOS WP*ME*K6","1","ME","US","BOHOS","K6","","","NE","66","RNAV","246","R","4","2","Added",""
"2025/02/20","BOWST WP*ME*K6","1","ME","US","BOWST","K6","","","SW","215","RNAV","35","L","4","2","Added",""
"2025/02/20","CABRL WP*VA*K6","1","VA","US","CABRL","K6","","","SW","215","RNAV","35","R","10","2","Added",""
"2025/02/20","CENTEX VORTAC*TX","2","TX","US","","","CWK","VORTAC","N","12","RAD","192","R","","2","Added",""
"2025/02/20","CEVNO WP*AK*PA","1","AK","US","CEVNO","PA","","","N","359","RNAV","179","R","4","2","Added",""
"2025/02/20","CHEROKEE VOR/DME*WY","2","WY","US","","","CKW","VOR/DME","E","80","RNAV","260","R","12","2","Added",""
"2025/02/20","EDSOE WP*WV*K6","1","WV","US","EDSOE","K6","","","S","181","RNAV","1","R","4","2","Added",""
"2025/02/20","FLECC WP*NV*K2","1","NV","US","FLECC","K2","","","W","257","RNAV","77","R","10","2","Added",""
"2025/02/20","HARVI WP*OH*K5","1","OH","US","HARVI","K5","","","NW","304","RNAV","124","R","4","2","Added",""
"2025/02/20","HELPR WP*UT*K2","1","UT","US","HELPR","K2","","","E","105","RNAV","285","R","12","2","Added",""
"2025/02/20","HUNUX WP*ME*K6","1","ME","US","HUNUX","K6","","","W","251","RNAV","71","R","4","2","Added",""
"2025/02/20","IKOGY WP*OH*K5","1","OH","US","IKOGY","K5","","","SE","139","RNAV","319","R","4","2","Added",""
"2025/02/20","INNIS WP*OH*K5","1","OH","US","INNIS","K5","","","NE","35","RNAV","215","R","4","2","Added",""
"2025/02/20","JAMMN WP*UT*K2","2","UT","US","JAMMN","K2","","","S","184","RNAV","4","R","11","2","Added",""
"2025/02/20","JOPEK WP*NJ*K6","1","NJ","US","JOPEK","K6","","","S","189","RNAV","9","R","4","2","Added",""
"2025/02/20","JUNCTION VORTAC*TX","2","TX","US","","","JCT","VORTAC","W","290","RAD","110","L","10","2","Added",""
"2025/02/20","MCCOL WP*AR*K4","1","AR","US","MCCOL","K4","","","E","74","RNAV","254","R","4","2","Added",""
"2025/02/20","MINNI INT*MS*K7","2","MS","US","MINNI","K7","GPT","VORTAC","S","193","RAD","13","R","","2","Added",""
"2025/02/20","MUDDY MOUNTAIN VOR/DME*WY","3","WY","US","","","DDY","VOR/DME","NE","60","RNAV","240","L","12","2","Added",""
"2025/02/20","NEEDLES VORTAC*AZ","1","CA","US","","","EED","VORTAC","E","77","RAD","257","R","","2","Added",""
"2025/02/20","NEEDLES VORTAC*AZ","2","CA","US","","","EED","VORTAC","NW","319","RAD","139","R","","2","Added",""
"2025/02/20","NEEDLES VORTAC*AZ","3","CA","US","","","EED","VORTAC","SE","155","RAD","335","R","","2","Added",""
"2025/02/20","NEEDLES VORTAC*AZ","4","","","","","","","E","77","RNAV","257","R","5","2","Added",""
"2025/02/20","NEEDLES VORTAC*AZ","5","","","","","","","NW","334","RNAV","154","R","5","2","Added",""
"2025/02/20","NEEDLES VORTAC*AZ","6","CA","US","","","EED","VORTAC","NW","319","RAD","139","R","","2","Added",""
"2025/02/20","PAIRY WP*ME*K6","1","ME","US","PAIRY","K6","","","SW","247","RNAV","67","R","4","2","Added",""
"2025/02/20","RHIME WP*OH*K5","1","OH","US","RHIME","K5","","","E","90","RNAV","270","R","4","2","Added",""
"2025/02/20","ROCK SPRINGS VOR/DME*WY","3","WY","US","","","OCS","VOR/DME","E","91","RNAV","271","L","10","2","Added",""
"2025/02/20","ROWEY WP*WY*K1","1","WY","US","ROWEY","K1","","","E","102","RNAV","282","R","7","2","Added",""
"2025/02/20","SEWAR WP*AK*PA","2","AK","US","SEWAR","PA","","","NW","298","RNAV","118","R","7","2","Added",""
"2025/02/20","SSIGN WP*WY*K1","1","WY","US","SSIGN","K1","","","E","83","RNAV","263","R","12","2","Added",""
"2025/02/20","STOPP WP*WY*K1","1","WY","US","STOPP","K1","","","NE","60","RNAV","240","L","12","2","Added",""
"2025/02/20","TOLSE WP*TX*K4","1","TX","US","TOLSE","K4","","","N","8","RNAV","188","R","4","2","Added",""
"2025/02/20","TOPVE WP*TX*K4","1","TX","US","TOPVE","K4","","","NW","327","RNAV","147","R","4","2","Added",""
"2025/02/20","WLEEE WP*TX*K4","1","TX","US","WLEEE","K4","","","E","104","RNAV","284","L","10","2","Added",""
"2025/02/20","WUNIG WP*AK*PA","1","AK","US","WUNIG","PA","","","N","358","RNAV","178","L","4","2","Added",""
"2025/02/20","YOMAN WP*NY*K6","1","NY","US","YOMAN","K6","","","SW","224","RNAV","44","L","4","2","Added",""
"2025/02/20","YUTES WP*UT*K2","1","UT","US","YUTES","K2","","","W","260","RNAV","80","L","10","2","Added",""
"2025/02/20","ZANOR WP*NC*K7","1","NC","US","ZANOR","K7","","","SE","148","RNAV","328","R","4","2","Added",""
"2025/02/20","ZILOD INT*UT*K2","1","UT","US","ZILOD","K2","TCH","VORTAC","S","159","RAD","339","R","","2","Added",""
