"EFF_DATE","HP_NAME","HP_NO","STATE_CODE","COUNTRY_CODE","CHARTING_TYPE_DESC","File","Action","Mods"
"2025/01/23","BEGGS WP*MN*K3","1","MN","US","IAP","2","Deleted",""
"2025/01/23","CASANOVA VORTAC*VA","5","VA","US","NOT REQUIRED","2","Deleted",""
"2025/01/23","CEDAR LAKE VOR/DME*NJ","1","NJ","US","STAR","2","Deleted",""
"2025/01/23","CYPRESS VOR/DME*FL","1","FL","US","IAP","2","Deleted",""
"2025/01/23","CYPRESS VOR/DME*FL","2","FL","US","IAP","2","Deleted",""
"2025/01/23","DOCCS INT*VA*K6","1","VA","US","STAR","2","Deleted",""
"2025/01/23","EDSOE INT*WV*K6","1","WV","US","ENROUTE LOW","2","Deleted",""
"2025/01/23","EHOSI WP*MN*K3","1","MN","US","SPECIAL IAP","2","Deleted",""
"2025/01/23","ESCHR WP*NC*K7","1","NC","US","NOT REQUIRED","2","Deleted",""
"2025/01/23","FINKS INT*VA*K6","1","VA","US","ENROUTE HIGH","2","Deleted",""
"2025/01/23","FINKS INT*VA*K6","1","VA","US","STAR","2","Deleted",""
"2025/01/23","FLOUT INT*CA*K2","1","CA","US","NOT REQUIRED","2","Deleted",""
"2025/01/23","GOSHU WP*UT*K2","2","UT","US","STAR","2","Deleted",""
"2025/01/23","HABUT INT*CA*K2","1","CA","US","NOT REQUIRED","2","Deleted",""
"2025/01/23","JAMMN INT*UT*K2","2","UT","US","STAR","2","Deleted",""
"2025/01/23","JAMMN WP*UT*K2","3","UT","US","STAR","2","Deleted",""
"2025/01/23","JATEL INT*FL*K7","1","FL","US","IAP","2","Deleted",""
"2025/01/23","JOCKY WP*CO*K2","1","CO","US","IAP","2","Deleted",""
"2025/01/23","JOHOF WP*VA*K6","1","VA","US","MILITARY STAR","2","Deleted",""
"2025/01/23","JOHOF WP*VA*K6","1","VA","US","STAR","2","Deleted",""
"2025/01/23","KAADE WP*WY*K1","1","WY","US","STAR","2","Deleted",""
"2025/01/23","LINDEN VORTAC*VA","1","VA","US","NOT REQUIRED","2","Deleted",""
"2025/01/23","LINDEN VORTAC*VA","4","VA","US","IAP","2","Deleted",""
"2025/01/23","LOUISVILLE VORTAC*KY","1","KY","US","NOT REQUIRED","2","Deleted",""
"2025/01/23","LOUISVILLE VORTAC*KY","2","KY","US","NOT REQUIRED","2","Deleted",""
"2025/01/23","LOUISVILLE VORTAC*KY","3","KY","US","STAR","2","Deleted",""
"2025/01/23","LOUISVILLE VORTAC*KY","4","KY","US","IAP","2","Deleted",""
"2025/01/23","LOUISVILLE VORTAC*KY","5","KY","US","IAP","2","Deleted",""
"2025/01/23","MARCS WP*TX*K4","2","TX","US","ENROUTE LOW","2","Deleted",""
"2025/01/23","MIROO WP*NC*K7","1","NC","US","NOT REQUIRED","2","Deleted",""
"2025/01/23","NIPTE WP*ME*K6","1","ME","US","SPECIAL IAP","2","Deleted",""
"2025/01/23","OGDEN VORTAC*UT","2","UT","US","STAR","2","Deleted",""
"2025/01/23","PROVO VOR/DME*UT","1","UT","US","IAP","2","Deleted",""
"2025/01/23","PUTTI WP*TX*K4","1","TX","US","SPECIAL IAP","2","Deleted",""
"2025/01/23","QUAKE WP*TX*K4","1","TX","US","SPECIAL IAP","2","Deleted",""
"2025/01/23","RNCHO WP*CA*K2","2","CA","US","STAR","2","Deleted",""
"2025/01/23","RUNVE WP*ME*K6","1","ME","US","SPECIAL IAP","2","Deleted",""
"2025/01/23","THISL WP*UT*K2","2","UT","US","STAR","2","Deleted",""
"2025/01/23","WLEEE INT*TX*K4","1","TX","US","STAR","2","Deleted",""
"2025/01/23","WLEEE WP*TX*K4","3","TX","US","STAR","2","Deleted",""
"2025/01/23","ZACKS INT*CA*K2","1","CA","US","NOT REQUIRED","2","Deleted",""
"2025/01/23","ZUGIS WP*KS*K3","1","KS","US","IAP","2","Deleted",""
"2025/01/23","ZUVUP WP*KS*K3","1","KS","US","IAP","2","Deleted",""
"2025/02/20","ALEUT WP*AK*PA","1","AK","US","SPECIAL IAP","2","Added",""
"2025/02/20","BAERE WP*AK*PA","1","AK","US","SPECIAL IAP","2","Added",""
"2025/02/20","BAHMM WP*KS*K3","1","KS","US","IAP","2","Added",""
"2025/02/20","BOBRT WP*WY*K1","1","WY","US","STAR","2","Added",""
"2025/02/20","BOHOS WP*ME*K6","1","ME","US","SPECIAL IAP","2","Added",""
"2025/02/20","BOWST WP*ME*K6","1","ME","US","SPECIAL IAP","2","Added",""
"2025/02/20","CABRL WP*VA*K6","1","VA","US","STAR","2","Added",""
"2025/02/20","CENTEX VORTAC*TX","2","TX","US","STAR","2","Added",""
"2025/02/20","CEVNO WP*AK*PA","1","AK","US","SPECIAL IAP","2","Added",""
"2025/02/20","CHEROKEE VOR/DME*WY","2","WY","US","STAR","2","Added",""
"2025/02/20","EDSOE WP*WV*K6","1","WV","US","ENROUTE LOW","2","Added",""
"2025/02/20","ESCHR WP*NC*K7","1","NC","US","ENROUTE HIGH","2","Added",""
"2025/02/20","FAIRFIELD VORTAC*UT","5","UT","US","IAP","2","Added",""
"2025/02/20","FLECC WP*NV*K2","1","NV","US","STAR","2","Added",""
"2025/02/20","GOLET WP*CA*K2","2","CA","US","SPECIAL IAP","2","Added",""
"2025/02/20","HARVI WP*OH*K5","1","OH","US","SPECIAL IAP","2","Added",""
"2025/02/20","HELPR WP*UT*K2","1","UT","US","STAR","2","Added",""
"2025/02/20","HUNUX WP*ME*K6","1","ME","US","SPECIAL IAP","2","Added",""
"2025/02/20","IKOGY WP*OH*K5","1","OH","US","SPECIAL IAP","2","Added",""
"2025/02/20","INNIS WP*OH*K5","1","OH","US","SPECIAL IAP","2","Added",""
"2025/02/20","JAMMN WP*UT*K2","2","UT","US","STAR","2","Added",""
"2025/02/20","JOPEK WP*NJ*K6","1","NJ","US","SPECIAL IAP","2","Added",""
"2025/02/20","JUNCTION VORTAC*TX","2","TX","US","STAR","2","Added",""
"2025/02/20","LINDEN VORTAC*VA","1","VA","US","IAP","2","Added",""
"2025/02/20","LOUISVILLE VORTAC*KY","1","KY","US","IAP","2","Added",""
"2025/02/20","LOUISVILLE VORTAC*KY","2","KY","US","IAP","2","Added",""
"2025/02/20","MARCS INT*TX*K4","1","TX","US","STAR","2","Added",""
"2025/02/20","MCCOL WP*AR*K4","1","AR","US","SPECIAL IAP","2","Added",""
"2025/02/20","MINNI INT*MS*K7","2","MS","US","MILITARY IAP","2","Added",""
"2025/02/20","MIROO WP*NC*K7","1","NC","US","ENROUTE HIGH","2","Added",""
"2025/02/20","MUDDY MOUNTAIN VOR/DME*WY","3","WY","US","STAR","2","Added",""
"2025/02/20","NEEDLES VORTAC*AZ","1","CA","US","IAP","2","Added",""
"2025/02/20","NEEDLES VORTAC*AZ","1","CA","US","SID","2","Added",""
"2025/02/20","NEEDLES VORTAC*AZ","2","CA","US","IAP","2","Added",""
"2025/02/20","NEEDLES VORTAC*AZ","2","CA","US","SID","2","Added",""
"2025/02/20","NEEDLES VORTAC*AZ","3","CA","US","IAP","2","Added",""
"2025/02/20","NEEDLES VORTAC*AZ","4","","","IAP","2","Added",""
"2025/02/20","NEEDLES VORTAC*AZ","5","","","IAP","2","Added",""
"2025/02/20","NEEDLES VORTAC*AZ","6","CA","US","IAP","2","Added",""
"2025/02/20","PAIRY WP*ME*K6","1","ME","US","SPECIAL IAP","2","Added",""
"2025/02/20","PROVO VOR/DME*UT","1","UT","US","NOT REQUIRED","2","Added",""
"2025/02/20","RHIME WP*OH*K5","1","OH","US","SPECIAL IAP","2","Added",""
"2025/02/20","ROCK SPRINGS VOR/DME*WY","3","WY","US","STAR","2","Added",""
"2025/02/20","ROWEY WP*WY*K1","1","WY","US","IAP","2","Added",""
"2025/02/20","SEWAR WP*AK*PA","2","AK","US","SPECIAL IAP","2","Added",""
"2025/02/20","SSIGN WP*WY*K1","1","WY","US","STAR","2","Added",""
"2025/02/20","STOPP WP*WY*K1","1","WY","US","STAR","2","Added",""
"2025/02/20","TOLSE WP*TX*K4","1","TX","US","NOT REQUIRED","2","Added",""
"2025/02/20","TOPVE WP*TX*K4","1","TX","US","SPECIAL IAP","2","Added",""
"2025/02/20","WLEEE WP*TX*K4","1","TX","US","STAR","2","Added",""
"2025/02/20","WUNIG WP*AK*PA","1","AK","US","SPECIAL IAP","2","Added",""
"2025/02/20","YOMAN WP*NY*K6","1","NY","US","IAP","2","Added",""
"2025/02/20","YUTES WP*UT*K2","1","UT","US","STAR","2","Added",""
"2025/02/20","ZANOR WP*NC*K7","1","NC","US","SPECIAL IAP","2","Added",""
"2025/02/20","ZIGGI WP*NJ*K6","1","NJ","US","SPECIAL IAP","2","Added",""
"2025/02/20","ZILOD INT*UT*K2","1","UT","US","IAP","2","Added",""
