"EFF_DATE","SITE_NO","SITE_TYPE_CODE","STATE_CODE","ARPT_ID","CITY","COUNTRY_CODE","RWY_END_ID","ILS_LOC_ID","SYSTEM_TYPE_CODE","TAB_NAME","ILS_COMP_TYPE_CODE","REF_COL_NAME","REF_COL_SEQ_NO","REMARK","File","Action","Mods"
"2025/01/23","01788.1","A","CA","VBG","LOMPOC","US","12","BVD","LS","ILS","","GENERAL_REMARK","4","UNMONITORED 0100-1600Z++","1","Modified","REMARK"
"2025/02/20","01788.1","A","CA","VBG","LOMPOC","US","12","BVD","LS","ILS","","GENERAL_REMARK","4","OPR 1600-0100Z++; UNAVBL SAT, SUN, AND HOL.","2","Modified","REMARK"
"2025/01/23","01788.1","A","CA","VBG","LOMPOC","US","30","VBG","LS","ILS","","GENERAL_REMARK","3","UNMONITORED 0100-1600Z++","1","Modified","REMARK"
"2025/02/20","01788.1","A","CA","VBG","LOMPOC","US","30","VBG","LS","ILS","","GENERAL_REMARK","3","OPR 1600-0100Z++; UNAVBL SAT, SUN, AND HOL.","2","Modified","REMARK"
"2025/01/23","03001.","A","DC","DCA","WASHINGTON","US","19X","VWH","DD","ILS","","GENERAL_REMARK","3","LOC UNUSBL BYD 25 DEGS LEFT & RIGHT OF CRS.","2","Deleted",""
"2025/01/23","03650.","A","GA","AGS","AUGUSTA","US","35","AGS","LS","ILS","","GENERAL_REMARK","1","ILS UNMONITORED WHEN ATCT CLOSED.","1","Modified","REMARK"
"2025/02/20","03650.","A","GA","AGS","AUGUSTA","US","35","AGS","LS","ILS","","GENERAL_REMARK","1","ILS UNMON WHEN ATCT CLSD.","2","Modified","REMARK"
"2025/01/23","03650.","A","GA","AGS","AUGUSTA","US","35","AGS","LS","ILS","","GENERAL_REMARK","3","AUTOPILOT COUPLED APPROACHES NA BELOW 940 FT.","1","Modified","REMARK"
"2025/02/20","03650.","A","GA","AGS","AUGUSTA","US","35","AGS","LS","ILS","","GENERAL_REMARK","3","AUTOPILOT CPD APCH NA BLW 940 FT.","2","Modified","REMARK"
"2025/01/23","22024.","A","RI","PVD","PROVIDENCE","US","34","UNQ","LD","ILS","","GENERAL_REMARK","5","GS UNUSBL BYD 4 DEGS RIGHT OF CRS.","1","Modified","REMARK"
"2025/02/20","22024.","A","RI","PVD","PROVIDENCE","US","34","UNQ","LD","ILS","","GENERAL_REMARK","5","GS UNUSBL BYD 2 DEGS RIGHT OF CRS.","2","Modified","REMARK"
"2025/02/20","55027.","A","VI","STT","CHARLOTTE AMALIE","US","10","TMN","LD","ILS","","GENERAL_REMARK","6","LOC UNUSBL BYD 15 DEG LEFT OF COURSE.","2","Added",""
