"EFF_DATE","SITE_NO","SITE_TYPE_CODE","STATE_CODE","ARPT_ID","CITY","COUNTRY_CODE","RWY_END_ID","ILS_LOC_ID","SYSTEM_TYPE_CODE","STATE_NAME","REGION_CODE","RWY_LEN","RWY_WIDTH","CATEGORY","OWNER","OPERATOR","APCH_BEAR","MAG_VAR","MAG_VAR_HEMIS","COMPONENT_STATUS","COMPONENT_STATUS_DATE","LAT_DEG","LAT_MIN","LAT_SEC","LAT_HEMIS","LAT_DECIMAL","LONG_DEG","LONG_MIN","LONG_SEC","LONG_HEMIS","LONG_DECIMAL","LAT_LONG_SOURCE_CODE","SITE_ELEVATION","LOC_FREQ","BK_COURSE_STATUS_CODE","File","Action","Mods"
"2025/01/23","03640.","A","GA","ATL","ATLANTA","US","27R","AFA","LS","GEORGIA","ASO","12390","150","I","F-FEDERAL AVIATION ADMIN","F-FEDERAL AVIATION ADMIN","275.02","5","W","OPERATIONAL IFR","1982/07/08","33","38","4.931","N","33.63470305","84","27","2.2719","W","-84.45063108","K","1019.5","111.3","","1","Modified","LAT_SEC LAT_DECIMAL LONG_SEC LONG_DECIMAL LAT_LONG_SOURCE_CODE"
"2025/02/20","03640.","A","GA","ATL","ATLANTA","US","27R","AFA","LS","GEORGIA","ASO","12390","150","I","F-FEDERAL AVIATION ADMIN","F-FEDERAL AVIATION ADMIN","275.02","5","W","OPERATIONAL IFR","1982/07/08","33","38","4.95","N","33.63470833","84","27","4.62","W","-84.45128333","FS","1019.5","111.3","","2","Modified","LAT_SEC LAT_DECIMAL LONG_SEC LONG_DECIMAL LAT_LONG_SOURCE_CODE"
"2025/01/23","05101.1","A","IN","GWB","AUBURN","US","27","GWB","LD","INDIANA","AGL","7105","100","I","F-FEDERAL AVIATION ADMINISTRATION","F-FEDERAL AVIATION ADMINISTRATION","274.33","5","W","OPERATIONAL IFR","2005/05/12","41","18","25.3705","N","41.30704736","85","4","37.6424","W","-85.07712288","T","859.7","108.75","","1","Modified","RWY_LEN LAT_SEC LAT_DECIMAL LONG_SEC LONG_DECIMAL SITE_ELEVATION"
"2025/02/20","05101.1","A","IN","GWB","AUBURN","US","27","GWB","LD","INDIANA","AGL","7106","100","I","F-FEDERAL AVIATION ADMINISTRATION","F-FEDERAL AVIATION ADMINISTRATION","274.33","5","W","OPERATIONAL IFR","2005/05/12","41","18","25.3715","N","41.30704763","85","4","37.6408","W","-85.07712244","T","859.6","108.75","","2","Modified","RWY_LEN LAT_SEC LAT_DECIMAL LONG_SEC LONG_DECIMAL SITE_ELEVATION"
"2025/01/23","07144.1","A","KY","FFT","FRANKFORT","US","25","FFT","LE","KENTUCKY","ASO","5506","100","I","O-FEDERAL AVIATION ADMIN","O-FEDERAL AVIATION ADMIN","248.9","5","W","OPERATIONAL IFR","1995/05/25","38","10","37.8092","N","38.17716922","84","55","6.7705","W","-84.91854736","Z","819.3","109.95","","1","Modified","LAT_SEC LAT_DECIMAL LONG_SEC LONG_DECIMAL SITE_ELEVATION"
"2025/02/20","07144.1","A","KY","FFT","FRANKFORT","US","25","FFT","LE","KENTUCKY","ASO","5506","100","I","O-FEDERAL AVIATION ADMIN","O-FEDERAL AVIATION ADMIN","248.9","5","W","OPERATIONAL IFR","1995/05/25","38","10","37.8079","N","38.17716886","84","55","6.7713","W","-84.91854758","Z","819.4","109.95","","2","Modified","LAT_SEC LAT_DECIMAL LONG_SEC LONG_DECIMAL SITE_ELEVATION"
"2025/01/23","24012.","A","TX","HRL","HARLINGEN","US","18R","HRL","LD","TEXAS","ASW","9400","150","I","F-FEDERAL AVIATION ADMIN.","F-FEDERAL AVIATION ADMIN.","177.64","3","E","OPERATIONAL RESTRICTED","2018/03/05","26","12","42.2725","N","26.21174236","97","39","32.1325","W","-97.65892569","T","34.9","111.5","","1","Modified","CATEGORY"
"2025/02/20","24012.","A","TX","HRL","HARLINGEN","US","18R","HRL","LD","TEXAS","ASW","9400","150","II","F-FEDERAL AVIATION ADMIN.","F-FEDERAL AVIATION ADMIN.","177.64","3","E","OPERATIONAL RESTRICTED","2018/03/05","26","12","42.2725","N","26.21174236","97","39","32.1325","W","-97.65892569","T","34.9","111.5","","2","Modified","CATEGORY"
"2025/01/23","27661.","A","WI","UES","WAUKESHA","US","10","SKC","LS","WISCONSIN","AGL","5849","100","I","F-FEDERAL AVIATION ADMIN","F-FEDERAL AVIATION ADMIN","102.95","1","W","OPERATIONAL IFR","1981/10/29","43","2","25.6179","N","43.04044941","88","13","37.9792","W","-88.22721644","T","904.7","109.5","N","1","Modified","APCH_BEAR"
"2025/02/20","27661.","A","WI","UES","WAUKESHA","US","10","SKC","LS","WISCONSIN","AGL","5849","100","I","F-FEDERAL AVIATION ADMIN","F-FEDERAL AVIATION ADMIN","102.96","1","W","OPERATIONAL IFR","1981/10/29","43","2","25.6179","N","43.04044941","88","13","37.9792","W","-88.22721644","T","904.7","109.5","N","2","Modified","APCH_BEAR"
"2025/01/23","51523.2","A","MP","GSN","SAIPAN ISLAND","US","07","GSN","LD","N MARIANA ISLANDS","AWP","8699","200","I","F-FEDERAL AVIATION ADMIN","F-FEDERAL AVIATION ADMIN","65.8","2","E","OPERATIONAL IFR","1982/09/30","15","7","28.4649","N","15.12457358","145","44","36.3028","E","145.74341744","T","205.8","109.9","","1","Modified","LAT_SEC LAT_DECIMAL LONG_SEC LONG_DECIMAL"
"2025/02/20","51523.2","A","MP","GSN","SAIPAN ISLAND","US","07","GSN","LD","N MARIANA ISLANDS","AWP","8699","200","I","F-FEDERAL AVIATION ADMIN","F-FEDERAL AVIATION ADMIN","65.8","2","E","OPERATIONAL IFR","1982/09/30","15","7","28.46","N","15.12457222","145","44","36.3","E","145.74341666","T","205.8","109.9","","2","Modified","LAT_SEC LAT_DECIMAL LONG_SEC LONG_DECIMAL"
"2025/01/23","52250.2","A","HI","KOA","KAILUA/KONA","US","17","KOA","LD","HAWAII","AWP","11000","150","I","F-FEDERAL AVIATION ADMIN.","F-FEDERAL AVIATION ADMIN.","173.82","11","E","OPERATIONAL RESTRICTED","2018/02/09","19","43","15.216","N","19.72089333","156","2","49.9951","W","-156.04722086","K","22","109.7","R","1","Modified","RWY_LEN"
"2025/02/20","52250.2","A","HI","KOA","KAILUA/KONA","US","17","KOA","LD","HAWAII","AWP","7000","150","I","F-FEDERAL AVIATION ADMIN.","F-FEDERAL AVIATION ADMIN.","173.82","11","E","OPERATIONAL RESTRICTED","2018/02/09","19","43","15.216","N","19.72089333","156","2","49.9951","W","-156.04722086","K","22","109.7","R","2","Modified","RWY_LEN"
