"EFF_DATE","SITE_NO","SITE_TYPE_CODE","STATE_CODE","ARPT_ID","CITY","COUNTRY_CODE","RWY_END_ID","ILS_LOC_ID","SYSTEM_TYPE_CODE","COMPONENT_STATUS","COMPONENT_STATUS_DATE","LAT_DEG","LAT_MIN","LAT_SEC","LAT_HEMIS","LAT_DECIMAL","LONG_DEG","LONG_MIN","LONG_SEC","LONG_HEMIS","LONG_DECIMAL","LAT_LONG_SOURCE_CODE","SITE_ELEVATION","G_S_TYPE_CODE","G_S_ANGLE","G_S_FREQ","File","Action","Mods"
"2025/01/23","05101.1","A","IN","GWB","AUBURN","US","27","GWB","LD","OPERATIONAL IFR","2005/05/12","41","18","22.085","N","41.30613472","85","3","12.375","W","-85.0534375","T","873.5","GS","3","330.35","1","Modified","LAT_SEC LAT_DECIMAL LONG_SEC LONG_DECIMAL SITE_ELEVATION"
"2025/02/20","05101.1","A","IN","GWB","AUBURN","US","27","GWB","LD","OPERATIONAL IFR","2005/05/12","41","18","22.0849","N","41.30613469","85","3","12.3797","W","-85.0534388","T","874","GS","3","330.35","2","Modified","LAT_SEC LAT_DECIMAL LONG_SEC LONG_DECIMAL SITE_ELEVATION"
"2025/01/23","51523.2","A","MP","GSN","SAIPAN ISLAND","US","07","GSN","LD","OPERATIONAL IFR","1982/09/30","15","6","58.6872","N","15.116302","145","43","13.0288","E","145.72028577","T","206.5","GS","3","333.8","1","Modified","LAT_SEC LAT_DECIMAL LONG_SEC LONG_DECIMAL"
"2025/02/20","51523.2","A","MP","GSN","SAIPAN ISLAND","US","07","GSN","LD","OPERATIONAL IFR","1982/09/30","15","6","58.69","N","15.11630277","145","43","13.03","E","145.72028611","T","206.5","GS","3","333.8","2","Modified","LAT_SEC LAT_DECIMAL LONG_SEC LONG_DECIMAL"
