"EFF_DATE","SITE_NO","SITE_TYPE_CODE","STATE_CODE","ARPT_ID","CITY","COUNTRY_CODE","RWY_END_ID","ILS_LOC_ID","SYSTEM_TYPE_CODE","COMPONENT_STATUS","COMPONENT_STATUS_DATE","LAT_DEG","LAT_MIN","LAT_SEC","LAT_HEMIS","LAT_DECIMAL","LONG_DEG","LONG_MIN","LONG_SEC","LONG_HEMIS","LONG_DECIMAL","LAT_LONG_SOURCE_CODE","SITE_ELEVATION","CHANNEL","File","Action","Mods"
"2025/01/23","05101.1","A","IN","GWB","AUBURN","US","27","GWB","LD","OPERATIONAL RESTRICTED","2018/02/05","41","18","27.8867","N","41.3077463","85","4","37.7007","W","-85.07713908","T","869.5","24Y","1","Modified","LAT_SEC LAT_DECIMAL LONG_SEC LONG_DECIMAL SITE_ELEVATION"
"2025/02/20","05101.1","A","IN","GWB","AUBURN","US","27","GWB","LD","OPERATIONAL RESTRICTED","2018/02/05","41","18","27.8881","N","41.30774669","85","4","37.7014","W","-85.07713927","T","870.3","24Y","2","Modified","LAT_SEC LAT_DECIMAL LONG_SEC LONG_DECIMAL SITE_ELEVATION"
"2025/01/23","07144.1","A","KY","FFT","FRANKFORT","US","25","FFT","LE","OPERATIONAL RESTRICTED","2019/08/07","38","10","40.0774","N","38.17779927","84","55","8.1354","W","-84.9189265","T","830.4","36Y","1","Modified","LAT_SEC LAT_DECIMAL LONG_SEC LONG_DECIMAL SITE_ELEVATION"
"2025/02/20","07144.1","A","KY","FFT","FRANKFORT","US","25","FFT","LE","OPERATIONAL RESTRICTED","2019/08/07","38","10","40.0733","N","38.17779813","84","55","8.1387","W","-84.91892741","T","824.2","36Y","2","Modified","LAT_SEC LAT_DECIMAL LONG_SEC LONG_DECIMAL SITE_ELEVATION"
"2025/01/23","51523.2","A","MP","GSN","SAIPAN ISLAND","US","07","GSN","LD","OPERATIONAL IFR","1982/09/30","15","7","30.4581","N","15.12512725","145","44","34.0368","E","145.742788","T","211.1","36X","1","Modified","LAT_SEC LAT_DECIMAL LONG_SEC LONG_DECIMAL"
"2025/02/20","51523.2","A","MP","GSN","SAIPAN ISLAND","US","07","GSN","LD","OPERATIONAL IFR","1982/09/30","15","7","30.46","N","15.12512777","145","44","34.04","E","145.74278888","T","211.1","36X","2","Modified","LAT_SEC LAT_DECIMAL LONG_SEC LONG_DECIMAL"
