"EFF_DATE","COUNTRY_CODE","LOC_ID","REGION_CODE","STATE","CITY","LID_GROUP","FAC_TYPE","FAC_NAME","RESP_ARTCC_ID","ARTCC_COMPUTER_ID","FSS_ID","File","Action","Mods"
"2025/01/23","US","10IA","ACE","IA","WATERLOO","LANDING FACILITY","A","FLYERS","ZAU","ZCG","FOD","1","Modified","RESP_ARTCC_ID ARTCC_COMPUTER_ID"
"2025/02/20","US","10IA","ACE","IA","WATERLOO","LANDING FACILITY","A","FLYERS","ZMP","ZCP","FOD","2","Modified","RESP_ARTCC_ID ARTCC_COMPUTER_ID"
"2025/01/23","US","11IA","ACE","IA","HUDSON","LANDING FACILITY","A","KOCH FLD","ZAU","ZCG","FOD","1","Modified","RESP_ARTCC_ID ARTCC_COMPUTER_ID"
"2025/02/20","US","11IA","ACE","IA","HUDSON","LANDING FACILITY","A","KOCH FLD","ZMP","ZCP","FOD","2","Modified","RESP_ARTCC_ID ARTCC_COMPUTER_ID"
"2025/01/23","US","16IS","AGL","IL","GOREVILLE","LANDING FACILITY","A","KELLUMS","ZKC","ZCK","STL","2","Deleted",""
"2025/01/23","US","16UT","ANM","UT","PERRY","LANDING FACILITY","A","HENRICHSEN FLD","ZLC","ZCU","CDC","1","Modified","FAC_NAME"
"2025/02/20","US","16UT","ANM","UT","PERRY","LANDING FACILITY","A","HINRICHSEN FLD","ZLC","ZCU","CDC","2","Modified","FAC_NAME"
"2025/01/23","US","17PS","AEA","PA","TIDIOUTE","LANDING FACILITY","A","MOUNTAIN CREST","ZOB","ZCC","AOO","2","Deleted",""
"2025/01/23","US","1PN1","AEA","PA","TRANSFER","LANDING FACILITY","A","NAPODANO","ZOB","ZCC","AOO","2","Deleted",""
"2025/01/23","US","1Y5","ACE","IA","NEW HAMPTON","LANDING FACILITY","A","NEW HAMPTON MUNI","ZAU","ZCG","FOD","1","Modified","RESP_ARTCC_ID ARTCC_COMPUTER_ID"
"2025/02/20","US","1Y5","ACE","IA","NEW HAMPTON","LANDING FACILITY","A","NEW HAMPTON MUNI","ZMP","ZCP","FOD","2","Modified","RESP_ARTCC_ID ARTCC_COMPUTER_ID"
"2025/01/23","US","24IA","ACE","IA","CEDAR FALLS","LANDING FACILITY","A","ISLEY FLD","ZAU","ZCG","FOD","1","Modified","RESP_ARTCC_ID ARTCC_COMPUTER_ID"
"2025/02/20","US","24IA","ACE","IA","CEDAR FALLS","LANDING FACILITY","A","ISLEY FLD","ZMP","ZCP","FOD","2","Modified","RESP_ARTCC_ID ARTCC_COMPUTER_ID"
"2025/01/23","US","27P","ACE","IA","ELDORA","LANDING FACILITY","A","ELDORA","ZAU","ZCG","FOD","1","Modified","RESP_ARTCC_ID ARTCC_COMPUTER_ID"
"2025/02/20","US","27P","ACE","IA","ELDORA","LANDING FACILITY","A","ELDORA","ZMP","ZCP","FOD","2","Modified","RESP_ARTCC_ID ARTCC_COMPUTER_ID"
"2025/01/23","US","28CO","ANM","CO","GRAND JUNCTION","LANDING FACILITY","H","BLM FIRE CENTER","ZDV","ZCD","DEN","2","Deleted",""
"2025/01/23","US","2IA4","ACE","IA","WATERLOO","LANDING FACILITY","H","CMC AT WEST NINTH","ZAU","ZCG","FOD","1","Modified","RESP_ARTCC_ID ARTCC_COMPUTER_ID"
"2025/02/20","US","2IA4","ACE","IA","WATERLOO","LANDING FACILITY","H","CMC AT WEST NINTH","ZMP","ZCP","FOD","2","Modified","RESP_ARTCC_ID ARTCC_COMPUTER_ID"
"2025/01/23","US","2IS4","AGL","IL","ILLINOIS CITY","LANDING FACILITY","A","RITTER FLD","ZAU","ZCG","IKK","2","Deleted",""
"2025/01/23","US","3IS7","AGL","IL","WENONA","LANDING FACILITY","A","FOOTE","ZAU","ZCG","IKK","2","Deleted",""
"2025/01/23","US","3LL3","AGL","IL","MARSHALL","LANDING FACILITY","A","KIBLER","ZID","ZCI","STL","2","Deleted",""
"2025/01/23","US","3SD6","AGL","SD","WATERTOWN","LANDING FACILITY","H","LIVING EARTH","ZMP","ZCP","HON","2","Deleted",""
"2025/01/23","US","4C7","ACE","IA","ACKLEY","LANDING FACILITY","A","ACKLEY MUNI","ZAU","ZCG","FOD","1","Modified","RESP_ARTCC_ID ARTCC_COMPUTER_ID"
"2025/02/20","US","4C7","ACE","IA","ACKLEY","LANDING FACILITY","A","ACKLEY MUNI","ZMP","ZCP","FOD","2","Modified","RESP_ARTCC_ID ARTCC_COMPUTER_ID"
"2025/01/23","US","4GA2","ASO","GA","AUGUSTA","LANDING FACILITY","H","AU MEDICAL CENTER & CHILDREN'S HOSPITAL OF GEORGIA","ZTL","ZCT","MCN","1","Modified","FAC_NAME"
"2025/02/20","US","4GA2","ASO","GA","AUGUSTA","LANDING FACILITY","H","WELLSTAR MCG/WELLSTAR CHILDRENS HOSPITAL OF","ZTL","ZCT","MCN","2","Modified","FAC_NAME"
"2025/01/23","US","4IA3","ACE","IA","CHARLES CITY","LANDING FACILITY","H","FLOYD COUNTY MEML HOSPITAL","ZAU","ZCG","FOD","1","Modified","RESP_ARTCC_ID ARTCC_COMPUTER_ID"
"2025/02/20","US","4IA3","ACE","IA","CHARLES CITY","LANDING FACILITY","H","FLOYD COUNTY MEML HOSPITAL","ZMP","ZCP","FOD","2","Modified","RESP_ARTCC_ID ARTCC_COMPUTER_ID"
"2025/01/23","US","5IS6","AGL","IL","TOULON","LANDING FACILITY","H","WEBSTER","ZKC","ZCK","IKK","2","Deleted",""
"2025/01/23","US","6IA8","ACE","IA","MARSHALLTOWN","LANDING FACILITY","H","MMSC","ZAU","ZCG","FOD","1","Modified","RESP_ARTCC_ID ARTCC_COMPUTER_ID"
"2025/02/20","US","6IA8","ACE","IA","MARSHALLTOWN","LANDING FACILITY","H","MMSC","ZMP","ZCP","FOD","2","Modified","RESP_ARTCC_ID ARTCC_COMPUTER_ID"
"2025/01/23","US","6K7","ACE","IA","GRUNDY CENTER","LANDING FACILITY","A","GRUNDY CENTER MUNI","ZAU","ZCG","FOD","1","Modified","RESP_ARTCC_ID ARTCC_COMPUTER_ID"
"2025/02/20","US","6K7","ACE","IA","GRUNDY CENTER","LANDING FACILITY","A","GRUNDY CENTER MUNI","ZMP","ZCP","FOD","2","Modified","RESP_ARTCC_ID ARTCC_COMPUTER_ID"
"2025/01/23","US","6LL0","AGL","IL","NEOGA","LANDING FACILITY","A","WILLIAMSON","ZKC","ZCK","STL","2","Deleted",""
"2025/01/23","US","7IA7","ACE","IA","NEW HAMPTON","LANDING FACILITY","A","MITCHELL FLD","ZAU","ZCG","FOD","1","Modified","RESP_ARTCC_ID ARTCC_COMPUTER_ID"
"2025/02/20","US","7IA7","ACE","IA","NEW HAMPTON","LANDING FACILITY","A","MITCHELL FLD","ZMP","ZCP","FOD","2","Modified","RESP_ARTCC_ID ARTCC_COMPUTER_ID"
"2025/01/23","US","7S0","ANM","MT","RONAN","WEATHER SENSOR","AWOS-2","","","","","2","Deleted",""
"2025/01/23","US","81IL","AGL","IL","MINIER","LANDING FACILITY","A","ILLINOIS VALLEY PARACHUTE CLUB","ZKC","ZCK","IKK","1","Modified","FAC_NAME"
"2025/02/20","US","81IL","AGL","IL","MINIER","LANDING FACILITY","A","ILLINOIS ANTIQUE AIRFIELD","ZKC","ZCK","IKK","2","Modified","FAC_NAME"
"2025/01/23","US","8C5","ACE","IA","TOLEDO","LANDING FACILITY","A","TOLEDO MUNI","ZAU","ZCG","FOD","1","Modified","RESP_ARTCC_ID ARTCC_COMPUTER_ID"
"2025/02/20","US","8C5","ACE","IA","TOLEDO","LANDING FACILITY","A","TOLEDO MUNI","ZMP","ZCP","FOD","2","Modified","RESP_ARTCC_ID ARTCC_COMPUTER_ID"
"2025/01/23","US","8C6","ACE","IA","TRAER","LANDING FACILITY","A","TRAER MUNI","ZAU","ZCG","FOD","1","Modified","RESP_ARTCC_ID ARTCC_COMPUTER_ID"
"2025/02/20","US","8C6","ACE","IA","TRAER","LANDING FACILITY","A","TRAER MUNI","ZMP","ZCP","FOD","2","Modified","RESP_ARTCC_ID ARTCC_COMPUTER_ID"
"2025/01/23","US","98IA","ACE","IA","MARSHALLTOWN","LANDING FACILITY","H","UNITY POINT MARSHALLTOWN","ZAU","ZCG","FOD","1","Modified","RESP_ARTCC_ID ARTCC_COMPUTER_ID"
"2025/02/20","US","98IA","ACE","IA","MARSHALLTOWN","LANDING FACILITY","H","UNITY POINT MARSHALLTOWN","ZMP","ZCP","FOD","2","Modified","RESP_ARTCC_ID ARTCC_COMPUTER_ID"
"2025/01/23","US","AFO","ANM","WY","AFTON","LANDING FACILITY","A","AFTON MUNI","ZLC","ZCU","CPR","1","Modified","FAC_NAME"
"2025/02/20","US","AFO","ANM","WY","AFTON","LANDING FACILITY","A","AFTON LINCOLN COUNTY/GENERAL BOYD L EDDINS FLD","ZLC","ZCU","CPR","2","Modified","FAC_NAME"
"2025/01/23","US","AL91","ASO","AL","BIRMINGHAM","LANDING FACILITY","H","THE CHILDREN'S HOSPITAL","ZTL","ZCT","ANB","1","Modified","FAC_NAME"
"2025/02/20","US","AL91","ASO","AL","BIRMINGHAM","LANDING FACILITY","H","THE CHILDRENS HOSPITAL","ZTL","ZCT","ANB","2","Modified","FAC_NAME"
"2025/01/23","US","ALO","ACE","IA","WATERLOO","LANDING FACILITY","A","WATERLOO RGNL","ZAU","ZCG","FOD","1","Modified","RESP_ARTCC_ID ARTCC_COMPUTER_ID"
"2025/02/20","US","ALO","ACE","IA","WATERLOO","LANDING FACILITY","A","WATERLOO RGNL","ZMP","ZCP","FOD","2","Modified","RESP_ARTCC_ID ARTCC_COMPUTER_ID"
"2025/01/23","US","ALO","ACE","IA","WATERLOO","INSTRUMENT LANDING SYSTEM","LD","WATERLOO RGNL(ALO) ILS RWY 12","ZAU","ZCG","","1","Modified","RESP_ARTCC_ID ARTCC_COMPUTER_ID"
"2025/02/20","US","ALO","ACE","IA","WATERLOO","INSTRUMENT LANDING SYSTEM","LD","WATERLOO RGNL(ALO) ILS RWY 12","ZMP","ZCP","","2","Modified","RESP_ARTCC_ID ARTCC_COMPUTER_ID"
"2025/01/23","US","BBG","ACE","MO","BRANSON","WEATHER SENSOR","AWOS-3","","","","","2","Deleted",""
"2025/01/23","US","BKW","AEA","WV","BECKLEY","NAVIGATION AID","VOR/DME","BECKLEY","ZID","ZCI","EKN","2","Deleted",""
"2025/01/23","US","C25","ACE","IA","WAVERLY","LANDING FACILITY","A","WAVERLY MUNI","ZAU","ZCG","FOD","1","Modified","RESP_ARTCC_ID ARTCC_COMPUTER_ID"
"2025/02/20","US","C25","ACE","IA","WAVERLY","LANDING FACILITY","A","WAVERLY MUNI","ZMP","ZCP","FOD","2","Modified","RESP_ARTCC_ID ARTCC_COMPUTER_ID"
"2025/01/23","US","CCY","ACE","IA","CHARLES CITY","LANDING FACILITY","A","NORTHEAST IOWA RGNL","ZAU","ZCG","FOD","1","Modified","RESP_ARTCC_ID ARTCC_COMPUTER_ID"
"2025/02/20","US","CCY","ACE","IA","CHARLES CITY","LANDING FACILITY","A","NORTHEAST IOWA RGNL","ZMP","ZCP","FOD","2","Modified","RESP_ARTCC_ID ARTCC_COMPUTER_ID"
"2025/01/23","US","FZG","ASO","GA","FITZGERALD","WEATHER SENSOR","AWOS-3","","","","","2","Deleted",""
"2025/01/23","US","IA28","ACE","IA","GRUNDY CENTER","LANDING FACILITY","H","GRUNDY COUNTY MEML HOSPITAL","ZAU","ZCG","FOD","1","Modified","RESP_ARTCC_ID ARTCC_COMPUTER_ID"
"2025/02/20","US","IA28","ACE","IA","GRUNDY CENTER","LANDING FACILITY","H","GRUNDY COUNTY MEML HOSPITAL","ZMP","ZCP","FOD","2","Modified","RESP_ARTCC_ID ARTCC_COMPUTER_ID"
"2025/01/23","US","IA29","ACE","IA","WATERLOO","LANDING FACILITY","H","ALLEN MEML HOSPITAL","ZAU","ZCG","FOD","1","Modified","RESP_ARTCC_ID ARTCC_COMPUTER_ID"
"2025/02/20","US","IA29","ACE","IA","WATERLOO","LANDING FACILITY","H","ALLEN MEML HOSPITAL","ZMP","ZCP","FOD","2","Modified","RESP_ARTCC_ID ARTCC_COMPUTER_ID"
"2025/01/23","US","IA42","ACE","IA","HUDSON","LANDING FACILITY","A","RITEL COPTER AIRSTRIP","ZAU","ZCG","FOD","1","Modified","RESP_ARTCC_ID ARTCC_COMPUTER_ID"
"2025/02/20","US","IA42","ACE","IA","HUDSON","LANDING FACILITY","A","RITEL COPTER AIRSTRIP","ZMP","ZCP","FOD","2","Modified","RESP_ARTCC_ID ARTCC_COMPUTER_ID"
"2025/01/23","US","IA50","ACE","IA","NEW HAMPTON","LANDING FACILITY","H","MERCYONE NEW HAMPTON MEDICAL CENTER","ZAU","ZCG","FOD","1","Modified","RESP_ARTCC_ID ARTCC_COMPUTER_ID"
"2025/02/20","US","IA50","ACE","IA","NEW HAMPTON","LANDING FACILITY","H","MERCYONE NEW HAMPTON MEDICAL CENTER","ZMP","ZCP","FOD","2","Modified","RESP_ARTCC_ID ARTCC_COMPUTER_ID"
"2025/01/23","US","IA57","ACE","IA","OELWEIN","LANDING FACILITY","H","MERCY HOSPITAL","ZAU","ZCG","FOD","1","Modified","RESP_ARTCC_ID ARTCC_COMPUTER_ID"
"2025/02/20","US","IA57","ACE","IA","OELWEIN","LANDING FACILITY","H","MERCY HOSPITAL","ZMP","ZCP","FOD","2","Modified","RESP_ARTCC_ID ARTCC_COMPUTER_ID"
"2025/01/23","US","IA66","ACE","IA","CEDAR FALLS","LANDING FACILITY","H","MERCYONE CEDAR FALLS MEDICAL CENTER","ZAU","ZCG","FOD","1","Modified","RESP_ARTCC_ID ARTCC_COMPUTER_ID"
"2025/02/20","US","IA66","ACE","IA","CEDAR FALLS","LANDING FACILITY","H","MERCYONE CEDAR FALLS MEDICAL CENTER","ZMP","ZCP","FOD","2","Modified","RESP_ARTCC_ID ARTCC_COMPUTER_ID"
"2025/01/23","US","IA75","ACE","IA","WATERLOO","LANDING FACILITY","H","MERCYONE WATERLOO MEDICAL CNTR","ZAU","ZCG","FOD","1","Modified","RESP_ARTCC_ID ARTCC_COMPUTER_ID"
"2025/02/20","US","IA75","ACE","IA","WATERLOO","LANDING FACILITY","H","MERCYONE WATERLOO MEDICAL CNTR","ZMP","ZCP","FOD","2","Modified","RESP_ARTCC_ID ARTCC_COMPUTER_ID"
"2025/01/23","US","IFA","ACE","IA","IOWA FALLS","LANDING FACILITY","A","IOWA FALLS MUNI","ZAU","ZCG","FOD","1","Modified","RESP_ARTCC_ID ARTCC_COMPUTER_ID"
"2025/02/20","US","IFA","ACE","IA","IOWA FALLS","LANDING FACILITY","A","IOWA FALLS MUNI","ZMP","ZCP","FOD","2","Modified","RESP_ARTCC_ID ARTCC_COMPUTER_ID"
"2025/01/23","US","IIB","ACE","IA","INDEPENDENCE","LANDING FACILITY","A","JAMES H CONNELL FLD AT INDEPENDENCE MUNI","ZAU","ZCG","FOD","1","Modified","RESP_ARTCC_ID ARTCC_COMPUTER_ID"
"2025/02/20","US","IIB","ACE","IA","INDEPENDENCE","LANDING FACILITY","A","JAMES H CONNELL FLD AT INDEPENDENCE MUNI","ZMP","ZCP","FOD","2","Modified","RESP_ARTCC_ID ARTCC_COMPUTER_ID"
"2025/01/23","US","IL33","AGL","IL","MC LEANSBORO","LANDING FACILITY","H","WHITE OAK RESOURCES","ZKC","ZCK","STL","1","Modified","FAC_NAME"
"2025/02/20","US","IL33","AGL","IL","MC LEANSBORO","LANDING FACILITY","H","HAMILTON COUNTY COAL","ZKC","ZCK","STL","2","Modified","FAC_NAME"
"2025/01/23","US","IS80","AGL","IL","DE KALB","LANDING FACILITY","A","UNCLE CHUCK'S","ZAU","ZCG","IKK","2","Deleted",""
"2025/01/23","US","IWA","AWP","AZ","PHOENIX","LANDING FACILITY","A","PHOENIX-MESA GATEWAY","ZAB","ZCA","PRC","1","Modified","FAC_NAME"
"2025/02/20","US","IWA","AWP","AZ","PHOENIX","LANDING FACILITY","A","MESA GATEWAY","ZAB","ZCA","PRC","2","Modified","FAC_NAME"
"2025/01/23","US","IWA","AWP","AZ","PHOENIX","INSTRUMENT LANDING SYSTEM","LG","PHOENIX-MESA GATEWAY(IWA) ILS RWY 30C","ZAB","ZCA","","1","Modified","FAC_NAME"
"2025/02/20","US","IWA","AWP","AZ","PHOENIX","INSTRUMENT LANDING SYSTEM","LG","MESA GATEWAY(IWA) ILS RWY 30C","ZAB","ZCA","","2","Modified","FAC_NAME"
"2025/01/23","US","IYY","ACE","IA","CHARLES CITY","INSTRUMENT LANDING SYSTEM","LC","NORTHEAST IOWA RGNL(CCY) ILS RWY 12","ZAU","ZCG","","1","Modified","RESP_ARTCC_ID ARTCC_COMPUTER_ID"
"2025/02/20","US","IYY","ACE","IA","CHARLES CITY","INSTRUMENT LANDING SYSTEM","LC","NORTHEAST IOWA RGNL(CCY) ILS RWY 12","ZMP","ZCP","","2","Modified","RESP_ARTCC_ID ARTCC_COMPUTER_ID"
"2025/01/23","US","K98","ACE","IA","ALLISON","LANDING FACILITY","A","ALLISON MUNI","ZAU","ZCG","FOD","1","Modified","RESP_ARTCC_ID ARTCC_COMPUTER_ID"
"2025/02/20","US","K98","ACE","IA","ALLISON","LANDING FACILITY","A","ALLISON MUNI","ZMP","ZCP","FOD","2","Modified","RESP_ARTCC_ID ARTCC_COMPUTER_ID"
"2025/01/23","US","MIW","ACE","IA","MARSHALLTOWN","LANDING FACILITY","A","MARSHALLTOWN MUNI","ZAU","ZCG","FOD","1","Modified","RESP_ARTCC_ID ARTCC_COMPUTER_ID"
"2025/02/20","US","MIW","ACE","IA","MARSHALLTOWN","LANDING FACILITY","A","MARSHALLTOWN MUNI","ZMP","ZCP","FOD","2","Modified","RESP_ARTCC_ID ARTCC_COMPUTER_ID"
"2025/01/23","US","OLZ","ACE","IA","OELWEIN","LANDING FACILITY","A","OELWEIN MUNI","ZAU","ZCG","FOD","1","Modified","RESP_ARTCC_ID ARTCC_COMPUTER_ID"
"2025/02/20","US","OLZ","ACE","IA","OELWEIN","LANDING FACILITY","A","OELWEIN MUNI","ZMP","ZCP","FOD","2","Modified","RESP_ARTCC_ID ARTCC_COMPUTER_ID"
"2025/01/23","US","PA11","AEA","PA","GETTYSBURG","LANDING FACILITY","H","THE GETTYSBURG HOSPITAL","ZDC","ZCW","IPT","1","Modified","FAC_NAME"
"2025/02/20","US","PA11","AEA","PA","GETTYSBURG","LANDING FACILITY","H","WELLSPAN GETTYSBURG HOSPITAL","ZDC","ZCW","IPT","2","Modified","FAC_NAME"
"2025/01/23","US","PPG","AWP","AS","PAGO PAGO","WEATHER SENSOR","AWOS-3PT","","","","","2","Deleted",""
"2025/01/23","US","PRZ","ASW","NM","PORTALES","WEATHER SENSOR","AWOS-3","","","","","2","Deleted",""
"2025/01/23","US","PS85","AEA","PA","BLOOMSBURG","LANDING FACILITY","H","RIVER HILL","ZNY","ZCN","IPT","2","Deleted",""
"2025/01/23","US","PSO","ANM","CO","PAGOSA SPRINGS","WEATHER SENSOR","AWOS-3","","","","","2","Deleted",""
"2025/01/23","US","PVQ","AAL","AK","DEADHORSE","NAVIGATION AID","NDB","PUT RIVER","ZAN","ZAN","SCC","2","Deleted",""
"2025/01/23","US","SD26","AGL","SD","STURGIS","LANDING FACILITY","H","MIKE JACOB STURGIS","ZDV","ZCD","HON","2","Deleted",""
"2025/01/23","US","SD91","AGL","SD","SPEARFISH","LANDING FACILITY","H","STAR AVIATION NR 1","ZDV","ZCD","HON","2","Deleted",""
"2025/01/23","US","TKO","ACE","KS","MANKATO","NAVIGATION AID","VORTAC","MANKATO","ZMP","ZCP","ICT","2","Deleted",""
"2025/01/23","US","VT36","ANE","VT","BURLINGTON","LANDING FACILITY","H","MCHV","ZBW","ZCB","BTV","2","Deleted",""
"2025/01/23","US","WA02","ANM","WA","ANACORTES","LANDING FACILITY","H","THE ISLAND HOSPITAL","ZSE","ZCS","SEA","1","Modified","FAC_NAME"
"2025/02/20","US","WA02","ANM","WA","ANACORTES","LANDING FACILITY","H","ISLAND HEALTH EMS","ZSE","ZCS","SEA","2","Modified","FAC_NAME"
"2025/01/23","US","WY28","ANM","WY","PINEDALE","LANDING FACILITY","H","PINEDALE MEDICAL CLINIC","ZLC","ZCU","CPR","2","Deleted",""
"2025/02/20","US","10KY","ASO","KY","ELKTON","LANDING FACILITY","A","GILLS' LANDING FLD","ZME","ZCM","LOU","2","Added",""
"2025/02/20","US","13TT","ASW","TX","MICO","LANDING FACILITY","A","SUNSET RANCH","ZHU","ZCH","SJT","2","Added",""
"2025/02/20","US","14OR","ANM","OR","POWELL BUTTE","LANDING FACILITY","H","BIAK TRAINING CENTER","ZSE","ZCS","MMV","2","Added",""
"2025/02/20","US","23FL","ASO","FL","WIMAUMA","LANDING FACILITY","A","GYRO TOWN USA","ZMA","ZCR","PIE","2","Added",""
"2025/02/20","US","41GE","ASO","GA","HIRAM","LANDING FACILITY","H","WELLSTAR PAULDING PEDIATRIC EMERGENCY DEPT","ZTL","ZCT","MCN","2","Added",""
"2025/02/20","US","4I9","AGL","OH","MOUNT GILEAD","WEATHER SENSOR","AWOS-3PT","","","","","2","Added",""
"2025/02/20","US","4I9","AGL","OH","MOUNT GILEAD","WEATHER REPORTING STATION","WXL","","","","","2","Added",""
"2025/02/20","US","61FA","ASO","FL","MERRITT ISLAND","LANDING FACILITY","H","NORTH MERRITT ISLAND","ZMA","ZCR","PIE","2","Added",""
"2025/02/20","US","7MD6","AEA","MD","OCEAN CITY","LANDING FACILITY","H","OCFD  NORTHSIDE PARK","ZDC","ZCW","DCA","2","Added",""
"2025/02/20","US","7S0","ANM","MT","RONAN","WEATHER SENSOR","AWOS-3","","","","","2","Added",""
"2025/02/20","US","7TA4","ASW","TX","FAIRFIELD","LANDING FACILITY","A","PILOT KNOB RANCH","ZFW","ZCF","FTW","2","Added",""
"2025/02/20","US","84TN","ASO","TN","ANDERSONVILLE","LANDING FACILITY","A","ELKINS FLD","ZTL","ZCT","BNA","2","Added",""
"2025/02/20","US","8XA6","ASW","TX","AUBREY","LANDING FACILITY","A","BLACKJACK FLD","ZFW","ZCF","FTW","2","Added",""
"2025/02/20","US","91TN","ASO","TN","ASHLAND CITY","LANDING FACILITY","A","POWDER MILL FLD","ZME","ZCM","BNA","2","Added",""
"2025/02/20","US","BBG","ACE","MO","BRANSON","WEATHER SENSOR","AWOS-2","","","","","2","Added",""
"2025/02/20","US","BKW","AEA","WV","BECKLEY","NAVIGATION AID","DME","BECKLEY","ZID","ZCI","EKN","2","Added",""
"2025/02/20","US","FZG","ASO","GA","FITZGERALD","WEATHER SENSOR","AWOS-3PT","","","","","2","Added",""
"2025/02/20","US","GE56","ASO","GA","GREENSBORO","LANDING FACILITY","A","SMITH FLD","ZTL","ZCT","MCN","2","Added",""
"2025/02/20","US","PRZ","ASW","NM","PORTALES","WEATHER SENSOR","AWOS-3PT","","","","","2","Added",""
"2025/02/20","US","PSO","ANM","CO","PAGOSA SPRINGS","WEATHER SENSOR","AWOS-3PT","","","","","2","Added",""
"2025/02/20","US","TKO","ACE","KS","MANKATO","NAVIGATION AID","TACAN","MANKATO","ZMP","ZCP","ICT","2","Added",""
