"EFF_DATE","MAA_ID","POINT_SEQ","LATITUDE","LONGITUDE","File","Action","Mods"
"2025/01/23","ACA002","2","36-09-49.0200N","120-18-46.4200W","1","Modified","LATITUDE LONGITUDE"
"2025/02/20","ACA002","2","36-09-49.1100N","120-18-08.4700W","2","Modified","LATITUDE LONGITUDE"
"2025/01/23","ACA002","3","36-09-49.1100N","120-18-08.4700W","1","Modified","LATITUDE LONGITUDE"
"2025/02/20","ACA002","3","36-09-21.4700N","120-18-07.8400W","2","Modified","LATITUDE LONGITUDE"
"2025/01/23","ACA002","4","36-09-21.4700N","120-18-07.8400W","1","Modified","LATITUDE LONGITUDE"
"2025/02/20","ACA002","4","36-09-21.6600N","120-18-46.6300W","2","Modified","LATITUDE LONGITUDE"
"2025/01/23","ACA002","1","36-09-21.6600N","120-18-46.6300W","1","Modified","LATITUDE LONGITUDE"
"2025/02/20","ACA002","1","36-09-49.0200N","120-18-46.4200W","2","Modified","LATITUDE LONGITUDE"
