"EFF_DATE","ROUTE_TYPE_CODE","ROUTE_ID","ARTCC","SOP_SEQ_NO","SOP_TEXT","File","Action","Mods"
"2024/12/26","VR","1601","","1","(1) ALL POINTS ARE ALTERNATE ENTRY AND EXIT POINTS,","1","Modified","SOP_TEXT"
"2025/02/20","VR","1601","","1","(1) A SCHEDULED CSE MISSION IS REQUIRED TO ENTER AND DELAY IN","2","Modified","SOP_TEXT"
"2024/12/26","VR","1601","","2","(2) CLEARANCE TO FLY THE ROUTE DOES NOT CONSTITUTE","1","Modified","SOP_TEXT"
"2025/02/20","VR","1601","","2","R-4201A, CONTACT GRAYLING AIR GUNNERY RANGE AT (C) 989-354-6335.","2","Modified","SOP_TEXT"
"2024/12/26","VR","1601","","3","CLEARANCE INTO R-4201 WHICH MUST BE GIVEN BY","1","Modified","SOP_TEXT"
"2025/02/20","VR","1601","","3","(2) CONTACT RCO ON 266.6 FOR ENTRY AT LEAST 5 MINUTES PRIOR TO PT A.","2","Modified","SOP_TEXT"
"2024/12/26","VR","1601","","5","GRAYLING RCO ON 266.6/261.2.  FLIGHTS MUST EXIT AT POINT D","1","Modified","SOP_TEXT"
"2025/02/20","VR","1601","","5","RANGE AT (C) 989-354-6335.","2","Modified","SOP_TEXT"
"2024/12/26","VR","1601","","10","UNLESS CLEARED INTO R-4201.","1","Modified","SOP_TEXT"
"2025/02/20","VR","1601","","10","(5) AIRCRAFT UNABLE TO MEET THEIR ASSIGNED ENTRY TIME WITHIN THE WINDOW","2","Modified","SOP_TEXT"
"2024/12/26","VR","1601","","15","(3) THIS ROUTE IS REVERSE OF VR-1602.","1","Modified","SOP_TEXT"
"2025/02/20","VR","1601","","15","5 MINUTES EARLY TO 5 MINUTES LATE MUST NOT ENTER THE ROUTE.","2","Modified","SOP_TEXT"
"2024/12/26","VR","1602","","1","(1) ALL POINTS ARE ALTERNATE ENTRY AND EXIT POINTS.","1","Modified","SOP_TEXT"
"2025/02/20","VR","1602","","1","(1) A SCHEDULED CSE MISSION IS REQUIRED TO ENTER AND DELAY IN R-4201A,","2","Modified","SOP_TEXT"
"2024/12/26","VR","1602","","2","(2) THIS ROUTE IS REVERSE OF VR-1601.","1","Modified","SOP_TEXT"
"2025/02/20","VR","1602","","2","CONTACT GRAYLING AIR GUNNERY RANGE AT (C) 989-354-6335.","2","Modified","SOP_TEXT"
"2025/02/20","IR","275","ZLC ZOA","100","(9) CAUTION: UNCHARTED TOWER 190' AGL: N40-06-08 W116-11-52.","2","Added",""
"2025/02/20","VR","1601","","4","(3) TRASH DZ IN R-4201 IS SCHEDULED WITH GRAYLING AIR GUNNERY","2","Added",""
"2025/02/20","VR","1601","","6","(4) ALL POINTS ARE ALTERNATE ENTRY AND EXIT POINTS.","2","Added",""
"2025/02/20","VR","1601","","20","(6) ROUTE CROSSES MULTIPLE VR AND SR ROUTES CONTACT ALPENA CRTC AIRSPACE","2","Added",""
"2025/02/20","VR","1601","","25","SCHEDULER FOR SCHEDULING DE-CONFLICTION AND SITUATIONAL AWARENESS.","2","Added",""
"2025/02/20","VR","1601","","30","(7) IN ADDITION TO LANSING RADIO ON 255.4, CONTACT BLACK TALON ON 234.9 FOR","2","Added",""
"2025/02/20","VR","1601","","35","ENTRY/EXIT AND SITUATIONAL AWARENESS.","2","Added",""
"2025/02/20","VR","1602","","5","(2) CONTACT RCO ON 266.6 FOR ENTRY AT LEAST 5 MINUTES PRIOR TO PT D.","2","Added",""
"2025/02/20","VR","1602","","10","(3) TRASH DZ IN R-4201 IS SCHEDULED WITH GRAYLING AIR GUNNERY","2","Added",""
"2025/02/20","VR","1602","","11","RANGE AT (C) 989-354-6335.","2","Added",""
"2025/02/20","VR","1602","","15","(4) ALL POINTS ARE ALTERNATE ENTRY AND EXIT POINTS.","2","Added",""
"2025/02/20","VR","1602","","20","(5) AIRCRAFT UNABLE TO MEET THEIR ASSIGNED ENTRY TIME WITHIN","2","Added",""
"2025/02/20","VR","1602","","21","THE WINDOW 5 MINUTES EARLY TO 5 MINUTES LATE MUST NOT ENTER THE ROUTE.","2","Added",""
"2025/02/20","VR","1602","","25","(6) ROUTE CROSSES MULTIPLE VR AND SR ROUTES CONTACT ALPENA CRTC AIRSPACE","2","Added",""
"2025/02/20","VR","1602","","26","SCHEDULER FOR SCHEDULING DE-CONFLICTION AND SITUATIONAL AWARENESS.","2","Added",""
"2025/02/20","VR","1602","","30","(7) IN ADDITION TO LANSING RADIO ON 255.4, CONTACT BLACK TALON ON 234.9","2","Added",""
"2025/02/20","VR","1602","","31","FOR ENTRY/EXIT AND SITUATIONAL AWARENESS.","2","Added",""
