"EFF_DATE","ROUTE_TYPE_CODE","ROUTE_ID","ARTCC","ROUTE_PT_SEQ","ROUTE_PT_ID","NEXT_ROUTE_PT_ID","SEGMENT_TEXT","LAT_DEG","LAT_MIN","LAT_SEC","LAT_HEMIS","LAT_DECIMAL","LONG_DEG","LONG_MIN","LONG_SEC","LONG_HEMIS","LONG_DECIMAL","NAV_ID","NAVAID_BEARING","NAVAID_DIST","File","Action","Mods"
"2024/12/26","IR","080","ZDC ZID ZTL","70","G","H","(1) AS ASSIGNED TO (2) 80 MSL-100 MSL","37","38","0","N","37.63333333","80","53","0","W","-80.88333333","BKW","134","14","1","Modified","NAV_ID NAVAID_BEARING NAVAID_DIST"
"2025/02/20","IR","080","ZDC ZID ZTL","70","G","H","(1) AS ASSIGNED TO (2) 80 MSL-100 MSL","37","38","0","N","37.63333333","80","53","0","W","-80.88333333","BLF","40","25","2","Modified","NAV_ID NAVAID_BEARING NAVAID_DIST"
"2024/12/26","IR","080","ZDC ZID ZTL","80","H","I","(1) AS ASSIGNED TO (2) 80 MSL-100 MSL","38","10","0","N","38.16666666","81","12","0","W","-81.2","BKW","357","23","1","Modified","NAV_ID NAVAID_BEARING NAVAID_DIST"
"2025/02/20","IR","080","ZDC ZID ZTL","80","H","I","(1) AS ASSIGNED TO (2) 80 MSL-100 MSL","38","10","0","N","38.16666666","81","12","0","W","-81.2","HVQ","115","29","2","Modified","NAV_ID NAVAID_BEARING NAVAID_DIST"
"2024/12/26","IR","715","ZDC","70","G","H","(1) 80 MSL TO","37","48","0","N","37.8","80","26","0","W","-80.43333333","BKW","94","33","1","Modified","NAV_ID NAVAID_BEARING NAVAID_DIST"
"2025/02/20","IR","715","ZDC","70","G","H","(1) 80 MSL TO","37","48","0","N","37.8","80","26","0","W","-80.43333333","ROA","332","32","2","Modified","NAV_ID NAVAID_BEARING NAVAID_DIST"
"2024/12/26","IR","723","ZDC ZID ZTL","20","B","C","(1) 90 MSL TO (2) OR AS ASSIGNED","38","10","0","N","38.16666666","81","12","0","W","-81.2","BKW","357","23","1","Modified","NAV_ID NAVAID_BEARING NAVAID_DIST"
"2025/02/20","IR","723","ZDC ZID ZTL","20","B","C","(1) 90 MSL TO (2) OR AS ASSIGNED","38","10","0","N","38.16666666","81","12","0","W","-81.2","HVQ","115","29","2","Modified","NAV_ID NAVAID_BEARING NAVAID_DIST"
"2024/12/26","IR","723","ZDC ZID ZTL","30","C","D","(1) 90 MSL TO (2) OR AS ASSIGNED","37","38","0","N","37.63333333","80","53","0","W","-80.88333333","BKW","134","14","1","Modified","NAV_ID NAVAID_BEARING NAVAID_DIST"
"2025/02/20","IR","723","ZDC ZID ZTL","30","C","D","(1) 90 MSL TO (2) OR AS ASSIGNED","37","38","0","N","37.63333333","80","53","0","W","-80.88333333","BLF","40","25","2","Modified","NAV_ID NAVAID_BEARING NAVAID_DIST"
"2024/12/26","IR","761","ZDC ZID ZTL","50","E","F","(1) SFC B 60 MSL TO","37","31","0","N","37.51666666","80","59","0","W","-80.98333333","BKW","163","17","1","Modified","NAV_ID NAVAID_BEARING NAVAID_DIST"
"2025/02/20","IR","761","ZDC ZID ZTL","50","E","F","(1) SFC B 60 MSL TO","37","31","0","N","37.51666666","80","59","0","W","-80.98333333","BLF","42","16","2","Modified","NAV_ID NAVAID_BEARING NAVAID_DIST"
"2024/12/26","IR","761","ZDC ZID ZTL","60","F","G","(1) SFC B 60 MSL TO","37","30","30","N","37.50833333","81","21","36","W","-81.36","BKW","221","20","1","Modified","NAV_ID NAVAID_BEARING NAVAID_DIST"
"2025/02/20","IR","761","ZDC ZID ZTL","60","F","G","(1) SFC B 60 MSL TO","37","30","30","N","37.50833333","81","21","36","W","-81.36","BLF","330","14","2","Modified","NAV_ID NAVAID_BEARING NAVAID_DIST"
"2024/12/26","IR","761","ZDC ZID ZTL","110","K","L","(1) 60 MSL TO (2) OR 70 MSL AS ASSIGNED","38","9","0","N","38.15","81","11","0","W","-81.18333333","BKW","359","22","1","Modified","NAV_ID NAVAID_BEARING NAVAID_DIST"
"2025/02/20","IR","761","ZDC ZID ZTL","110","K","L","(1) 60 MSL TO (2) OR 70 MSL AS ASSIGNED","38","9","0","N","38.15","81","11","0","W","-81.18333333","HVQ","116","30","2","Modified","NAV_ID NAVAID_BEARING NAVAID_DIST"
"2024/12/26","IR","761","ZDC ZID ZTL","120","L","","(1) 60 MSL TO (2) OR 70 MSL AS ASSIGNED","38","10","0","N","38.16666666","80","36","0","W","-80.6","BKW","53","34","1","Modified","NAV_ID NAVAID_BEARING NAVAID_DIST"
"2025/02/20","IR","761","ZDC ZID ZTL","120","L","","(1) 60 MSL TO (2) OR 70 MSL AS ASSIGNED","38","10","0","N","38.16666666","80","36","0","W","-80.6","HVQ","104","56","2","Modified","NAV_ID NAVAID_BEARING NAVAID_DIST"
"2024/12/26","VR","041","ZDC ZTL","50","E","F","(1) 01 AGL B 95 MSL TO","37","25","0","N","37.41666666","81","26","0","W","-81.43333333","BKW","220","26","1","Modified","NAV_ID NAVAID_BEARING NAVAID_DIST"
"2025/02/20","VR","041","ZDC ZTL","50","E","F","(1) 01 AGL B 95 MSL TO","37","25","0","N","37.41666666","81","26","0","W","-81.43333333","BLF","303","13","2","Modified","NAV_ID NAVAID_BEARING NAVAID_DIST"
"2024/12/26","VR","1601","","30","C","D","(1) 03 B 15 AGL TO","45","0","0","N","45","84","15","0","W","-84.25","","","","1","Modified","NAV_ID NAVAID_BEARING NAVAID_DIST"
"2025/02/20","VR","1601","","30","C","D","(1) 03 B 15 AGL TO","45","0","0","N","45","84","15","0","W","-84.25","APN","268","30","2","Modified","NAV_ID NAVAID_BEARING NAVAID_DIST"
"2024/12/26","VR","1601","","40","D","E","(1) 03 B 15 AGL TO","44","56","0","N","44.93333333","84","29","0","W","-84.48333333","","","","1","Modified","NAV_ID NAVAID_BEARING NAVAID_DIST"
"2025/02/20","VR","1601","","40","D","E","(1) 03 B 15 AGL TO","44","56","0","N","44.93333333","84","29","0","W","-84.48333333","APN","265","40","2","Modified","NAV_ID NAVAID_BEARING NAVAID_DIST"
"2024/12/26","VR","1601","","50","E","","(1) 03 B 15 AGL TO","44","53","0","N","44.88333333","84","34","0","W","-84.56666666","","","","1","Modified","NAV_ID NAVAID_BEARING NAVAID_DIST"
"2025/02/20","VR","1601","","50","E","","(1) 03 B 15 AGL TO","44","53","0","N","44.88333333","84","34","0","W","-84.56666666","APN","262","45","2","Modified","NAV_ID NAVAID_BEARING NAVAID_DIST"
"2024/12/26","VR","1602","","10","A","B","(1) 03 B 15 AGL TO","44","53","0","N","44.88333333","84","34","0","W","-84.56666666","","","","1","Modified","NAV_ID NAVAID_BEARING NAVAID_DIST"
"2025/02/20","VR","1602","","10","A","B","(1) 03 B 15 AGL TO","44","53","0","N","44.88333333","84","34","0","W","-84.56666666","APN","262","45","2","Modified","NAV_ID NAVAID_BEARING NAVAID_DIST"
"2024/12/26","VR","1602","","20","B","C","(1) 03 B 15 AGL TO","44","56","0","N","44.93333333","84","29","0","W","-84.48333333","","","","1","Modified","NAV_ID NAVAID_BEARING NAVAID_DIST"
"2025/02/20","VR","1602","","20","B","C","(1) 03 B 15 AGL TO","44","56","0","N","44.93333333","84","29","0","W","-84.48333333","APN","265","40","2","Modified","NAV_ID NAVAID_BEARING NAVAID_DIST"
"2024/12/26","VR","1602","","30","C","D","(1) 03 B 15 AGL TO","45","0","0","N","45","84","15","0","W","-84.25","","","","1","Modified","NAV_ID NAVAID_BEARING NAVAID_DIST"
"2025/02/20","VR","1602","","30","C","D","(1) 03 B 15 AGL TO","45","0","0","N","45","84","15","0","W","-84.25","APN","268","30","2","Modified","NAV_ID NAVAID_BEARING NAVAID_DIST"
