"EFF_DATE","NAV_ID","NAV_TYPE","STATE_CODE","CITY","COUNTRY_CODE","NAV_STATUS","NAME","STATE_NAME","REGION_CODE","COUNTRY_NAME","FAN_MARKER","OWNER","OPERATOR","NAS_USE_FLAG","PUBLIC_USE_FLAG","NDB_CLASS_CODE","OPER_HOURS","HIGH_ALT_ARTCC_ID","HIGH_ARTCC_NAME","LOW_ALT_ARTCC_ID","LOW_ARTCC_NAME","LAT_DEG","LAT_MIN","LAT_SEC","LAT_HEMIS","LAT_DECIMAL","LONG_DEG","LONG_MIN","LONG_SEC","LONG_HEMIS","LONG_DECIMAL","SURVEY_ACCURACY_CODE","TACAN_DME_STATUS","TACAN_DME_LAT_DEG","TACAN_DME_LAT_MIN","TACAN_DME_LAT_SEC","TACAN_DME_LAT_HEMIS","TACAN_DME_LAT_DECIMAL","TACAN_DME_LONG_DEG","TACAN_DME_LONG_MIN","TACAN_DME_LONG_SEC","TACAN_DME_LONG_HEMIS","TACAN_DME_LONG_DECIMAL","ELEV","MAG_VARN","MAG_VARN_HEMIS","MAG_VARN_YEAR","SIMUL_VOICE_FLAG","PWR_OUTPUT","AUTO_VOICE_ID_FLAG","MNT_CAT_CODE","VOICE_CALL","CHAN","FREQ","MKR_IDENT","MKR_SHAPE","MKR_BRG","ALT_CODE","DME_SSV","LOW_NAV_ON_HIGH_CHART_FLAG","Z_MKR_FLAG","FSS_ID","FSS_NAME","FSS_HOURS","NOTAM_ID","QUAD_IDENT","PITCH_FLAG","CATCH_FLAG","SUA_ATCAA_FLAG","RESTRICTION_FLAG","HIWAS_FLAG","File","Action","Mods"
"2025/01/23","AAT","DME","CA","ALTURAS","US","OPERATIONAL RESTRICTED","ALTURAS","CALIFORNIA","AWP","UNITED STATES","","F-FEDERAL AVIATION ADMINISTRATION","F-FEDERAL AVIATION ADMINISTRATION","Y","Y","","24","ZSE","SEATTLE","ZSE","SEATTLE","41","29","0.074","N","41.48335388","120","33","41.55","W","-120.56154166","","OPERATIONAL RESTRICTED","41","29","0.074","N","41.48335388","120","33","41.55","W","-120.56154166","4378","","","","N","","N","1","NONE","113Y","116.65","","","","","H","","","RNO","RENO","24","AAT","","N","N","N","","","1","Modified","DME_SSV"
"2025/02/20","AAT","DME","CA","ALTURAS","US","OPERATIONAL RESTRICTED","ALTURAS","CALIFORNIA","AWP","UNITED STATES","","F-FEDERAL AVIATION ADMINISTRATION","F-FEDERAL AVIATION ADMINISTRATION","Y","Y","","24","ZSE","SEATTLE","ZSE","SEATTLE","41","29","0.074","N","41.48335388","120","33","41.55","W","-120.56154166","","OPERATIONAL RESTRICTED","41","29","0.074","N","41.48335388","120","33","41.55","W","-120.56154166","4378","","","","N","","N","1","NONE","113Y","116.65","","","","","DH","","","RNO","RENO","24","AAT","","N","N","N","","","2","Modified","DME_SSV"
"2025/01/23","BKW","VOR/DME","WV","BECKLEY","US","OPERATIONAL RESTRICTED","BECKLEY","WEST VIRGINIA","AEA","UNITED STATES","","F-FEDERAL AVIATION ADMIN","F-FEDERAL AVIATION ADMIN","Y","Y","","24","ZID","INDIANAPOLIS","ZID","INDIANAPOLIS","37","46","49.0788","N","37.78029966","81","7","24.4398","W","-81.1234555","6","OPERATIONAL RESTRICTED","37","46","49.0788","N","37.78029966","81","7","24.4398","W","-81.1234555","2517","6","W","1985","N","","N","1","NONE","124X","117.7","","","","H","DH","","","EKN","ELKINS","24","BKW","","N","N","N","","","2","Deleted",""
"2025/01/23","BQN","VORTAC","PR","AGUADILLA","US","OPERATIONAL RESTRICTED","BORINQUEN","PUERTO RICO","ASO","UNITED STATES","","F-FEDERAL AVIATION ADMIN","F-FEDERAL AVIATION ADMIN","Y","Y","","24","ZSU","SAN JUAN","ZSU","SAN JUAN","18","29","52.808","N","18.49800222","67","6","30.0572","W","-67.10834922","5","","18","29","54.2459","N","18.49840163","67","6","30.319","W","-67.10842194","214.2","10","W","1985","N","","N","3","NONE","82X","113.5","","","","H","H","","","SJU","SAN JUAN","24","TJBQ","","N","N","N","","","1","Modified","LAT_SEC LONG_SEC TACAN_DME_LAT_SEC TACAN_DME_LAT_DECIMAL TACAN_DME_LONG_SEC TACAN_DME_LONG_DECIMAL ELEV"
"2025/02/20","BQN","VORTAC","PR","AGUADILLA","US","OPERATIONAL RESTRICTED","BORINQUEN","PUERTO RICO","ASO","UNITED STATES","","F-FEDERAL AVIATION ADMIN","F-FEDERAL AVIATION ADMIN","Y","Y","","24","ZSU","SAN JUAN","ZSU","SAN JUAN","18","29","54.2518","N","18.49800222","67","6","30.3177","W","-67.10834922","5","","18","29","54.2518","N","18.49840327","67","6","30.3177","W","-67.10842158","222.9","10","W","1985","N","","N","3","NONE","82X","113.5","","","","H","H","","","SJU","SAN JUAN","24","TJBQ","","N","N","N","","","2","Modified","LAT_SEC LONG_SEC TACAN_DME_LAT_SEC TACAN_DME_LAT_DECIMAL TACAN_DME_LONG_SEC TACAN_DME_LONG_DECIMAL ELEV"
"2025/01/23","BRG","DME","NM","BELEN","US","OPERATIONAL RESTRICTED","BELEN","NEW MEXICO","ASW","UNITED STATES","","F-FEDERAL AVIATION ADMINISTRATION","F-FEDERAL AVIATION ADMINISTRATION","Y","Y","","24","ZAB","ALBUQUERQUE","ZAB","ALBUQUERQUE","34","38","59","N","34.64972222","106","49","59","W","-106.83305555","0","OPERATIONAL RESTRICTED","34","38","59","N","34.64972222","106","49","59","W","-106.83305555","5190","","","","N","","N","1","NONE","94Y","114.75","","","","","H","","","ABQ","ALBUQUERQUE","24","BRG","","N","N","N","","","1","Modified","DME_SSV"
"2025/02/20","BRG","DME","NM","BELEN","US","OPERATIONAL RESTRICTED","BELEN","NEW MEXICO","ASW","UNITED STATES","","F-FEDERAL AVIATION ADMINISTRATION","F-FEDERAL AVIATION ADMINISTRATION","Y","Y","","24","ZAB","ALBUQUERQUE","ZAB","ALBUQUERQUE","34","38","59","N","34.64972222","106","49","59","W","-106.83305555","0","OPERATIONAL RESTRICTED","34","38","59","N","34.64972222","106","49","59","W","-106.83305555","5190","","","","N","","N","1","NONE","94Y","114.75","","","","","DH","","","ABQ","ALBUQUERQUE","24","BRG","","N","N","N","","","2","Modified","DME_SSV"
"2025/01/23","BWG","DME","KY","BOWLING GREEN","US","OPERATIONAL RESTRICTED","BOWLING GREEN","KENTUCKY","ASO","UNITED STATES","","F-FEDERAL AVIATION ADMIN","F-FEDERAL AVIATION ADMIN","Y","Y","","24","ZME","MEMPHIS","ZME","MEMPHIS","36","57","52","N","36.92874119","86","25","24","W","-86.44343386","6","OPERATIONAL RESTRICTED","36","57","52","N","36.96444444","86","25","24","W","-86.42333333","528","","","","N","","N","1","NONE","80Y","113.35","","","","","DH","","","LOU","LOUISVILLE","24","BWG","","N","N","N","","","1","Modified","LAT_DECIMAL LONG_DECIMAL"
"2025/02/20","BWG","DME","KY","BOWLING GREEN","US","OPERATIONAL RESTRICTED","BOWLING GREEN","KENTUCKY","ASO","UNITED STATES","","F-FEDERAL AVIATION ADMIN","F-FEDERAL AVIATION ADMIN","Y","Y","","24","ZME","MEMPHIS","ZME","MEMPHIS","36","57","52","N","36.96444444","86","25","24","W","-86.42333333","6","OPERATIONAL RESTRICTED","36","57","52","N","36.96444444","86","25","24","W","-86.42333333","528","","","","N","","N","1","NONE","80Y","113.35","","","","","DH","","","LOU","LOUISVILLE","24","BWG","","N","N","N","","","2","Modified","LAT_DECIMAL LONG_DECIMAL"
"2025/01/23","DYY","DME","NV","DYER","US","OPERATIONAL IFR","DYER","NEVADA","AWP","UNITED STATES","","F-FEDERAL AVIATION ADMINISTRATION","F-FEDERAL AVIATION ADMINISTRATION","Y","Y","","24","ZLC","SALT LAKE CITY","ZLC","SALT LAKE CITY","37","36","42.3587","N","37.6117663","118","0","29.408","W","-118.00816888","0","","37","36","42.3587","N","37.6117663","118","0","29.408","W","-118.00816888","4888","","","","N","","N","1","NO VOICE","87Y","114.05","","","","","H","","","RNO","RENO","24","DYY","","N","N","N","","","1","Modified","NAV_STATUS TACAN_DME_STATUS DME_SSV"
"2025/02/20","DYY","DME","NV","DYER","US","OPERATIONAL RESTRICTED","DYER","NEVADA","AWP","UNITED STATES","","F-FEDERAL AVIATION ADMINISTRATION","F-FEDERAL AVIATION ADMINISTRATION","Y","Y","","24","ZLC","SALT LAKE CITY","ZLC","SALT LAKE CITY","37","36","42.3587","N","37.6117663","118","0","29.408","W","-118.00816888","0","OPERATIONAL RESTRICTED","37","36","42.3587","N","37.6117663","118","0","29.408","W","-118.00816888","4888","","","","N","","N","1","NO VOICE","87Y","114.05","","","","","DH","","","RNO","RENO","24","DYY","","N","N","N","","","2","Modified","NAV_STATUS TACAN_DME_STATUS DME_SSV"
"2025/01/23","EIL","TACAN","AK","FAIRBANKS","US","OPERATIONAL RESTRICTED","EIELSON","ALASKA","AAL","UNITED STATES","","A-US AIR FORCE","A-US AIR FORCE","Y","Y","","24","ZAN","ANCHORAGE","ZAN","ANCHORAGE","64","39","13.66","N","64.65379444","147","5","38.32","W","-147.09397777","4","","64","39","13.67","N","64.65379722","147","5","38.21","W","-147.09394722","542.4","19","E","2015","N","","N","1","NONE","98X","115.1","","","","","H","","","FAI","FAIRBANKS","24","EIL","","N","N","N","","","1","Modified","TACAN_DME_LAT_SEC TACAN_DME_LAT_DECIMAL TACAN_DME_LONG_SEC TACAN_DME_LONG_DECIMAL"
"2025/02/20","EIL","TACAN","AK","FAIRBANKS","US","OPERATIONAL RESTRICTED","EIELSON","ALASKA","AAL","UNITED STATES","","A-US AIR FORCE","A-US AIR FORCE","Y","Y","","24","ZAN","ANCHORAGE","ZAN","ANCHORAGE","64","39","13.66","N","64.65379444","147","5","38.32","W","-147.09397777","4","","64","39","13.66","N","64.65379444","147","5","38.32","W","-147.09397777","542.4","19","E","2015","N","","N","1","NONE","98X","115.1","","","","","H","","","FAI","FAIRBANKS","24","EIL","","N","N","N","","","2","Modified","TACAN_DME_LAT_SEC TACAN_DME_LAT_DECIMAL TACAN_DME_LONG_SEC TACAN_DME_LONG_DECIMAL"
"2025/01/23","ELZ","DME","NY","WELLSVILLE","US","OPERATIONAL RESTRICTED","WELLSVILLE","NEW YORK","AEA","UNITED STATES","","F-FEDERAL AVIATION ADMIN","F-FEDERAL AVIATION ADMIN","Y","Y","","24","ZOB","CLEVELAND","ZOB","CLEVELAND","42","5","22.7425","N","42.08965069","77","59","58.3763","W","-77.99954897","7","OPERATIONAL RESTRICTED","42","5","22.7425","N","42.08965069","77","59","58.3763","W","-77.99954897","2298.3","","","","N","","Y","1","NONE","105Y","115.85","","","","","L","Y","","BUF","BUFFALO","24","ELZ","","N","N","N","","","1","Modified","DME_SSV"
"2025/02/20","ELZ","DME","NY","WELLSVILLE","US","OPERATIONAL RESTRICTED","WELLSVILLE","NEW YORK","AEA","UNITED STATES","","F-FEDERAL AVIATION ADMIN","F-FEDERAL AVIATION ADMIN","Y","Y","","24","ZOB","CLEVELAND","ZOB","CLEVELAND","42","5","22.7425","N","42.08965069","77","59","58.3763","W","-77.99954897","7","OPERATIONAL RESTRICTED","42","5","22.7425","N","42.08965069","77","59","58.3763","W","-77.99954897","2298.3","","","","N","","Y","1","NONE","105Y","115.85","","","","","DH","Y","","BUF","BUFFALO","24","ELZ","","N","N","N","","","2","Modified","DME_SSV"
"2025/01/23","FVI","DME","CA","FALL RIVER MILLS","US","OPERATIONAL IFR","FALL RIVER MILLS","CALIFORNIA","AWP","UNITED STATES","","F-FEDERAL AVIATION ADMINISTRATION","F-FEDERAL AVIATION ADMINISTRATION","Y","Y","","24","ZOA","OAKLAND","ZOA","OAKLAND","41","0","58.2","N","41.01616666","121","26","0.3","W","-121.43341666","0","OPERATIONAL IFR","41","0","58.2","N","41.01616666","121","26","0.3","W","-121.43341666","3328","","","","N","","N","1","NONE","116X","116.9","","","","","H","","","RIU","RANCHO MURIETA","24","RIU","","N","N","N","","","1","Modified","NAV_STATUS TACAN_DME_STATUS DME_SSV"
"2025/02/20","FVI","DME","CA","FALL RIVER MILLS","US","OPERATIONAL RESTRICTED","FALL RIVER MILLS","CALIFORNIA","AWP","UNITED STATES","","F-FEDERAL AVIATION ADMINISTRATION","F-FEDERAL AVIATION ADMINISTRATION","Y","Y","","24","ZOA","OAKLAND","ZOA","OAKLAND","41","0","58.2","N","41.01616666","121","26","0.3","W","-121.43341666","0","OPERATIONAL RESTRICTED","41","0","58.2","N","41.01616666","121","26","0.3","W","-121.43341666","3328","","","","N","","N","1","NONE","116X","116.9","","","","","DH","","","RIU","RANCHO MURIETA","24","RIU","","N","N","N","","","2","Modified","NAV_STATUS TACAN_DME_STATUS DME_SSV"
"2025/01/23","GDV","DME","MT","GLENDIVE","US","OPERATIONAL IFR","GLENDIVE","MONTANA","ANM","UNITED STATES","","F-FEDERAL AVIATION ADMINISTRATION","F-FEDERAL AVIATION ADMINISTRATION","Y","Y","","24","ZLC","SALT LAKE CITY","ZLC","SALT LAKE CITY","47","8","0.14","N","47.13337222","104","48","17.06","W","-104.80473888","","OPERATIONAL IFR","47","8","0.14","N","47.13337222","104","48","17.06","W","-104.80473888","2457","","","","N","","N","1","NONE","90Y","114.35","","","","","H","","","GTF","GREAT FALLS","24","GDV","","N","N","N","","","1","Modified","DME_SSV"
"2025/02/20","GDV","DME","MT","GLENDIVE","US","OPERATIONAL IFR","GLENDIVE","MONTANA","ANM","UNITED STATES","","F-FEDERAL AVIATION ADMINISTRATION","F-FEDERAL AVIATION ADMINISTRATION","Y","Y","","24","ZLC","SALT LAKE CITY","ZLC","SALT LAKE CITY","47","8","0.14","N","47.13337222","104","48","17.06","W","-104.80473888","","OPERATIONAL IFR","47","8","0.14","N","47.13337222","104","48","17.06","W","-104.80473888","2457","","","","N","","N","1","NONE","90Y","114.35","","","","","DH","","","GTF","GREAT FALLS","24","GDV","","N","N","N","","","2","Modified","DME_SSV"
"2025/01/23","MAF","VORTAC","TX","MIDLAND","US","OPERATIONAL RESTRICTED","MIDLAND","TEXAS","ASW","UNITED STATES","","F-FEDERAL AVIATION ADMIN","F-FEDERAL AVIATION ADMIN","Y","Y","","24","ZFW","FORT WORTH","ZFW","FORT WORTH","32","0","33.6422","N","32.00934505","102","11","25.3991","W","-102.19038863","6","","32","0","33.6422","N","32.00934505","102","11","25.3991","W","-102.19038863","2860","11","E","1965","N","","N","1","NONE","95X","114.8","","","","L","L","","","SJT","SAN ANGELO","24","MAF","","N","N","N","","","1","Modified","CHAN FREQ"
"2025/02/20","MAF","VORTAC","TX","MIDLAND","US","OPERATIONAL RESTRICTED","MIDLAND","TEXAS","ASW","UNITED STATES","","F-FEDERAL AVIATION ADMIN","F-FEDERAL AVIATION ADMIN","Y","Y","","24","ZFW","FORT WORTH","ZFW","FORT WORTH","32","0","33.6422","N","32.00934505","102","11","25.3991","W","-102.19038863","6","","32","0","33.6422","N","32.00934505","102","11","25.3991","W","-102.19038863","2860","11","E","1965","N","","N","1","NONE","73X","112.6","","","","L","L","","","SJT","SAN ANGELO","24","MAF","","N","N","N","","","2","Modified","CHAN FREQ"
"2025/01/23","MSP","VOR/DME","MN","MINNEAPOLIS","US","OPERATIONAL RESTRICTED","MINNEAPOLIS","MINNESOTA","AGL","UNITED STATES","","F-FEDERAL AVIATION ADMIN","F-FEDERAL AVIATION ADMIN","Y","Y","","24","ZMP","MINNEAPOLIS","ZMP","MINNEAPOLIS","44","53","47.3958","N","44.89649883","93","14","11.5137","W","-93.23653158","6","OPERATIONAL IFR","44","53","47.3958","N","44.89649883","93","14","11.5137","W","-93.23653158","831.6","2","E","2000","N","","Y","1","NONE","100X","115.3","","","","L","L","","","PNM","PRINCETON","24","MSP","","N","N","N","","","1","Modified","DME_SSV"
"2025/02/20","MSP","VOR/DME","MN","MINNEAPOLIS","US","OPERATIONAL RESTRICTED","MINNEAPOLIS","MINNESOTA","AGL","UNITED STATES","","F-FEDERAL AVIATION ADMIN","F-FEDERAL AVIATION ADMIN","Y","Y","","24","ZMP","MINNEAPOLIS","ZMP","MINNEAPOLIS","44","53","47.3958","N","44.89649883","93","14","11.5137","W","-93.23653158","6","OPERATIONAL IFR","44","53","47.3958","N","44.89649883","93","14","11.5137","W","-93.23653158","831.6","2","E","2000","N","","Y","1","NONE","100X","115.3","","","","L","DH","","","PNM","PRINCETON","24","MSP","","N","N","N","","","2","Modified","DME_SSV"
"2025/01/23","OBH","DME","NE","WOLBACH","US","OPERATIONAL IFR","WOLBACH","NEBRASKA","ACE","UNITED STATES","","F-FEDERAL AVIATION ADMIN","F-FEDERAL AVIATION ADMIN","Y","Y","","24","ZMP","MINNEAPOLIS","ZMP","MINNEAPOLIS","41","22","32.648","N","41.37573555","98","21","12.943","W","-98.35359527","6","","41","22","32.648","N","41.37573555","98","21","12.943","W","-98.35359527","2010","","","","N","","N","1","NONE","57X","112","","","","","H","","","OLU","COLUMBUS","24","OLU","","Y","N","N","","","1","Modified","TACAN_DME_STATUS DME_SSV"
"2025/02/20","OBH","DME","NE","WOLBACH","US","OPERATIONAL IFR","WOLBACH","NEBRASKA","ACE","UNITED STATES","","F-FEDERAL AVIATION ADMIN","F-FEDERAL AVIATION ADMIN","Y","Y","","24","ZMP","MINNEAPOLIS","ZMP","MINNEAPOLIS","41","22","32.648","N","41.37573555","98","21","12.943","W","-98.35359527","6","OPERATIONAL IFR","41","22","32.648","N","41.37573555","98","21","12.943","W","-98.35359527","2010","","","","N","","N","1","NONE","57X","112","","","","","DH","","","OLU","COLUMBUS","24","OLU","","Y","N","N","","","2","Modified","TACAN_DME_STATUS DME_SSV"
"2025/01/23","PAN","DME","AZ","PAYSON","US","OPERATIONAL RESTRICTED","PAYSON","ARIZONA","AWP","UNITED STATES","","F-FEDERAL AVIATION ADMINISTRATION","F-FEDERAL AVIATION ADMINISTRATION","Y","Y","","24","ZAB","ALBUQUERQUE","ZAB","ALBUQUERQUE","34","15","15.9376","N","34.25442711","111","20","6.7709","W","-111.33521413","0","OPERATIONAL RESTRICTED","34","15","15.9376","N","34.25442711","111","20","6.7709","W","-111.33521413","5224.8","","","","N","","N","1","NONE","110Y","116.35","","","","","DH","","","PRC","PRESCOTT","24","PRC","","N","N","N","","","1","Modified","LAT_SEC LAT_DECIMAL LONG_SEC LONG_DECIMAL TACAN_DME_LAT_SEC TACAN_DME_LAT_DECIMAL TACAN_DME_LONG_SEC TACAN_DME_LONG_DECIMAL ELEV"
"2025/02/20","PAN","DME","AZ","PAYSON","US","OPERATIONAL RESTRICTED","PAYSON","ARIZONA","AWP","UNITED STATES","","F-FEDERAL AVIATION ADMINISTRATION","F-FEDERAL AVIATION ADMINISTRATION","Y","Y","","24","ZAB","ALBUQUERQUE","ZAB","ALBUQUERQUE","34","15","15.9384","N","34.25442733","111","20","6.7721","W","-111.33521447","0","OPERATIONAL RESTRICTED","34","15","15.9384","N","34.25442733","111","20","6.7721","W","-111.33521447","5268.1","","","","N","","N","1","NONE","110Y","116.35","","","","","DH","","","PRC","PRESCOTT","24","PRC","","N","N","N","","","2","Modified","LAT_SEC LAT_DECIMAL LONG_SEC LONG_DECIMAL TACAN_DME_LAT_SEC TACAN_DME_LAT_DECIMAL TACAN_DME_LONG_SEC TACAN_DME_LONG_DECIMAL ELEV"
"2025/01/23","PVQ","NDB","AK","DEADHORSE","US","OPERATIONAL IFR","PUT RIVER","ALASKA","AAL","UNITED STATES","","F-FEDERAL AVIATION ADMIN","F-FEDERAL AVIATION ADMIN","Y","Y","HW","24","ZAN","ANCHORAGE","ZAN","ANCHORAGE","70","13","21.559","N","70.22265527","148","24","58.3744","W","-148.41621511","6","","","","","","","","","","","","51.3","17","E","2020","N","260","N","1","NONE","","376","","","","","","","N","SCC","DEADHORSE","0600-2130","SCC","","N","N","N","","","2","Deleted",""
"2025/01/23","SCB","VOR/DME","NE","SCRIBNER","US","OPERATIONAL IFR","SCRIBNER","NEBRASKA","ACE","UNITED STATES","","O-STATE OF NEBRASKA","O-STATE OF NEBRASKA","Y","Y","","24","ZMP","MINNEAPOLIS","ZMP","MINNEAPOLIS","41","36","17.1159","N","41.60475441","96","37","43.8188","W","-96.62883855","","","41","36","17.1159","N","41.60475441","96","37","43.8188","W","-96.62883855","1318.4","6","E","1995","N","","Y","3","NONE","47X","111","","","","T","T","","","OLU","COLUMBUS","24","OLU","","N","N","N","","","1","Modified","LAT_SEC LAT_DECIMAL LONG_SEC LONG_DECIMAL TACAN_DME_LAT_SEC TACAN_DME_LAT_DECIMAL TACAN_DME_LONG_SEC TACAN_DME_LONG_DECIMAL ELEV"
"2025/02/20","SCB","VOR/DME","NE","SCRIBNER","US","OPERATIONAL IFR","SCRIBNER","NEBRASKA","ACE","UNITED STATES","","O-STATE OF NEBRASKA","O-STATE OF NEBRASKA","Y","Y","","24","ZMP","MINNEAPOLIS","ZMP","MINNEAPOLIS","41","36","17.1131","N","41.60475363","96","37","43.8138","W","-96.62883716","","","41","36","17.1131","N","41.60475363","96","37","43.8138","W","-96.62883716","1318.2","6","E","1995","N","","Y","3","NONE","47X","111","","","","T","T","","","OLU","COLUMBUS","24","OLU","","N","N","N","","","2","Modified","LAT_SEC LAT_DECIMAL LONG_SEC LONG_DECIMAL TACAN_DME_LAT_SEC TACAN_DME_LAT_DECIMAL TACAN_DME_LONG_SEC TACAN_DME_LONG_DECIMAL ELEV"
"2025/01/23","SRI","NDB/DME","AK","ST GEORGE","US","OPERATIONAL RESTRICTED","PRIBILOF","ALASKA","AAL","UNITED STATES","","F-FEDERAL AVIATION ADMIN","F-FEDERAL AVIATION ADMIN","Y","Y","HW/DME","24","ZAN","ANCHORAGE","ZAN","ANCHORAGE","56","34","18.863","N","56.57190638","169","38","51.2211","W","-169.64756141","","OPERATIONAL RESTRICTED","56","34","19.9208","N","56.57220022","169","38","53.5322","W","-169.64820338","95.2","7","E","2020","N","50","N","1","NONE","96X","399","","","","","","","","ENA","KENAI","24","ENA","","N","N","N","","","1","Modified","NOTAM_ID"
"2025/02/20","SRI","NDB/DME","AK","ST GEORGE","US","OPERATIONAL RESTRICTED","PRIBILOF","ALASKA","AAL","UNITED STATES","","F-FEDERAL AVIATION ADMIN","F-FEDERAL AVIATION ADMIN","Y","Y","HW/DME","24","ZAN","ANCHORAGE","ZAN","ANCHORAGE","56","34","18.863","N","56.57190638","169","38","51.2211","W","-169.64756141","","OPERATIONAL RESTRICTED","56","34","19.9208","N","56.57220022","169","38","53.5322","W","-169.64820338","95.2","7","E","2020","N","50","N","1","NONE","96X","399","","","","","","","","ENA","KENAI","24","PBV","","N","N","N","","","2","Modified","NOTAM_ID"
"2025/01/23","TKO","VORTAC","KS","MANKATO","US","OPERATIONAL IFR","MANKATO","KANSAS","ACE","UNITED STATES","","F-FEDERAL AVIATION ADMIN","F-FEDERAL AVIATION ADMIN","Y","Y","","24","ZMP","MINNEAPOLIS","ZMP","MINNEAPOLIS","39","48","23.071","N","39.80640861","98","15","36.132","W","-98.26003666","7","","39","48","23.071","N","39.80640861","98","15","36.132","W","-98.26003666","1880","10","E","1965","N","","N","1","NONE","35X","109.8","","","","L","L","","","ICT","WICHITA","24","ICT","","N","N","N","","","2","Deleted",""
"2025/01/23","UUC","DME","NV","WINNEMUCCA","US","OPERATIONAL IFR","WINNIE","NEVADA","AWP","UNITED STATES","","F-FEDERAL AVIATION ADMINISTRATION","F-FEDERAL AVIATION ADMINISTRATION","Y","Y","","24","ZLA","LOS ANGELES","ZLA","LOS ANGELES","40","54","14.46","N","40.90401666","117","48","6.98","W","-117.80193888","0","OPERATIONAL IFR","40","54","14.46","N","40.90401666","117","48","6.98","W","-117.80193888","4305","","","","N","","N","1","NONE","85X","113.8","","","","","H","","","RNO","RENO","24","WMC","","N","N","N","","","1","Modified","NAV_STATUS TACAN_DME_STATUS DME_SSV"
"2025/02/20","UUC","DME","NV","WINNEMUCCA","US","OPERATIONAL RESTRICTED","WINNIE","NEVADA","AWP","UNITED STATES","","F-FEDERAL AVIATION ADMINISTRATION","F-FEDERAL AVIATION ADMINISTRATION","Y","Y","","24","ZLA","LOS ANGELES","ZLA","LOS ANGELES","40","54","14.46","N","40.90401666","117","48","6.98","W","-117.80193888","0","OPERATIONAL RESTRICTED","40","54","14.46","N","40.90401666","117","48","6.98","W","-117.80193888","4305","","","","N","","N","1","NONE","85X","113.8","","","","","DH","","","RNO","RENO","24","WMC","","N","N","N","","","2","Modified","NAV_STATUS TACAN_DME_STATUS DME_SSV"
"2025/01/23","VBI","VOR/DME","","KENORA","CA","OPERATIONAL IFR","SIOUX NARROWS","","","CANADA","","D-CANADIAN MINISTRY OF TRANSPORT","D-CANADIAN MINISTRY OF TRANSPORT","Y","Y","","24","","","","","49","28","37","N","49.47694444","94","2","48","W","-94.04666666","4","OPERATIONAL IFR","49","28","37","N","49.47694444","94","2","48","W","-94.04666666","1312","0","E","2020","N","","N","","NONE","99X","115.2","","","","H","","","","","","","","","N","N","N","","","2","Deleted",""
"2025/02/20","BKW","DME","WV","BECKLEY","US","OPERATIONAL RESTRICTED","BECKLEY","WEST VIRGINIA","AEA","UNITED STATES","","F-FEDERAL AVIATION ADMIN","F-FEDERAL AVIATION ADMIN","Y","Y","","24","ZID","INDIANAPOLIS","ZID","INDIANAPOLIS","37","46","49.0788","N","37.78029966","81","7","24.4398","W","-81.1234555","6","OPERATIONAL RESTRICTED","37","46","49.0788","N","37.78029966","81","7","24.4398","W","-81.1234555","2517","","","","N","","N","1","NONE","124X","117.7","","","","","DH","","","EKN","ELKINS","24","BKW","","N","N","N","","","2","Added",""
"2025/02/20","TKO","TACAN","KS","MANKATO","US","OPERATIONAL IFR","MANKATO","KANSAS","ACE","UNITED STATES","","F-FEDERAL AVIATION ADMIN","F-FEDERAL AVIATION ADMIN","Y","Y","","24","ZMP","MINNEAPOLIS","ZMP","MINNEAPOLIS","39","48","23.071","N","39.80640861","98","15","36.132","W","-98.26003666","7","","39","48","23.071","N","39.80640861","98","15","36.132","W","-98.26003666","1880","10","E","1965","N","","N","1","NONE","35X","109.8","","","","","L","","","ICT","WICHITA","24","ICT","","N","N","N","","","2","Added",""
"2025/02/20","VBI","DME","","KENORA","CA","OPERATIONAL IFR","SIOUX NARROWS","","","CANADA","","D-CANADIAN MINISTRY OF TRANSPORT","D-CANADIAN MINISTRY OF TRANSPORT","Y","Y","","24","","","","","49","28","37","N","49.47694444","94","2","48","W","-94.04666666","4","","49","28","37","N","49.47694444","94","2","48","W","-94.04666666","1312","","","","N","","N","","NONE","99X","","","","","","","","","","","","","","N","N","N","","","2","Added",""
