"EFF_DATE","NAV_ID","NAV_TYPE","STATE_CODE","CITY","COUNTRY_CODE","TAB_NAME","REF_COL_NAME","REF_COL_SEQ_NO","REMARK","File","Action","Mods"
"2025/01/23","BKW","VOR/DME","WV","BECKLEY","US","NAVIGATION_AID","GENERAL_REMARK","1","DME UNUSBL 080-215 BYD 15 NM.","2","Deleted",""
"2025/01/23","BKW","VOR/DME","WV","BECKLEY","US","NAVIGATION_AID","GENERAL_REMARK","2","VOR UNUSBL 070-200.","2","Deleted",""
"2025/01/23","BRG","DME","NM","BELEN","US","NAVIGATION_AID","GENERAL_REMARK","1","DME UNUSBL 067-077 BYD 10 NM BLW 12000 FT; 067-077 BYD 35 NM BLW 14000 FT; 080-110 BYD 7 NM BLW 12500 FT; 080-110 BYD 33 NM BLW 15500 FT; 218-228 BYD 10 NM BLW 11500 FT; 218-228 BYD 35 NM BLW 15500 FT; 277-287 BYD 12 NM BLW 10000 FT; 277-287 BYD 38 NM BLW 11000 FT.","1","Modified","REMARK"
"2025/02/20","BRG","DME","NM","BELEN","US","NAVIGATION_AID","GENERAL_REMARK","1","DME UNUSBL 067T-077T BYD 10 NM BLW 12000 FT; 067T-077T BYD 35 NM BLW 14000 FT; 080T-110T BYD 7 NM BLW 12500 FT; 080T-110T BYD 33 NM BLW 15500 FT; 218T-228T BYD 10 NM BLW 11500 FT; 218T-228T BYD 35 NM BLW 15500 FT; 277T-287T BYD 12 NM BLW 10000 FT; 277T-287T BYD 38 NM BLW 11000 FT.","2","Modified","REMARK"
"2025/01/23","DMA","TACAN","AZ","TUCSON","US","NAVIGATION_AID","GENERAL_REMARK","1","TACAN AZM UNUSBL 060-090 BYD 25 NM BLW 17500 FT; 280-290 BYD 25 NM BLW 17500 FT; 335-030 BYD 25 NM BLW 17500 FT.","1","Modified","REMARK"
"2025/02/20","DMA","TACAN","AZ","TUCSON","US","NAVIGATION_AID","GENERAL_REMARK","1","TACAN AZM UNUSBL 063-093 BYD 25 NM BLW 17500 FT; 283-293 BYD 25 NM BLW 17500 FT; 338-033 BYD 25 NM BLW 17500 FT.","2","Modified","REMARK"
"2025/01/23","DMA","TACAN","AZ","TUCSON","US","NAVIGATION_AID","GENERAL_REMARK","3","DME UNUSBL 060-090 BYD 25 NM BLW 17500 FT; 280-290 BYD 25 NM BLW 17500 FT; 335-030 BYD 25 NM BLW 17500 FT.","1","Modified","REMARK"
"2025/02/20","DMA","TACAN","AZ","TUCSON","US","NAVIGATION_AID","GENERAL_REMARK","3","DME UNUSBL 063-093 BYD 25 NM BLW 17500 FT; 283-293 BYD 25 NM BLW 17500 FT; 338-033 BYD 25 NM BLW 17500 FT.","2","Modified","REMARK"
"2025/01/23","DYY","DME","NV","DYER","US","NAVIGATION_AID","GENERAL_REMARK","1","DME UNUSBL 110-135 BYD 32 NM; 160-185 BYD 15 NM; 184-249; 250-316 BYD 15 NM; 355-109 BYD 10 NM.","1","Modified","REMARK"
"2025/02/20","DYY","DME","NV","DYER","US","NAVIGATION_AID","GENERAL_REMARK","1","DME UNUSBL 110T-135T BYD 32 NM; 160T-185T BYD 15 NM; 184T-249T; 250T-316T BYD 15 NM; 355T-109T BYD 10 NM.","2","Modified","REMARK"
"2025/01/23","JFN","DME","OH","JEFFERSON","US","NAVIGATION_AID","GENERAL_REMARK","1","DME UNUSBL 024T-139T BYD 25 NM; 140T-240T; 241T-256T BYD 25 NM; 276T-351T BYD 25 NM; 351T-023T.","1","Modified","REMARK"
"2025/02/20","JFN","DME","OH","JEFFERSON","US","NAVIGATION_AID","GENERAL_REMARK","1","DME UNUSBL 120T-255T; 355T-050T.","2","Modified","REMARK"
"2025/01/23","MBS","VOR/DME","MI","SAGINAW","US","NAVIGATION_AID","GENERAL_REMARK","2","DME UNUSBL 195-200 BYD 25 NM.","1","Modified","REMARK"
"2025/02/20","MBS","VOR/DME","MI","SAGINAW","US","NAVIGATION_AID","GENERAL_REMARK","2","DME UNUSBL 185-200 BYD 14 NM.","2","Modified","REMARK"
"2025/01/23","MSP","VOR/DME","MN","MINNEAPOLIS","US","NAVIGATION_AID","GENERAL_REMARK","1","VOR PORTION UNUSBL 260-270 BLO 4000 FT.","1","Modified","REMARK"
"2025/02/20","MSP","VOR/DME","MN","MINNEAPOLIS","US","NAVIGATION_AID","GENERAL_REMARK","1","VOR UNUSBL 260-270 BLW 4000 FT.","2","Modified","REMARK"
"2025/01/23","SCB","VOR/DME","NE","SCRIBNER","US","NAVIGATION_AID","GENERAL_REMARK","1","VOR UNMONITORED.","1","Modified","REMARK"
"2025/02/20","SCB","VOR/DME","NE","SCRIBNER","US","NAVIGATION_AID","GENERAL_REMARK","1","VOR UNMON.","2","Modified","REMARK"
"2025/02/20","BKW","DME","WV","BECKLEY","US","NAVIGATION_AID","GENERAL_REMARK","1","DME UNUSBL 080-215 BYD 15 NM.","2","Added",""
"2025/02/20","ONL","VORTAC","NE","O'NEILL","US","NAVIGATION_AID","GENERAL_REMARK","1","TACAN AZM UNUSBL 236-246 BLW 10000 FT.","2","Added",""
"2025/02/20","PHP","VOR/DME","SD","PHILIP","US","NAVIGATION_AID","GENERAL_REMARK","2","DME UNUSBL 285-320.","2","Added",""
