"Orig","Route String","Dest","Hours1","Type","Area","Altitude","Aircraft","Direction","Seq","DCNTR","ACNTR","File","Action","Mods"
"APF","APF MOANS MINEE MINEE5 ORL","ORL","","L","","","","","1","ZMA","ZJX","1","Modified","Route String"
"APF","APF MOANS MINEE MINEE6 ORL","ORL","","L","","","","","1","ZMA","ZJX","2","Modified","Route String"
"APF","APF FERAL BLFRG2 TPA","TPA","","H","","","","","3","ZMA","ZMA","1","Modified","Route String"
"APF","APF FERAL BLFRG3 TPA","TPA","","H","","","","","3","ZMA","ZMA","2","Modified","Route String"
"APF","APF FERAL BLFRG2 TPA","TPA","","L","","","","","1","ZMA","ZMA","1","Modified","Route String"
"APF","APF FERAL BLFRG3 TPA","TPA","","L","","","","","1","ZMA","ZMA","2","Modified","Route String"
"AZO","AZO FWA ZEKUS ARBAS RID MEEKR CVG CVG","CVG","","H","","","","","1","ZAU","ZID","1","Modified","Route String"
"AZO","AZO FWA ZEKUS ARBAS CVG","CVG","","H","","","","","1","ZAU","ZID","2","Modified","Route String"
"BDL","BDL HFD T216 THUMB ORCHA T320 BRIGS VCN9 ILG","ILG","1100-0300","L","","110-170","NON-TURBOJET","","2","ZBW","ZNY","1","Modified","Route String"
"BDL","BDL HFD T216 THUMB ORCHA T320 BRIGS ACY V184 OOD ILG","ILG","1100-0300","L","","110-170","NON-TURBOJET","","2","ZBW","ZNY","2","Modified","Route String"
"BDL","BDL HFD T216 THUMB ORCHA T320 BRIGS VCN9 PNE","PNE","1100-0300","L","","110-170","NON-TURBOJET","","3","ZBW","ZNY","1","Modified","Route String"
"BDL","BDL HFD T216 THUMB ORCHA T320 BRIGS ACY V184 OOD PNE","PNE","1100-0300","L","","110-170","NON-TURBOJET","","3","ZBW","ZNY","2","Modified","Route String"
"BFI","BFI TAOMA J5 SUMMA Q9 REBRG ROKKR2 BUR","BUR","","H","","FL240 AND ABOVE","","","1","ZSE","ZLA","1","Modified","Route String"
"BFI","BFI TAOMA J5 SUMMA Q9 REBRG ROKKR3 BUR","BUR","","H","","FL240 AND ABOVE","","","1","ZSE","ZLA","2","Modified","Route String"
"BFI","BFI TAOMA J5 SUMMA Q9 SUNBE FRA REBRG BONJO2 SMO","SMO","","H","","FL240 AND ABOVE","","","1","ZSE","ZLA","1","Modified","Route String"
"BFI","BFI TAOMA J5 SUMMA Q9 SUNBE FRA REBRG BONJO3 SMO","SMO","","H","","FL240 AND ABOVE","","","1","ZSE","ZLA","2","Modified","Route String"
"BFI","BFI TAOMA J5 SUMMA Q9 SUNBE FRA REBRG IVINS1 VNY","VNY","","H","","FL240 AND ABOVE","","","1","ZSE","ZLA","1","Modified","Route String"
"BFI","BFI TAOMA J5 SUMMA Q9 SUNBE FRA REBRG IVINS2 VNY","VNY","","H","","FL240 AND ABOVE","","","1","ZSE","ZLA","2","Modified","Route String"
"BOS","BOS BOS SSOXS LUCOS SEY ORCHA T320 BRIGS VCN9 ILG","ILG","1100-0300","L","","110-170","JETS","","3","ZBW","ZNY","1","Modified","Route String"
"BOS","BOS BOS SSOXS LUCOS SEY ORCHA T320 BRIGS JIIMS4 ILG","ILG","1100-0300","L","","110-170","JETS","","3","ZBW","ZNY","2","Modified","Route String"
"BOS","BOS BOS SSOXS LUCOS SEY ORCHA T320 BRIGS VCN9 PNE","PNE","1100-0300","L","","110-170","JETS","","8","ZBW","ZNY","1","Modified","Route String"
"BOS","BOS BOS SSOXS LUCOS SEY ORCHA T320 BRIGS JIIMS4 PNE","PNE","1100-0300","L","","110-170","JETS","","8","ZBW","ZNY","2","Modified","Route String"
"BOS","BOS HYLND7 HYLND HANAA Q816 HOCKE BAE DBQ FOD ONL J94 OCS NORDK6 SLC","SLC","1100-0300","H","","","TURBOJETS ONLY: DME/DME/IRU OR GPS REQUIRED","","1","ZBW","ZLC","1","Modified","Route String"
"BOS","BOS HYLND7 HYLND HANAA Q816 HOCKE BAE DBQ FOD ONL J94 BFF CKW CARTR1 SLC","SLC","1100-0300","H","","","TURBOJETS ONLY: DME/DME/IRU OR GPS REQUIRED","","1","ZBW","ZLC","2","Modified","Route String"
"BWI","BWI LINSE1 JERES J211 JST UPPRR TRYBE4 CLE","CLE","","H","","","TURBOJETS","","1","ZDC","ZOB","1","Modified","Route String"
"BWI","BWI LINSE2 JERES J211 JST UPPRR TRYBE4 CLE","CLE","","H","","","TURBOJETS","","1","ZDC","ZOB","2","Modified","Route String"
"BWI","BWI FOXHL1 RAMAY Q72 HACKS SCRLT SCRLT2 CMH","CMH","","H","","","TURBOJETS","","1","ZDC","ZID","1","Modified","Route String"
"BWI","BWI FOXHL1 RAMAY Q72 HACKS SCRLT2 CMH","CMH","","H","","","TURBOJETS","","1","ZDC","ZID","2","Modified","Route String"
"BWI","BWI LINSE1 JERES Q227 STUBN SYR ART DEANS-STAR CYOW","CYOW","","H","","","","","1","ZDC","ZUL","1","Modified","Route String"
"BWI","BWI LINSE2 JERES Q227 STUBN SYR ART DEANS-STAR CYOW","CYOW","","H","","","","","1","ZDC","ZUL","2","Modified","Route String"
"BWI","BWI LINSE1 JERES Q221 DLMAR WOZEE LINNG-STAR CYYZ","CYYZ","","H","","","","","1","ZDC","ZYZ","1","Modified","Route String"
"BWI","BWI LINSE2 JERES Q221 DLMAR WOZEE LINNG-STAR CYYZ","CYYZ","","H","","","","","1","ZDC","ZYZ","2","Modified","Route String"
"BWI","BWI LINSE1 MCRAY Q178 KOZAR FOREY2 DET","DET","","H","TO DETROIT SATS(DET,ARB,PTK,YIP,CYQG)","","TURBOJETS: DME/DME/IRU OR GPS REQUIRED","","1","ZDC","ZOB","1","Modified","Route String"
"BWI","BWI LINSE2 MCRAY Q178 KOZAR FOREY2 DET","DET","","H","TO DETROIT SATS(DET,ARB,PTK,YIP,CYQG)","","TURBOJETS: DME/DME/IRU OR GPS REQUIRED","","1","ZDC","ZOB","2","Modified","Route String"
"BWI","BWI LINSE1 MCRAY Q178 KOZAR KLYNK3 DTW","DTW","","H","","","","","3","ZDC","ZOB","1","Modified","Route String"
"BWI","BWI LINSE2 MCRAY Q178 KOZAR KLYNK3 DTW","DTW","","H","","","","","3","ZDC","ZOB","2","Modified","Route String"
"BWI","BWI LINSE1 MCRAY Q178 KOZAR BONZZ2 DTW","DTW","","H","","","","","4","ZDC","ZOB","1","Modified","Route String"
"BWI","BWI LINSE2 MCRAY Q178 KOZAR BONZZ2 DTW","DTW","","H","","","","","4","ZDC","ZOB","2","Modified","Route String"
"BWI","BWI TERPZ8 GLANC FUBLL JUNNR GSP","GSP","","H","","","","","1","ZDC","ZTL","1","Modified","Route String"
"BWI","BWI TERPZ8 GLANC FUBLL JUNNR4 GSP","GSP","","H","","","","","1","ZDC","ZTL","2","Modified","Route String"
"BWI","BWI DUKPN1 DONIL SIE BRIGS Q439 SARDI CCC ISP","ISP","1100-0300","H","","","TURBOJETS","","1","ZDC","ZNY","1","Modified","Route String Aircraft"
"BWI","BWI DUKPN1 DONIL WNSTN Q439 SARDI CCC ISP","ISP","1100-0300","H","","","","","1","ZDC","ZNY","2","Modified","Route String Aircraft"
"BWI","BWI FOXHL1 RAMAY Q72 HACKS SCRLT SCRLT2 LCK","LCK","","H","","","","","1","ZDC","ZID","1","Modified","Route String"
"BWI","BWI FOXHL1 RAMAY Q72 HACKS SCRLT2 LCK","LCK","","H","","","","","1","ZDC","ZID","2","Modified","Route String"
"BWI","BWI LINSE1 MCRAY Q178 DJB J34 CRL PEGEE GETCH LYSTR SUDDS MKE","MKE","","H","","","TURBOJETS","","1","ZDC","ZAU","1","Modified","Route String"
"BWI","BWI LINSE2 MCRAY Q178 DJB J34 CRL PEGEE GETCH LYSTR SUDDS MKE","MKE","","H","","","TURBOJETS","","1","ZDC","ZAU","2","Modified","Route String"
"BWI","BWI LINSE1 MCRAY Q178 DJB J34 VIO KAMMA KKILR3 MSP","MSP","","H","","","TURBOJETS","","1","ZDC","ZMP","1","Modified","Route String"
"BWI","BWI LINSE2 MCRAY Q178 DJB J34 VIO KAMMA KKILR3 MSP","MSP","","H","","","TURBOJETS","","1","ZDC","ZMP","2","Modified","Route String"
"BWI","BWI LINSE1 MCRAY Q178 LEJOY DEMME5 PIT","PIT","","H","","","TURBOJETS","","1","ZDC","ZOB","1","Modified","Route String"
"BWI","BWI LINSE2 MCRAY Q178 LEJOY DEMME5 PIT","PIT","","H","","","TURBOJETS","","1","ZDC","ZOB","2","Modified","Route String"
"BWI","BWI LINSE1 JERES Q227 STUBN GIBBE ROC","ROC","1100-0300","H","","","TURBOJETS","","1","ZDC","ZOB","1","Modified","Route String"
"BWI","BWI LINSE2 JERES Q227 STUBN GIBBE ROC","ROC","1100-0300","H","","","TURBOJETS","","1","ZDC","ZOB","2","Modified","Route String"
"BWI","BWI LINSE1 JERES Q227 STENT CFB T335 CORTA SYR","SYR","","H","","","TURBOJET","","1","ZDC","ZBW","1","Modified","Route String"
"BWI","BWI LINSE2 JERES Q227 STENT CFB T335 CORTA SYR","SYR","","H","","","TURBOJET","","1","ZDC","ZBW","2","Modified","Route String"
"CHO","CHO GVE AIROW CHSLY6 CLT","CLT","","H","","AOB FL240","","","1","ZDC","ZTL","1","Modified","Route String Altitude"
"CHO","CHO AIROW CHSLY6 CLT","CLT","","H","","","","","1","ZDC","ZTL","2","Modified","Route String Altitude"
"CHO","CHO RICCS HACKS J149 ROD WATSN4 ORD","ORD","","H","","","","","1","ZDC","ZAU","1","Modified","Route String"
"CHO","CHO EKN GEFFS J149 ROD WATSN4 ORD","ORD","","H","","","","","1","ZDC","ZAU","2","Modified","Route String"
"CHS","CHS MLTRE3 JYMSE SCAMS BKW JAMOX BONZZ2 DTW","DTW","","H","","","","","2","ZJX","ZOB","1","Modified","Route String"
"CHS","CHS MLTRE3 JYMSE SCAMS SITTR JAMOX BONZZ2 DTW","DTW","","H","","","","","2","ZJX","ZOB","2","Modified","Route String"
"CHS","CHS MLTRE3 JYMSE SCAMS BKW JAMOX KLYNK3 DTW","DTW","","H","","","","","3","ZJX","ZOB","1","Modified","Route String"
"CHS","CHS MLTRE3 JYMSE SCAMS SITTR JAMOX KLYNK3 DTW","DTW","","H","","","","","3","ZJX","ZOB","2","Modified","Route String"
"CHS","CHS PLMTO3 CRE RAPZZ Q135 CUDLE Q117 SAWED Q97 ZJAAY JIIMS4 PHL","PHL","","H","TO ILG,MQS,PHL,PNE,TTN","","","","2","ZJX","ZNY","1","Modified","Route String"
"CHS","CHS PLMTO3 CRE RAPZZ Q135 RREGG Q117 SAWED Q97 ZJAAY JIIMS4 PHL","PHL","","H","TO ILG,MQS,PHL,PNE,TTN","","","","2","ZJX","ZNY","2","Modified","Route String"
"CLE","CLE CAVVS4 APE BKW FRIKY ALDAN4 RDU","RDU","","H","FROM CLEVELAND METRO(CLE,CGF,BKL,LNN,LPR)","","","","2","ZOB","ZDC","1","Modified","Route String"
"CLE","CLE CAVVS4 APE SITTR FRIKY ALDAN4 RDU","RDU","","H","FROM CLEVELAND METRO(CLE,CGF,BKL,LNN,LPR)","","","","2","ZOB","ZDC","2","Modified","Route String"
"CMH","CMH DQN CVG PXV J131 LIT FEWWW BRDJE5 DFW","DFW","","H","","","RNAV TURBOJET","","2","ZID","ZFW","1","Modified","Route String"
"CMH","CMH PKACZ TARRY PXV J131 LIT FEWWW BRDJE5 DFW","DFW","","H","","","RNAV TURBOJET","","2","ZID","ZFW","2","Modified","Route String"
"CMH","CMH DQN CVG PXV J131 LIT WILBR9 DFW","DFW","","H","","","ALL OTHERS","","3","ZID","ZFW","1","Modified","Route String"
"CMH","CMH PKACZ TARRY PXV J131 LIT WILBR9 DFW","DFW","","H","","","ALL OTHERS","","3","ZID","ZFW","2","Modified","Route String"
"DCA","DCA HORTO4 JERES Q221 DLMAR BUF","BUF","1100-0300","H","","","TURBOJETS","","1","ZDC","ZOB","1","Modified","Route String"
"DCA","DCA HORTO4 JERES Q221 DLMAR BENEE BUF","BUF","1100-0300","H","","","TURBOJETS","","1","ZDC","ZOB","2","Modified","Route String"
"DCA","DCA WYNGS5 RAMAY Q72 HACKS SCRLT SCRLT2 CMH","CMH","","H","","","TURBOJETS","","1","ZDC","ZID","1","Modified","Route String"
"DCA","DCA WYNGS5 RAMAY Q72 HACKS SCRLT2 CMH","CMH","","H","","","TURBOJETS","","1","ZDC","ZID","2","Modified","Route String"
"DCA","DCA CSN V140 MOL V143 LYH V222 HENBY GSO","GSO","","L","","70-170 INCL","NON-JET","","1","ZDC","ZTL","1","Modified","Route String"
"DCA","DCA CSN V140 MOL AIROW HENBY GSO","GSO","","L","","70-170 INCL","NON-JET","","1","ZDC","ZTL","2","Modified","Route String"
"DCA","DCA DOCTR5 AGARD SIE BRIGS Q439 SARDI CCC ISP","ISP","1100-0400","H","","","","","1","ZDC","ZNY","1","Modified","Route String"
"DCA","DCA DOCTR5 AGARD WNSTN Q439 SARDI CCC ISP","ISP","1100-0400","H","","","","","1","ZDC","ZNY","2","Modified","Route String"
"DCA","DCA WYNGS5 RAMAY Q72 HACKS SCRLT SCRLT2 LCK","LCK","","H","","","","","1","ZDC","ZID","1","Modified","Route String"
"DCA","DCA WYNGS5 RAMAY Q72 HACKS SCRLT2 LCK","LCK","","H","","","","","1","ZDC","ZID","2","Modified","Route String"
"DCA","DCA WYNGS5 RAMAY Q72 HACKS SCRLT SCRLT2 OSU","OSU","","H","","","","","1","ZDC","ZID","1","Modified","Route String"
"DCA","DCA WYNGS5 RAMAY Q72 HACKS SCRLT2 OSU","OSU","","H","","","","","1","ZDC","ZID","2","Modified","Route String"
"EWR","EWR GAYEL Q818 WOZEE Q935 HOCKE BAE DBQ FOD ONL J94 OCS NORDK6 SLC","SLC","1100-0300","H","FROM NEWARK & SATS","","DME/DME/IRU OR GNSS REQUIRED","","1","ZNY","ZLC","1","Modified","Route String"
"EWR","EWR GAYEL Q818 WOZEE Q935 HOCKE BAE DBQ FOD ONL J94 BFF CKW CARTR1 SLC","SLC","1100-0300","H","FROM NEWARK & SATS","","DME/DME/IRU OR GNSS REQUIRED","","1","ZNY","ZLC","2","Modified","Route String"
"EYW","EYW CARNU RSW MINEE5 MCO","MCO","","H","","","","","1","ZMA","ZJX","1","Modified","Route String"
"EYW","EYW CARNU RSW MINEE6 MCO","MCO","","H","","","","","1","ZMA","ZJX","2","Modified","Route String"
"EYW","EYW CARNU RSW MINEE5 MCO","MCO","","L","","","","","1","ZMA","ZJX","1","Modified","Route String"
"EYW","EYW CARNU RSW MINEE6 MCO","MCO","","L","","","","","1","ZMA","ZJX","2","Modified","Route String"
"EYW","EYW CARNU FERAL BLFRG2 TPA","TPA","","H","","","","","4","ZMA","ZMA","1","Modified","Route String"
"EYW","EYW CARNU FERAL BLFRG3 TPA","TPA","","H","","","","","4","ZMA","ZMA","2","Modified","Route String"
"EYW","EYW CARNU FERAL BLFRG2 TPA","TPA","","L","","110-170","","","3","ZMA","ZMA","1","Modified","Route String"
"EYW","EYW CARNU FERAL BLFRG3 TPA","TPA","","L","","110-170","","","3","ZMA","ZMA","2","Modified","Route String"
"FLL","FLL AGERS1 DUCEN Q87 JROSS Q135 CUDLE Q117 SAWED Q97 ZJAAY RADDS SIE ACY","ACY","","H","","","","","1","ZMA","ZDC","1","Modified","Route String"
"FLL","FLL AGERS1 DUCEN Q87 JROSS Q135 RREGG Q117 SAWED Q97 ZJAAY RADDS SIE ACY","ACY","","H","","","","","1","ZMA","ZDC","2","Modified","Route String"
"FLL","FLL AGERS1 DUCEN Q87 JROSS Q135 CUDLE Q117 SAWED Q97 ZJAAY JIIMS4 PHL","PHL","","H","TO ILG,MQS,PHL,PNE,TTN","","","","1","ZMA","ZNY","1","Modified","Route String"
"FLL","FLL AGERS1 DUCEN Q87 JROSS Q135 RREGG Q117 SAWED Q97 ZJAAY JIIMS4 PHL","PHL","","H","TO ILG,MQS,PHL,PNE,TTN","","","","1","ZMA","ZNY","2","Modified","Route String"
"FLL","FLL BNICE2 COREA BLFRG2 TPA","TPA","","H","","","","","1","ZMA","ZMA","1","Modified","Route String"
"FLL","FLL BNICE2 COREA BLFRG3 TPA","TPA","","H","","","","","1","ZMA","ZMA","2","Modified","Route String"
"FLL","FLL BNICE2 COREA BLFRG2 TPA","TPA","","L","","","","","3","ZMA","ZMA","1","Modified","Route String"
"FLL","FLL BNICE2 COREA BLFRG3 TPA","TPA","","L","","","","","3","ZMA","ZMA","2","Modified","Route String"
"FWA","FWA FWA ZEKUS ARBAS RID MEEKR CVG CVG","CVG","","H","","","","","1","ZAU","ZID","1","Modified","Route String"
"FWA","FWA ZEKUS ARBAS CVG","CVG","","H","","","","","1","ZAU","ZID","2","Modified","Route String"
"GRR","GRR FWA ZEKUS ARBAS RID MEEKR CVG CVG","CVG","","H","","","","","1","ZAU","ZID","1","Modified","Route String"
"GRR","GRR FWA ZEKUS ARBAS CVG","CVG","","H","","","","","1","ZAU","ZID","2","Modified","Route String"
"GSO","GSO TRSHA1 TAARZ BKW JAMOX BONZZ2 DTW","DTW","","H","","","DME/DME/IRU OR GPS REQUIRED","","1","ZTL","ZOB","1","Modified","Route String"
"GSO","GSO TRSHA1 TAARZ SITTR JAMOX BONZZ2 DTW","DTW","","H","","","DME/DME/IRU OR GPS REQUIRED","","1","ZTL","ZOB","2","Modified","Route String"
"GSO","GSO TRSHA1 TAARZ BKW JAMOX KLYNK3 DTW","DTW","","H","","","DME/DME/IRU OR GPS REQUIRED","","2","ZTL","ZOB","1","Modified","Route String"
"GSO","GSO TRSHA1 TAARZ SITTR JAMOX KLYNK3 DTW","DTW","","H","","","DME/DME/IRU OR GPS REQUIRED","","2","ZTL","ZOB","2","Modified","Route String"
"GSO","GSO TRSHA1 TAARZ PSK BKW VLADY J149 FWA WATSN4 ORD","ORD","","H","","","","","3","ZTL","ZAU","1","Modified","Route String"
"GSO","GSO TRSHA1 TAARZ PSK SITTR VLADY J149 FWA WATSN4 ORD","ORD","","H","","","","","3","ZTL","ZAU","2","Modified","Route String"
"HHR","HHR LAX VTU CMA","CMA","","TEC","HHR TOA (RWY29) TO OXR CMA NTD","JM60","","","2","ZLA","ZLA","1","Modified","Route String"
"HHR","HHR SMO GINNA CMA","CMA","","TEC","HHR TOA (RWY29) TO OXR CMA NTD","JM60","","","2","ZLA","ZLA","2","Modified","Route String"
"HHR","HHR LAX VTU NTD","NTD","","TEC","HHR TOA (RWY29) TO OXR CMA NTD","JM60","","","2","ZLA","ZLA","1","Modified","Route String"
"HHR","HHR SMO GINNA NTD","NTD","","TEC","HHR TOA (RWY29) TO OXR CMA NTD","JM60","","","2","ZLA","ZLA","2","Modified","Route String"
"HHR","HHR LAX VTU OXR","OXR","","TEC","HHR TOA (RWY29) TO OXR CMA NTD","JM60","","","5","ZLA","ZLA","1","Modified","Route String"
"HHR","HHR SMO GINNA OXR","OXR","","TEC","HHR TOA (RWY29) TO OXR CMA NTD","JM60","","","5","ZLA","ZLA","2","Modified","Route String"
"HHR","HHR LAX V299 VTU VTU282026 KWANG SBA","SBA","","TEC","HHR TOA (RWY29) TO SBA","JM100PQ60","","","5","ZLA","ZLA","1","Modified","Route String"
"HHR","HHR LAX V299 VTU KWANG SBA","SBA","","TEC","HHR TOA (RWY29) TO SBA","JM100PQ60","","","5","ZLA","ZLA","2","Modified","Route String"
"HOU","HOU IDU1 IDU MARCS1 SAT","SAT","","H","","","NON-ADVANCED NAV ONLY","","1","ZHU","ZHU","2","Deleted",""
"HOU","HOU RETYR8 JCT J15 JNC HELPR LEEHY5 SLC","SLC","","H","","","TURBOJETS - DME/DME/IRU OR GPS","","1","ZHU","ZLC","1","Modified","Route String"
"HOU","HOU RETYR8 JCT J15 JNC HELPR JAZZZ1 SLC","SLC","","H","","","TURBOJETS - DME/DME/IRU OR GPS","","1","ZHU","ZLC","2","Modified","Route String"
"HPN","HPN GAYEL Q818 WOZEE Q935 HOCKE BAE DBQ FOD ONL J94 OCS NORDK6 SLC","SLC","","H","","","","","1","ZNY","ZLC","1","Modified","Route String"
"HPN","HPN GAYEL Q818 WOZEE Q935 HOCKE BAE DBQ FOD ONL J94 BFF CKW CARTR1 SLC","SLC","","H","","","","","1","ZNY","ZLC","2","Modified","Route String"
"IAD","IAD JERES2 JERES Q221 DLMAR BUF","BUF","1100-0300","H","","","","","1","ZDC","ZOB","1","Modified","Route String"
"IAD","IAD JERES2 JERES Q221 DLMAR BENEE BUF","BUF","1100-0300","H","","","","","1","ZDC","ZOB","2","Modified","Route String"
"IAD","IAD BUNZZ3 RAMEY Q72 HACKS SCRLT SCRLT2 CMH","CMH","","H","","","TURBOJETS","","1","ZDC","ZID","1","Modified","Route String"
"IAD","IAD BUNZZ3 RAMEY Q72 HACKS SCRLT2 CMH","CMH","","H","","","TURBOJETS","","1","ZDC","ZID","2","Modified","Route String"
"IAD","IAD CSN V140 MOL V143 LYH V222 HENBY GSO","GSO","","L","","70-170 INCL,NON JET","","","1","ZDC","ZTL","1","Modified","Route String Altitude Aircraft"
"IAD","IAD CSN V140 MOL AIROW HENBY GSO","GSO","","L","","70-170 INCL","NON-JET","","1","ZDC","ZTL","2","Modified","Route String Altitude Aircraft"
"IAD","IAD WOOLY2 AGARD SIE BRIGS Q439 SARDI CCC ISP","ISP","1000-0400","H","","","TURBOJETS","","1","ZDC","ZNY","1","Modified","Route String"
"IAD","IAD WOOLY2 AGARD WNSTN Q439 SARDI CCC ISP","ISP","1000-0400","H","","","TURBOJETS","","1","ZDC","ZNY","2","Modified","Route String"
"IAD","IAD BUNZZ3 RAMAY Q72 HACKS SCRLT SCRLT2 LCK","LCK","","H","","","","","1","ZDC","ZID","1","Modified","Route String"
"IAD","IAD BUNZZ3 RAMAY Q72 HACKS SCRLT2 LCK","LCK","","H","","","","","1","ZDC","ZID","2","Modified","Route String"
"IAD","IAD BUNZZ3 RAMAY Q72 HACKS SCRLT SCRLT2 OSU","OSU","","H","","","","","1","ZDC","ZID","1","Modified","Route String"
"IAD","IAD BUNZZ3 RAMAY Q72 HACKS SCRLT2 OSU","OSU","","H","","","","","1","ZDC","ZID","2","Modified","Route String"
"IAH","IAH IDU1 IDU MARCS1 SAT","SAT","","H","","","NON-ADVANCED NAV ONLY","","1","ZHU","ZHU","2","Deleted",""
"IAH","IAH PITZZ5 CRGER JCT J15 JNC HELPR LEEHY5 SLC","SLC","","H","","","TURBOJETS - DME/DME/IRU OR GPS","","1","ZHU","ZLC","1","Modified","Route String"
"IAH","IAH PITZZ5 CRGER JCT J15 JNC HELPR JAZZZ1 SLC","SLC","","H","","","TURBOJETS - DME/DME/IRU OR GPS","","1","ZHU","ZLC","2","Modified","Route String"
"IAH","IAH BNDTO6 CRGER JCT J15 JNC HELPR LEEHY5 SLC","SLC","","H","","","TURBOJETS - DME/DME/IRU OR GPS","","2","ZHU","ZLC","1","Modified","Route String"
"IAH","IAH BNDTO6 CRGER JCT J15 JNC HELPR JAZZZ1 SLC","SLC","","H","","","TURBOJETS - DME/DME/IRU OR GPS","","2","ZHU","ZLC","2","Modified","Route String"
"JAX","JAX CROSB2 WISPR JROSS Q135 CUDLE Q117 SAWED Q97 ZJAAY JIIMS4 PHL","PHL","","H","TO ILG,MQS,PHL,PNE,TTN","","","","1","ZJX","ZNY","1","Modified","Route String"
"JAX","JAX CROSB2 WISPR JROSS Q135 RREGG Q117 SAWED Q97 ZJAAY JIIMS4 PHL","PHL","","H","TO ILG,MQS,PHL,PNE,TTN","","","","1","ZJX","ZNY","2","Modified","Route String"
"JFK","JFK GAYEL Q818 WOZEE Q935 HOCKE BAE DBQ FOD ONL J94 OCS NORDK6 SLC","SLC","","H","","","","","1","ZNY","ZLC","1","Modified","Route String"
"JFK","JFK GAYEL Q818 WOZEE Q935 HOCKE BAE DBQ FOD ONL J94 BFF CKW CARTR1 SLC","SLC","","H","","","","","1","ZNY","ZLC","2","Modified","Route String"
"LGA","LGA GAYEL Q818 WOZEE Q935 HOCKE BAE DBQ FOD ONL J94 OCS NORDK6 SLC","SLC","","H","","","","","1","ZNY","ZLC","1","Modified","Route String"
"LGA","LGA GAYEL Q818 WOZEE Q935 HOCKE BAE DBQ FOD ONL J94 BFF CKW CARTR1 SLC","SLC","","H","","","","","1","ZNY","ZLC","2","Modified","Route String"
"MCI","MCI LAKES5 COU STL J24 VHP J80 AIR MGW MGW121 VERNI ESL ESL187 FINKS DOCCS3 IAD","IAD","","H","","","","","5","ZKC","ZDC","2","Deleted",""
"MCI","MCI J24 IIU J8 HVQ DOCCS3 IAD","IAD","","SHD","TRAFFIC OVERFLYING KANSAS CITY (MCI) VORTAC TO WASHINGTON DULLES (IAD)","","","","1","ZKC","ZDC","2","Deleted",""
"MCO","MCO FATHE3 VIYAP Q87 JROSS Q135 CUDLE Q117 SAWED Q97 ZJAAY RADDS SIE ACY","ACY","","H","","","","","1","ZJX","ZDC","1","Modified","Route String"
"MCO","MCO FATHE3 VIYAP Q87 JROSS Q135 RREGG Q117 SAWED Q97 ZJAAY RADDS SIE ACY","ACY","","H","","","","","1","ZJX","ZDC","2","Modified","Route String"
"MCO","MCO FATHE3 VIYAP Q87 JROSS Q135 CUDLE Q117 SAWED Q97 ZJAAY JIIMS4 PHL","PHL","","H","TO ILG,MQS,PHL,PNE,TTN","","","","2","ZJX","ZNY","1","Modified","Route String"
"MCO","MCO FATHE3 VIYAP Q87 JROSS Q135 RREGG Q117 SAWED Q97 ZJAAY JIIMS4 PHL","PHL","","H","TO ILG,MQS,PHL,PNE,TTN","","","","2","ZJX","ZNY","2","Modified","Route String"
"MDSD","MDSD LERED LETON L451 JAINS Y436 DEDDY SCAMS BKW JAMOX BONZZ2 DTW","DTW","","H","FROM SANTO DOMINGO(DOMINICAN REPUBLIC TERMINALS)","","","","2","","ZOB","1","Modified","Route String"
"MDSD","MDSD LERED LETON L451 JAINS Y436 DEDDY SCAMS SITTR JAMOX BONZZ2 DTW","DTW","","H","FROM SANTO DOMINGO(DOMINICAN REPUBLIC TERMINALS)","","","","2","","ZOB","2","Modified","Route String"
"MDSD","MDSD MALVN Y396 RUMFO Y374 NUCAR Y307 JAZZI DIZNY Y436 DEDDY SCAMS BKW JAMOX BONZZ2 DTW","DTW","","H","FROM SANTO DOMINGO(DOMINICAN REPUBLIC TERMINALS)","","","","3","","ZOB","1","Modified","Route String"
"MDSD","MDSD MALVN Y396 RUMFO Y374 NUCAR Y307 JAZZI DIZNY Y436 DEDDY SCAMS SITTR JAMOX BONZZ2 DTW","DTW","","H","FROM SANTO DOMINGO(DOMINICAN REPUBLIC TERMINALS)","","","","3","","ZOB","2","Modified","Route String"
"MDSD","MDSD LERED LETON L451 JAINS Y436 DEDDY SCAMS BKW JAMOX KLYNK3 DTW","DTW","","H","FROM SANTO DOMINGO(DOMINICAN REPUBLIC TERMINALS)","","","","5","","ZOB","1","Modified","Route String"
"MDSD","MDSD LERED LETON L451 JAINS Y436 DEDDY SCAMS SITTR JAMOX KLYNK3 DTW","DTW","","H","FROM SANTO DOMINGO(DOMINICAN REPUBLIC TERMINALS)","","","","5","","ZOB","2","Modified","Route String"
"MDSD","MDSD MALVN Y396 RUMFO Y374 NUCAR Y307 JAZZI DIZNY Y436 DEDDY SCAMS BKW JAMOX KLYNK3 DTW","DTW","","H","FROM SANTO DOMINGO(DOMINICAN REPUBLIC TERMINALS)","","","","6","","ZOB","1","Modified","Route String"
"MDSD","MDSD MALVN Y396 RUMFO Y374 NUCAR Y307 JAZZI DIZNY Y436 DEDDY SCAMS SITTR JAMOX KLYNK3 DTW","DTW","","H","FROM SANTO DOMINGO(DOMINICAN REPUBLIC TERMINALS)","","","","6","","ZOB","2","Modified","Route String"
"MDW","MDW EARND ELANR EMMLY ETAME EMEGE FLM BKW FRIKY ALDAN4 RDU","RDU","","H","","","","","2","ZAU","ZDC","1","Modified","Route String"
"MDW","MDW EARND ELANR EMMLY ETAME EMEGE FLM SITTR FRIKY ALDAN4 RDU","RDU","","H","","","","","2","ZAU","ZDC","2","Modified","Route String"
"MEM","MEM PXV IIU J8 HVQ DOCCS3 IAD","IAD","1830-2230","H","","","","","4","ZME","ZDC","2","Deleted",""
"MIA","MIA ALTNN2 DUCEN Q87 JROSS Q135 CUDLE Q117 SAWED Q97 ZJAAY JIIMS4 PHL","PHL","","H","TO ILG,MQS,PHL,PNE,TTN","","","","1","ZMA","ZNY","1","Modified","Route String"
"MIA","MIA ALTNN2 DUCEN Q87 JROSS Q135 RREGG Q117 SAWED Q97 ZJAAY JIIMS4 PHL","PHL","","H","TO ILG,MQS,PHL,PNE,TTN","","","","1","ZMA","ZNY","2","Modified","Route String"
"MIA","MIA BNGOS4 COREA BLFRG2 TPA","TPA","","H","","","","","2","ZMA","ZMA","1","Modified","Route String"
"MIA","MIA BNGOS4 COREA BLFRG3 TPA","TPA","","H","","","","","2","ZMA","ZMA","2","Modified","Route String"
"MIA","MIA BNGOS4 COREA BLFRG2 TPA","TPA","","L","","","","","3","ZMA","ZMA","1","Modified","Route String"
"MIA","MIA BNGOS4 COREA BLFRG3 TPA","TPA","","L","","","","","3","ZMA","ZMA","2","Modified","Route String"
"MSP","MSP LEINY6 LEINY RAP DDY NORDK6 SLC","SLC","","H","","","TURBOJET ONLY","","1","ZMP","ZLC","1","Modified","Route String"
"MSP","MSP LEINY6 LEINY RAP DDY CARTR1 SLC","SLC","","H","","","TURBOJET ONLY","","1","ZMP","ZLC","2","Modified","Route String"
"MSY","MSY J58 FUZ J21 ADM ROLLS LBL HALEN NIIXX3 DEN","DEN","","H","FROM NEW ORLEANS METRO(MSY,NEW)","","","","1","ZHU","ZDV","1","Modified","Route String"
"MSY","MSY AEX J58 FUZ J21 ADM ROLLS LBL HALEN NIIXX3 DEN","DEN","","H","FROM NEW ORLEANS METRO(MSY,NEW)","","","","1","ZHU","ZDV","2","Modified","Route String"
"MSY","MSY LCH IAH IDU MARCS1 SAT","SAT","","H","","","","","1","ZHU","ZHU","2","Deleted",""
"MUFH","MUFH BORDO Y259 OCTAL BLFRG2 TPA","TPA","","SHD","TRAFFIC ARRIVING TAMPA METRO AREA ENTERING ZMA ARTCC AT BORDO","","JETS/TURBOPROPS ONLY","","1","","ZMA","1","Modified","Route String"
"MUFH","MUFH BORDO Y259 OCTAL BLFRG3 TPA","TPA","","SHD","TRAFFIC ARRIVING TAMPA METRO AREA ENTERING ZMA ARTCC AT BORDO","","JETS/TURBOPROPS ONLY","","1","","ZMA","2","Modified","Route String"
"MUFH","MUFH ZEUSS Y217 OCTAL BLFRG2 TPA","TPA","","SHD","TRAFFIC ARRIVING TAMPA METRO AREA ENTERING ZMA ARTCC AT ZEUSS","","JETS/TURBOPROPS ONLY","","2","","ZMA","1","Modified","Route String"
"MUFH","MUFH ZEUSS Y217 OCTAL BLFRG3 TPA","TPA","","SHD","TRAFFIC ARRIVING TAMPA METRO AREA ENTERING ZMA ARTCC AT ZEUSS","","JETS/TURBOPROPS ONLY","","2","","ZMA","2","Modified","Route String"
"NYC","NYC V139 NYC","NYC","1100-0300","SLD","BI-DIRECTIONAL ROUTES FOR TRAFFIC OVERFLYING NEW YORK METRO","","","","1","","","2","Deleted",""
"ORD","ORD MOBLE ADIME OTENS ANEWA TAMDE ACO JESEY5 PIT","PIT","","H","","","","","1","ZAU","ZOB","1","Modified","Route String"
"ORD","ORD MOBLE ADIME OTENS ANEWA TAMDE GRIVY JESEY5 PIT","PIT","","H","","","","","1","ZAU","ZOB","2","Modified","Route String"
"ORD","ORD EARND ELANR EMMLY ETAME EMEGE FLM BKW FRIKY ALDAN4 RDU","RDU","","H","","","","","2","ZAU","ZDC","1","Modified","Route String"
"ORD","ORD EARND ELANR EMMLY ETAME EMEGE FLM SITTR FRIKY ALDAN4 RDU","RDU","","H","","","","","2","ZAU","ZDC","2","Modified","Route String"
"ORL","ORL NYTES2 NYTES WORMS GUANO BKENI VIYAP Q87 JROSS Q135 CUDLE Q117 SAWED Q97 ZJAAY JIIMS4 PHL","PHL","","H","TO ILG,MQS,PHL,PNE,TTN","","","","1","ZJX","ZNY","1","Modified","Route String"
"ORL","ORL NYTES2 NYTES WORMS GUANO BKENI VIYAP Q87 JROSS Q135 RREGG Q117 SAWED Q97 ZJAAY JIIMS4 PHL","PHL","","H","TO ILG,MQS,PHL,PNE,TTN","","","","1","ZJX","ZNY","2","Modified","Route String"
"ORL","ORL TOLLZ2 TOLLZ WORMS GUANO BKENI VIYAP Q87 JROSS Q135 CUDLE Q117 SAWED Q97 ZJAAY JIIMS4 PHL","PHL","","H","TO ILG,MQS,PHL,PNE,TTN","","","","2","ZJX","ZNY","1","Modified","Route String"
"ORL","ORL TOLLZ2 TOLLZ WORMS GUANO BKENI VIYAP Q87 JROSS Q135 RREGG Q117 SAWED Q97 ZJAAY JIIMS4 PHL","PHL","","H","TO ILG,MQS,PHL,PNE,TTN","","","","2","ZJX","ZNY","2","Modified","Route String"
"PBI","PBI TBIRD6 VIYAP Q87 JROSS Q135 CUDLE Q117 SAWED Q97 ZJAAY JIIMS4 PHL","PHL","","H","TO ILG,MQS,PHL,PNE,TTN","","","","1","ZMA","ZNY","1","Modified","Route String"
"PBI","PBI TBIRD6 VIYAP Q87 JROSS Q135 RREGG Q117 SAWED Q97 ZJAAY JIIMS4 PHL","PHL","","H","TO ILG,MQS,PHL,PNE,TTN","","","","1","ZMA","ZNY","2","Modified","Route String"
"PBI","PBI OLAKE2 JAYMC BLFRG2 TPA","TPA","","H","","","","","5","ZMA","ZMA","1","Modified","Route String"
"PBI","PBI OLAKE2 JAYMC BLFRG3 TPA","TPA","","H","","","","","5","ZMA","ZMA","2","Modified","Route String"
"PBI","PBI OLAKE2 JAYMC BLFRG2 TPA","TPA","","L","","","","","3","ZMA","ZMA","1","Modified","Route String"
"PBI","PBI OLAKE2 JAYMC BLFRG3 TPA","TPA","","L","","","","","3","ZMA","ZMA","2","Modified","Route String"
"PDX","PDX CHISM JUDAH JUNEJ Q7 AVE HIHWY ROKKR2 BUR","BUR","","H","","FL240 AND ABOVE","ALL RNAV","","1","ZSE","ZLA","1","Modified","Route String"
"PDX","PDX CHISM JUDAH JUNEJ Q7 AVE HIHWY ROKKR3 BUR","BUR","","H","","FL240 AND ABOVE","ALL RNAV","","1","ZSE","ZLA","2","Modified","Route String"
"PDX","PDX CHISM SYNKR SUNBE Q9 REBRG IVINS1 VNY","VNY","","H","","","","","1","ZSE","ZLA","1","Modified","Route String"
"PDX","PDX CHISM SYNKR SUNBE Q9 REBRG IVINS2 VNY","VNY","","H","","","","","1","ZSE","ZLA","2","Modified","Route String"
"PHL","PHL MXE PENSY J110 FLIRT MRB J6 HVQ Q68 YOCKY GROAT PASLY4 BNA","BNA","","H","","","","","1","ZNY","ZME","1","Modified","Route String"
"PHL","PHL MXE PENSY J110 FLIRT J6 HVQ Q68 YOCKY GROAT PASLY4 BNA","BNA","","H","","","","","1","ZNY","ZME","2","Modified","Route String"
"PHL","PHL MXE PENSY J110 FLIRT MRB J6 COLNS GAVNN7 CVG","CVG","","H","","","","","2","ZNY","ZID","1","Modified","Route String"
"PHL","PHL MXE PENSY J110 FLIRT J6 COLNS GAVNN7 CVG","CVG","","H","","","","","2","ZNY","ZID","2","Modified","Route String"
"PHL","PHL MXE PENSY J110 FLIRT MRB J6 HVQ Q68 LITTR FEWWW SEEVR4 DFW","DFW","","H","","","","","1","ZNY","ZFW","1","Modified","Route String"
"PHL","PHL MXE PENSY J110 FLIRT J6 HVQ Q68 LITTR FEWWW SEEVR4 DFW","DFW","","H","","","","","1","ZNY","ZFW","2","Modified","Route String"
"PHL","PHL MXE PENSY J110 FLIRT MRB J6 HVQ Q68 LITTR FEWWW BRDJE5 DFW","DFW","","H","","","","","2","ZNY","ZFW","1","Modified","Route String"
"PHL","PHL MXE PENSY J110 FLIRT J6 HVQ Q68 LITTR FEWWW BRDJE5 DFW","DFW","","H","","","","","2","ZNY","ZFW","2","Modified","Route String"
"PHL","PHL MXE PENSY J110 FLIRT MRB J6 HVQ Q68 YOCKY LEDDL1 SDF","SDF","","H","","","","","1","ZNY","ZID","1","Modified","Route String"
"PHL","PHL MXE PENSY J110 FLIRT J6 HVQ Q68 YOCKY LEDDL1 SDF","SDF","","H","","","","","1","ZNY","ZID","2","Modified","Route String"
"RDU","RDU LWOOD5 DANCO BKW JAMOX BONZZ2 DTW","DTW","1100-0300","H","","","","","2","ZDC","ZOB","1","Modified","Route String"
"RDU","RDU LWOOD5 DANCO SITTR JAMOX BONZZ2 DTW","DTW","1100-0300","H","","","","","2","ZDC","ZOB","2","Modified","Route String"
"RDU","RDU LWOOD5 DANCO BKW JAMOX KLYNK3 DTW","DTW","1100-0300","H","","","","","3","ZDC","ZOB","1","Modified","Route String"
"RDU","RDU LWOOD5 DANCO SITTR JAMOX KLYNK3 DTW","DTW","1100-0300","H","","","","","3","ZDC","ZOB","2","Modified","Route String"
"ROA","ROA BKW JAMOX BONZZ2 DTW","DTW","","H","","","DME/DMME/IRU OR GPS REQUIRED","","1","ZDC","ZOB","1","Modified","Route String"
"ROA","ROA SITTR JAMOX BONZZ2 DTW","DTW","","H","","","DME/DMME/IRU OR GPS REQUIRED","","1","ZDC","ZOB","2","Modified","Route String"
"ROA","ROA BKW JAMOX KLYNK3 DTW","DTW","","H","","","DME/DME/IRU OR GPS REQUIRED","","2","ZDC","ZOB","1","Modified","Route String"
"ROA","ROA SITTR JAMOX KLYNK3 DTW","DTW","","H","","","DME/DME/IRU OR GPS REQUIRED","","2","ZDC","ZOB","2","Modified","Route String"
"RSW","RSW MOANS MINEE MINEE5 MCO","MCO","","L","","","","","3","ZMA","ZJX","1","Modified","Route String"
"RSW","RSW MOANS MINEE MINEE6 MCO","MCO","","L","","","","","3","ZMA","ZJX","2","Modified","Route String"
"RSW","RSW CSHEL7 VIYAP Q87 JROSS Q135 CUDLE Q117 SAWED Q97 ZJAAY JIIMS4 PHL","PHL","1000-0300","H","FROM APF,FMY,MKY,RSW TO ILG,MQS,PHL,PNE,TTN","","","","2","ZMA","ZNY","1","Modified","Route String"
"RSW","RSW CSHEL7 VIYAP Q87 JROSS Q135 RREGG Q117 SAWED Q97 ZJAAY JIIMS4 PHL","PHL","1000-0300","H","FROM APF,FMY,MKY,RSW TO ILG,MQS,PHL,PNE,TTN","","","","2","ZMA","ZNY","2","Modified","Route String"
"RSW","RSW CSHEL7 CSHEL BLFRG BLFRG2 TPA","TPA","","L","","","JETS/TURBOPROPS ONLY","","3","ZMA","ZMA","1","Modified","Route String"
"RSW","RSW CSHEL7 CSHEL BLFRG BLFRG3 TPA","TPA","","L","","","JETS/TURBOPROPS ONLY","","3","ZMA","ZMA","2","Modified","Route String"
"SAC","SAC SAC V334 SUNOL HWD","HWD","","TEC","SAC SMF O88 TO HWD HAF","MPQ70","SAC07","","1","ZOA","ZOA","1","Modified","Route String Altitude"
"SAC","SAC MOVDD T259 NORCL HWD","HWD","","TEC","SAC SMF O88 TO HWD HAF","PQ70","SAC07","","1","ZOA","ZOA","2","Modified","Route String Altitude"
"SAT","SAT ALISS6 ALISS JCT SJT TXO ALS LOPEC JNC J12 HELPR LEEHY5 SLC","SLC","","H","FROM SAT, BAZ, CVB, PEZ, RND, SSF, SKF, 5C1","","","","1","ZHU","ZLC","1","Modified","Route String"
"SAT","SAT ALISS6 ALISS JCT SJT TXO ALS LOPEC JNC J12 HELPR JAZZZ1 SLC","SLC","","H","FROM SAT, BAZ, CVB, PEZ, RND, SSF, SKF, 5C1","","","","1","ZHU","ZLC","2","Modified","Route String"
"SAV","SAV JROSS RAPZZ Q135 CUDLE Q117 SAWED Q97 ZJAAY JIIMS4 PHL","PHL","1100-0400","H","TO ILG,MQS,PHL,PNE,TTN","","","","1","ZJX","ZNY","1","Modified","Route String"
"SAV","SAV JROSS RAPZZ Q135 RREGG Q117 SAWED Q97 ZJAAY JIIMS4 PHL","PHL","1100-0400","H","TO ILG,MQS,PHL,PNE,TTN","","","","1","ZJX","ZNY","2","Modified","Route String"
"SBN","SBN FWA ZEKUS ARBAS RID MEEKR CVG CVG","CVG","","H","","","","","1","ZAU","ZID","1","Modified","Route String"
"SBN","SBN FWA ZEKUS ARBAS CVG","CVG","","H","","","","","1","ZAU","ZID","2","Modified","Route String"
"SEA","SEA SUMMA Q9 REBRG ROKKR2 BUR","BUR","","H","","FL240 AND ABOVE","","","1","ZSE","ZLA","1","Modified","Route String"
"SEA","SEA SUMMA Q9 REBRG ROKKR3 BUR","BUR","","H","","FL240 AND ABOVE","","","1","ZSE","ZLA","2","Modified","Route String"
"SEA","SEA SUMMA Q9 REBRG IVINS1 VNY","VNY","","H","","","","","1","ZSE","ZLA","1","Modified","Route String"
"SEA","SEA SUMMA Q9 REBRG IVINS2 VNY","VNY","","H","","","","","1","ZSE","ZLA","2","Modified","Route String"
"STL","STL GATWY1 JIGSY J134 JUDDI CVG DRUGA ROKNN3 CLE","CLE","","H","FROM ST LOUIS METRO(1H0,STL,SUS) TO CLEVELAND METRO(CLE,CGF,BKL,LNN,LPR)","","RNAV TURBOJETS","","3","ZKC","ZOB","1","Modified","Route String Area"
"STL","STL GATWY1 JIGSY J134 JUDDI ROYYZ DRUGA ROKNN3 CLE","CLE","","H","","","RNAV TURBOJETS","","3","ZKC","ZOB","2","Modified","Route String Area"
"STL","STL HVQ DOCCS3 IAD","IAD","","H","","","","","5","ZKC","ZDC","2","Deleted",""
"STL","STL IIU J8 HVQ DOCCS3 IAD","IAD","","SHD","TRAFFIC OVERFLYING ST LOUIS (STL) VORTAC TO WASHINGTON DULLES (IAD)","","","","2","ZKC","ZDC","2","Deleted",""
"TJSJ","TJSJ DONQU LETON L451 JAINS Y436 DEDDY SCAMS BKW JAMOX BONZZ2 DTW","DTW","","H","","","","","2","","ZOB","1","Modified","Route String"
"TJSJ","TJSJ DONQU LETON L451 JAINS Y436 DEDDY SCAMS SITTR JAMOX BONZZ2 DTW","DTW","","H","","","","","2","","ZOB","2","Modified","Route String"
"TJSJ","TJSJ DONQU LETON L451 JAINS Y436 DEDDY SCAMS BKW JAMOX KLYNK3 DTW","DTW","","H","","","","","4","","ZOB","1","Modified","Route String"
"TJSJ","TJSJ DONQU LETON L451 JAINS Y436 DEDDY SCAMS SITTR JAMOX KLYNK3 DTW","DTW","","H","","","","","4","","ZOB","2","Modified","Route String"
"TJSJ","TJSJ DONQU Y185 RENAH Y355 NUCAR Y307 JAZZI DIZNY Y436 DEDDY SCAMS BKW JAMOX BONZZ2 DTW","DTW","","H","","","","","5","","ZOB","1","Modified","Route String"
"TJSJ","TJSJ DONQU Y185 RENAH Y355 NUCAR Y307 JAZZI DIZNY Y436 DEDDY SCAMS SITTR JAMOX BONZZ2 DTW","DTW","","H","","","","","5","","ZOB","2","Modified","Route String"
"TJSJ","TJSJ DONQU Y185 RENAH Y355 NUCAR Y307 JAZZI DIZNY Y436 DEDDY SCAMS BKW JAMOX KLYNK3 DTW","DTW","","H","","","","","7","","ZOB","1","Modified","Route String"
"TJSJ","TJSJ DONQU Y185 RENAH Y355 NUCAR Y307 JAZZI DIZNY Y436 DEDDY SCAMS SITTR JAMOX KLYNK3 DTW","DTW","","H","","","","","7","","ZOB","2","Modified","Route String"
"TOA","TOA LAX VTU CMA","CMA","","TEC","HHR TOA (RWY29) TO OXR CMA NTD","JM60","","","5","ZLA","ZLA","1","Modified","Route String"
"TOA","TOA SMO GINNA CMA","CMA","","TEC","HHR TOA (RWY29) TO OXR CMA NTD","JM60","","","5","ZLA","ZLA","2","Modified","Route String"
"TOA","TOA LAX VTU NTD","NTD","","TEC","HHR TOA (RWY29) TO OXR CMA NTD","JM60","","","5","ZLA","ZLA","1","Modified","Route String"
"TOA","TOA SMO GINNA NTD","NTD","","TEC","HHR TOA (RWY29) TO OXR CMA NTD","JM60","","","5","ZLA","ZLA","2","Modified","Route String"
"TOA","TOA LAX VTU OXR","OXR","","TEC","HHR TOA (RWY29) TO OXR CMA NTD","JM60","","","5","ZLA","ZLA","1","Modified","Route String"
"TOA","TOA SMO GINNA OXR","OXR","","TEC","HHR TOA (RWY29) TO OXR CMA NTD","JM60","","","5","ZLA","ZLA","2","Modified","Route String"
"TOA","TOA LAX V299 VTU VTU282026 KWANG SBA","SBA","","TEC","HHR TOA (RWY29) TO SBA","JM100PQ60","","","5","ZLA","ZLA","1","Modified","Route String"
"TOA","TOA LAX V299 VTU KWANG SBA","SBA","","TEC","HHR TOA (RWY29) TO SBA","JM100PQ60","","","5","ZLA","ZLA","2","Modified","Route String"
"TPA","TPA BAYPO2 CAMJO Q109 PANDY RAPZZ Q135 CUDLE CVI DRONE DRONE2 ORF","ORF","1000-0300","H","FROM TPA,PIE TO CPK,FAF,LFI,NGU,ORF,PHF,PVG","","TURBOJETS","","1","ZMA","ZDC","1","Modified","Route String"
"TPA","TPA BAYPO2 CAMJO Q109 PANDY RAPZZ Q135 RREGG CVI DRONE DRONE2 ORF","ORF","1000-0300","H","FROM TPA,PIE TO CPK,FAF,LFI,NGU,ORF,PHF,PVG","","TURBOJETS","","1","ZMA","ZDC","2","Modified","Route String"
"ZAU","ZAU FWA ZEKUS ARBAS RID MEEKR CVG CVG","CVG","","SHD","TRAFFIC OVERFLYING SOUTHEASTERN ZAU LANDING CVG","","","","1","ZAU","ZID","1","Modified","Route String"
"ZAU","ZAU FWA ZEKUS ARBAS CVG","CVG","","SHD","TRAFFIC OVERFLYING SOUTHEASTERN ZAU LANDING CVG","","","","1","ZAU","ZID","2","Modified","Route String"
"ZVR","ZVR TOU MARNR8 SEA","SEA","","SHD","TRAFFIC ARR SEA FROM NW OVERFLYING VANCOUVER ACC FILE YYJ OR TOU TRANSITION","","RNAV EQUIPPED","","3","ZVR","ZSE","1","Modified","Area"
"ZVR","ZVR TOU MARNR8 SEA","SEA","","SHD","TRAFFIC ARR SEA FROM NW OVERFLYING VANCOUVER ACC FILE JAWBN OR TOU","","RNAV EQUIPPED","","3","ZVR","ZSE","2","Modified","Area"
"ZVR","ZVR TOU JAWBN7 SEA","SEA","","SHD","TRAFFIC ARR SEA FROM NW OVERFLYING VANCOUVER ACC FILE YYJ OR TOU TRANSITION","","NON-RNAV EQUIPPED","","4","ZVR","ZSE","1","Modified","Area"
"ZVR","ZVR TOU JAWBN7 SEA","SEA","","SHD","TRAFFIC ARR SEA FROM NW OVERFLYING VANCOUVER ACC FILE JAWBN OR TOU","","NON-RNAV EQUIPPED","","4","ZVR","ZSE","2","Modified","Area"
"ACY","ACY ENO DQO PENSY J110 VINSE DEMME5 PIT","PIT","","H","","","","","1","ZDC","ZOB","2","Added",""
"ACY","ACY LEEAH TRPOD TAQLE2 RDU","RDU","","H","","","","","1","ZDC","ZDC","2","Added",""
"BWI","BWI TERPZ8 RRSIN GSO STWRT3 AGS","AGS","","H","","","","","1","ZDC","ZTL","2","Added",""
"BWI","BWI DUKPN1 BROSS Q419 DPK DPK3 BAF","BAF","","H","","","","","1","ZDC","ZBW","2","Added",""
"BWI","BWI CONLE5 SCOOB PAACK Q97 KENLL CPTAN3 BCT","BCT","","H","","","","","1","ZDC","ZMA","2","Added",""
"BWI","BWI CONLE5 SCOOB EARZZ Q131 WAALT Y289 DULEE CLMNT2 BCT","BCT","","H","","","","","2","ZDC","ZMA","2","Added",""
"BWI","BWI LINSE2 JERES J211 JST UPPRR TRYBE4 BKL","BKL","","H","","","","","1","ZDC","ZOB","2","Added",""
"BWI","BWI TERPZ8 MAULS Q40 NIOLA MCB BTR","BTR","","H","","","","","1","ZDC","ZHU","2","Added",""
"BWI","BWI LINSE2 JERES Q221 DLMAR BENEE BUF","BUF","","H","","","","","1","ZDC","ZOB","2","Added",""
"BWI","BWI TERPZ8 RRSIN GSO CAE","CAE","","H","","","","","1","ZDC","ZJX","2","Added",""
"BWI","BWI LINSE2 JERES J211 JST SOORD ZZIPS1 CAK","CAK","","H","","","","","1","ZDC","ZOB","2","Added",""
"BWI","BWI DUKPN1 BROSS Q419 DPK DPK3 CEF","CEF","","H","","","","","1","ZDC","ZBW","2","Added",""
"BWI","BWI LINSE2 JERES J211 JST UPPRR TRYBE4 CGF","CGF","","H","","","","","1","ZDC","ZOB","2","Added",""
"BWI","BWI CONLE5 SCOOB MOXXY Q85 LPERD TTHOR3 DAB","DAB","","H","","","","","1","ZDC","ZJX","2","Added",""
"BWI","BWI FOXHL1 OTTTO Q176 STL J24 OATHE CLASH4 DEN","DEN","","H","","","","","1","ZDC","ZDV","2","Added",""
"BWI","BWI LINSE2 JERES Q227 STUBN ELM","ELM","","H","","","","","1","ZDC","ZNY","2","Added",""
"BWI","BWI DUKPN1 DONIL WNSTN T320 ORCHA FOK","FOK","","H","","","","","1","ZDC","ZNY","2","Added",""
"BWI","BWI TERPZ8 FLASK VIEWS DEHAN3 FTY","FTY","","H","","","","","1","ZDC","ZTL","2","Added",""
"BWI","BWI CONLE5 SCOOB PAACK Q97 KENLL CPTAN3 FXE","FXE","","H","","","","","1","ZDC","ZMA","2","Added",""
"BWI","BWI CONLE5 SCOOB EARZZ CHIEZ Y291 MAJIK WAMBI CPTAN3 FXE","FXE","","H","","","","","2","ZDC","ZMA","2","Added",""
"BWI","BWI TERPZ8 GLANC FUBLL JUNNR4 GMU","GMU","","H","","","","","1","ZDC","ZTL","2","Added",""
"BWI","BWI LINSE2 MCRAY Q178 DJB GRB","GRB","","H","","","","","1","ZDC","ZMP","2","Added",""
"BWI","BWI LINSE2 MCRAY Q178 DJB J34 ALPHE GRR","GRR","","H","","","","","1","ZDC","ZAU","2","Added",""
"BWI","BWI DUKPN1 BROSS Q419 DPK MAD T303 HFD HFD","HFD","","H","","","","","1","ZDC","ZBW","2","Added",""
"BWI","BWI TERPZ8 MAULS Q40 ALEAN VXV RQZ HSV","HSV","","H","","","","","1","ZDC","ZME","2","Added",""
"BWI","BWI LINSE2 JERES Q221 DLMAR WOZEE IAG","IAG","","H","","","","","1","ZDC","ZOB","2","Added",""
"BWI","BWI FOXHL1 OTTTO Q176 BUM CASSO ICT","ICT","","H","","","","","1","ZDC","ZKC","2","Added",""
"BWI","BWI CONLE5 SCOOB PAACK ILM","ILM","","H","","","","","1","ZDC","ZDC","2","Added",""
"BWI","BWI CONLE5 SCOOB MOXXY Q85 LPERD SNFLD3 ISM","ISM","","H","","","","","1","ZDC","ZJX","2","Added",""
"BWI","BWI LINSE2 JERES Q227 STUBN ITH","ITH","","H","","","","","1","ZDC","ZNY","2","Added",""
"BWI","BWI DUKPN1 DONIL WNSTN T320 ORCHA JPX","JPX","","H","","","","","1","ZDC","ZNY","2","Added",""
"BWI","BWI LINSE2 MCRAY Q178 DJB J34 CRL LAN","LAN","","H","","","","","1","ZDC","ZOB","2","Added",""
"BWI","BWI FOXHL1 OTTTO Q176 HNN LEX","LEX","","H","","","","","1","ZDC","ZID","2","Added",""
"BWI","BWI FOXHL1 OTTTO COLNS BRUSH GAVNN LUK","LUK","","H","","","","","1","ZDC","ZID","2","Added",""
"BWI","BWI TERPZ8 GLANC LYH SPA MCN","MCN","","H","","","","","1","ZDC","ZTL","2","Added",""
"BWI","BWI LINSE2 MCRAY Q178 DJB J34 BAE MSN","MSN","","H","","","","","1","ZDC","ZAU","2","Added",""
"BWI","BWI DUKPN1 BROSS Q419 RBV Q430 FLAPE MVY","MVY","","H","","","","","1","ZDC","ZBW","2","Added",""
"BWI","BWI LINSE2 JERES Q227 STUBN SYR ART OGS","OGS","","H","","","","","1","ZDC","ZBW","2","Added",""
"BWI","BWI CONLE5 SCOOB PAACK Q97 JEVED ROKKT CUUDA3 OPF","OPF","","H","","","","","1","ZDC","ZMA","2","Added",""
"BWI","BWI CONLE5 SCOOB EARZZ CHIEZ Y291 MAJIK CUUDA3 OPF","OPF","","H","","","","","2","ZDC","ZMA","2","Added",""
"BWI","BWI CONLE5 SCOOB MOXXY Q85 LPERD TTHOR3 ORL","ORL","","H","","","","","1","ZDC","ZJX","2","Added",""
"BWI","BWI TERPZ8 FLASK VIEWS DEHAN3 PDK","PDK","","H","","","","","1","ZDC","ZTL","2","Added",""
"BWI","BWI DUKPN1 BROSS Q419 DPK HUD4 POU","POU","","H","","","","","1","ZDC","ZNY","2","Added",""
"BWI","BWI TERPZ8 MAULS Q40 AEX CAAGE QERVO1 SAT","SAT","","H","","","","","1","ZDC","ZHU","2","Added",""
"BWI","BWI CONLE5 SCOOB MOXXY Q85 LPERD TTHOR3 SFB","SFB","","H","","","","","1","ZDC","ZJX","2","Added",""
"BWI","BWI LINSE2 JERES Q227 STENT CFB LAMMS SLK","SLK","","H","","","","","1","ZDC","ZBW","2","Added",""
"BWI","BWI TERPZ8 GLANC FUBLL JUNNR4 SPA","SPA","","H","","","","","1","ZDC","ZTL","2","Added",""
"BWI","BWI DUKPN1 BROSS Q419 DPK HUD4 SWF","SWF","","H","","","","","1","ZDC","ZNY","2","Added",""
"BWI","BWI TERPZ8 GLANC COLZI IRQ PZD SZW TLH","TLH","","H","","","","","1","ZDC","ZJX","2","Added",""
"BWI","BWI CONLE5 SCOOB PAACK Q97 DEBRL CSTAL2 TMB","TMB","","H","","","","","1","ZDC","ZMA","2","Added",""
"BWI","BWI CONLE5 SCOOB EARZZ Q131 WAALT Y289 BAHAA HIBAC GREAD CSTAL2 TMB","TMB","","H","","","","","2","ZDC","ZMA","2","Added",""
"BWI","BWI LINSE2 JERES J211 JST EWC TOL","TOL","","H","","","","","1","ZDC","ZOB","2","Added",""
"BWI","BWI LINSE2 MCRAY Q178 DJB TVC","TVC","","H","","","","","1","ZDC","ZMP","2","Added",""
"CHO","CHO GVE JAIKE4 TEB","TEB","","H","TO 47N, CDW, LDJ, MMU, SMQ, TEB","","","","1","ZDC","ZNY","2","Added",""
"DAL","DAL FORCK IZAAC HRISN NESTS BHM","BHM","","H","","","RNAV","","1","ZFW","ZTL","2","Added",""
"DAL","DAL FORCK SQS IGB NESTS BHM","BHM","","H","","","","","2","ZFW","ZTL","2","Added",""
"DAL","DAL SOLDO IZAAC HRISN NESTS BHM","BHM","","H","","","RNAV","","3","ZFW","ZTL","2","Added",""
"DAL","DAL SOLDO SQS IGB NESTS BHM","BHM","","H","","","","","4","ZFW","ZTL","2","Added",""
"DCA","DCA JDUBB4 RRSIN GSO STWRT3 AGS","AGS","","H","","","","","1","ZDC","ZTL","2","Added",""
"DCA","DCA SOOKI5 SWANN BROSS Q419 DPK DPK3 BAF","BAF","","H","","","","","1","ZDC","ZBW","2","Added",""
"DCA","DCA AMEEE1 SCOOB PAACK Q97 KENLL CPTAN3 BCT","BCT","","H","","","","","1","ZDC","ZMA","2","Added",""
"DCA","DCA AMEEE1 SCOOB EARZZ Q131 WAALT Y289 DULEE CLMNT2 BCT","BCT","","H","","","","","2","ZDC","ZMA","2","Added",""
"DCA","DCA HORTO4 JERES J211 JST UPPRR TRYBE4 BKL","BKL","","H","","","","","1","ZDC","ZOB","2","Added",""
"DCA","DCA CLTCH3 MAULS Q40 NIOLA MCB BTR","BTR","","H","","","","","1","ZDC","ZHU","2","Added",""
"DCA","DCA JDUBB4 RRSIN GSO CAE","CAE","","H","","","","","1","ZDC","ZJX","2","Added",""
"DCA","DCA SOOKI5 SWANN BROSS Q419 DPK DPK3 CEF","CEF","","H","","","","","1","ZDC","ZBW","2","Added",""
"DCA","DCA HORTO4 JERES J211 JST UPPRR TRYBE4 CGF","CGF","","H","","","","","1","ZDC","ZOB","2","Added",""
"DCA","DCA AMEEE1 SCOOB MOXXY Q85 LPERD TTHOR3 DAB","DAB","","H","","","","","1","ZDC","ZJX","2","Added",""
"DCA","DCA HORTO4 JERES Q227 STUBN ELM","ELM","","H","","","","","1","ZDC","ZNY","2","Added",""
"DCA","DCA CLTCH3 FLASK VIEWS DEHAN3 FTY","FTY","","H","","","","","1","ZDC","ZTL","2","Added",""
"DCA","DCA AMEEE1 SCOOB PAACK Q97 KENLL CPTAN3 FXE","FXE","","H","","","","","1","ZDC","ZMA","2","Added",""
"DCA","DCA AMEEE1 SCOOB EARZZ CHIEZ Y291 MAJIK WAMBI CPTAN3 FXE","FXE","","H","","","","","2","ZDC","ZMA","2","Added",""
"DCA","DCA SCRAM6 GLANC FUBLL JUNNR4 GMU","GMU","","H","","","","","1","ZDC","ZTL","2","Added",""
"DCA","DCA HORTO4 BUFFR Q178 DJB GRB","GRB","","H","","","","","1","ZDC","ZMP","2","Added",""
"DCA","DCA HORTO4 BUFFR Q178 DJB J34 ALPHE GRR","GRR","","H","","","","","1","ZDC","ZAU","2","Added",""
"DCA","DCA SOOKI5 SWANN BROSS Q419 DPK MAD T303 HFD HFD","HFD","","H","","","","","1","ZDC","ZBW","2","Added",""
"DCA","DCA HORTO4 JERES Q221 DLMAR WOZEE IAG","IAG","","H","","","","","1","ZDC","ZOB","2","Added",""
"DCA","DCA REBLL5 OTTTO Q176 BUM CASSO ICT","ICT","","H","","","","","1","ZDC","ZKC","2","Added",""
"DCA","DCA AMEEE1 SCOOB PAACK ILM","ILM","","H","","","","","1","ZDC","ZDC","2","Added",""
"DCA","DCA AMEEE1 SCOOB MOXXY Q85 LPERD SNFLD3 ISM","ISM","","H","","","","","1","ZDC","ZJX","2","Added",""
"DCA","DCA HORTO4 JERES Q227 STUBN ITH","ITH","","H","","","","","1","ZDC","ZNY","2","Added",""
"DCA","DCA DOCTR5 AGARD WNSTN T320 ORCHA JPX","JPX","","H","","","","","1","ZDC","ZNY","2","Added",""
"DCA","DCA HORTO4 BUFFR Q178 DJB J34 CRL LAN","LAN","","H","","","","","1","ZDC","ZOB","2","Added",""
"DCA","DCA REBLL5 OTTTO Q176 HNN LEX","LEX","","H","","","","","1","ZDC","ZID","2","Added",""
"DCA","DCA REBLL5 OTTTO COLNS BRUSH GAVNN LUK","LUK","","H","","","","","1","ZDC","ZID","2","Added",""
"DCA","DCA SCRAM6 GLANC LYH SPA MCN","MCN","","H","","","","","1","ZDC","ZTL","2","Added",""
"DCA","DCA HORTO4 BUFFR Q178 DJB J34 BAE MSN","MSN","","H","","","","","1","ZDC","ZAU","2","Added",""
"DCA","DCA HORTO4 JERES Q227 STUBN SYR ART OGS","OGS","","H","","","","","1","ZDC","ZBW","2","Added",""
"DCA","DCA AMEEE1 SCOOB PAACK Q97 PRMUS CUUDA3 OPF","OPF","","H","","","","","1","ZDC","ZMA","2","Added",""
"DCA","DCA AMEEE1 SCOOB EARZZ CHIEZ Y291 MAJIK CUUDA3 OPF","OPF","","H","","","","","2","ZDC","ZMA","2","Added",""
"DCA","DCA AMEEE1 SCOOB MOXXY Q85 LPERD TTHOR3 ORL","ORL","","H","","","","","1","ZDC","ZJX","2","Added",""
"DCA","DCA CLTCH3 FLASK VIEWS DEHAN3 PDK","PDK","","H","","","","","1","ZDC","ZTL","2","Added",""
"DCA","DCA SOOKI5 SWANN BROSS Q419 DPK HUD4 POU","POU","","H","","","","","1","ZDC","ZNY","2","Added",""
"DCA","DCA CLTCH3 MAULS Q40 AEX CAAGE QERVO1 SAT","SAT","","H","","","","","1","ZDC","ZHU","2","Added",""
"DCA","DCA AMEEE1 SCOOB MOXXY Q85 LPERD TTHOR3 SFB","SFB","","H","","","","","1","ZDC","ZJX","2","Added",""
"DCA","DCA HORTO4 JERES Q227 STENT CFB LAMMS SLK","SLK","","H","","","","","1","ZDC","ZBW","2","Added",""
"DCA","DCA SCRAM6 GLANC FUBLL JUNNR4 SPA","SPA","","H","","","","","1","ZDC","ZTL","2","Added",""
"DCA","DCA SOOKI5 SWANN BROSS Q419 DPK HUD4 SWF","SWF","","H","","","","","1","ZDC","ZNY","2","Added",""
"DCA","DCA SCRAM6 GLANC COLZI IRQ PZD SZW TLH","TLH","","H","","","","","1","ZDC","ZJX","2","Added",""
"DCA","DCA AMEEE1 SCOOB PAACK Q97 DEBRL CSTAL2 TMB","TMB","","H","","","","","1","ZDC","ZMA","2","Added",""
"DCA","DCA AMEEE1 SCOOB EARZZ Q131 WAALT Y289 BAHAA HIBAC GREAD CSTAL2 TMB","TMB","","H","","","","","2","ZDC","ZMA","2","Added",""
"DCA","DCA HORTO4 JERES J211 JST EWC TOL","TOL","","H","","","","","1","ZDC","ZOB","2","Added",""
"DCA","DCA HORTO4 BUFFR Q178 DJB TVC","TVC","","H","","","","","1","ZDC","ZMP","2","Added",""
"DFW","DFW FORCK IZAAC HRISN NESTS BHM","BHM","","H","","","RNAV","","1","ZFW","ZTL","2","Added",""
"DFW","DFW FORCK SQS IGB NESTS BHM","BHM","","H","","","","","2","ZFW","ZTL","2","Added",""
"DFW","DFW SOLDO IZAAC HRISN NESTS BHM","BHM","","H","","","RNAV","","3","ZFW","ZTL","2","Added",""
"DFW","DFW SOLDO SQS IGB NESTS BHM","BHM","","H","","","","","4","ZFW","ZTL","2","Added",""
"IAD","IAD JDUBB4 RRSIN GSO STWRT3 AGS","AGS","","H","","","","","1","ZDC","ZTL","2","Added",""
"IAD","IAD WOOLY2 SWANN BROSS Q419 DPK DPK3 BAF","BAF","","H","","","","","1","ZDC","ZBW","2","Added",""
"IAD","IAD JDUBB4 RRSIN GSO Q83 JEVED Q97 KENLL CPTAN3 BCT","BCT","","H","","","","","1","ZDC","ZMA","2","Added",""
"IAD","IAD WOOLY2 SWANN BROSS Q419 DPK DPK3 BDL","BDL","","H","","","","","2","ZDC","ZBW","2","Added",""
"IAD","IAD JERES2 JERES J211 JST UPPRR TRYBE4 BKL","BKL","","H","","","","","1","ZDC","ZOB","2","Added",""
"IAD","IAD CLTCH3 MAULS Q40 NIOLA MCB BTR","BTR","","H","","","","","1","ZDC","ZHU","2","Added",""
"IAD","IAD JDUBB4 RRSIN GSO CAE","CAE","","H","","","","","1","ZDC","ZJX","2","Added",""
"IAD","IAD WOOLY2 SWANN BROSS Q419 DPK DPK3 CEF","CEF","","H","","","","","1","ZDC","ZBW","2","Added",""
"IAD","IAD JERES2 JERES J211 JST UPPRR TRYBE4 CGF","CGF","","H","","","","","1","ZDC","ZOB","2","Added",""
"IAD","IAD JDUBB4 RRSIN GSO Q83 ROYCO Q85 LPERD TTHOR3 DAB","DAB","","H","","","","","1","ZDC","ZJX","2","Added",""
"IAD","IAD JCOBY4 SCOOB MOXXY Q85 LPERD TTHOR3 DAB","DAB","","H","","","","","2","ZDC","ZJX","2","Added",""
"IAD","IAD JERES2 JERES Q227 STUBN ELM","ELM","","H","","","","","1","ZDC","ZNY","2","Added",""
"IAD","IAD CLTCH3 FLASK VIEWS DEHAN3 FTY","FTY","","H","","","","","1","ZDC","ZTL","2","Added",""
"IAD","IAD JDUBB4 RRSIN GSO Q83 JEVED Q97 KENLL CPTAN3 FXE","FXE","","H","","","","","1","ZDC","ZMA","2","Added",""
"IAD","IAD SCRAM6 GLANC FUBLL JUNNR4 GMU","GMU","","H","","","","","1","ZDC","ZTL","2","Added",""
"IAD","IAD MCRAY2 MCRAY Q178 DJB GRB","GRB","","H","","","","","1","ZDC","ZMP","2","Added",""
"IAD","IAD MCRAY2 MCRAY Q178 DJB J34 ALPHE GRR","GRR","","H","","","","","1","ZDC","ZAU","2","Added",""
"IAD","IAD WOOLY2 SWANN BROSS Q419 DPK MAD T303 HFD HFD","HFD","","H","","","","","1","ZDC","ZBW","2","Added",""
"IAD","IAD JERES2 JERES Q221 DLMAR WOZEE IAG","IAG","","H","","","","","1","ZDC","ZOB","2","Added",""
"IAD","IAD RNLDI4 OTTTO Q176 BUM CASSO ICT","ICT","","H","","","","","1","ZDC","ZKC","2","Added",""
"IAD","IAD JDUBB4 MELTN SBV RDU FAY V296 ILM ILM","ILM","","H","","","","","1","ZDC","ZDC","2","Added",""
"IAD","IAD JCOBY4 SCOOB PAACK ILM","ILM","","H","","","","","2","ZDC","ZDC","2","Added",""
"IAD","IAD JDUBB4 RRSIN GSO Q83 ROYCO Q85 LPERD SNFLD3 ISM","ISM","","H","","","","","1","ZDC","ZJX","2","Added",""
"IAD","IAD JERES2 JERES Q227 STUBN ITH","ITH","","H","","","","","1","ZDC","ZNY","2","Added",""
"IAD","IAD WOOLY2 AGARD WNSTN T320 ORCHA JPX","JPX","","H","","","","","1","ZDC","ZNY","2","Added",""
"IAD","IAD MCRAY2 MCRAY Q178 DJB J34 CRL LAN","LAN","","H","","","","","1","ZDC","ZOB","2","Added",""
"IAD","IAD RNLDI4 OTTTO Q176 HNN LEX","LEX","","H","","","","","1","ZDC","ZID","2","Added",""
"IAD","IAD RNLDI4 OTTTO COLNS BRUSH GAVNN LUK","LUK","","H","","","","","1","ZDC","ZID","2","Added",""
"IAD","IAD SCRAM6 GLANC LYH SPA MCN","MCN","","H","","","","","1","ZDC","ZTL","2","Added",""
"IAD","IAD MCRAY2 MCRAY Q178 DJB J34 BAE MSN","MSN","","H","","","","","1","ZDC","ZAU","2","Added",""
"IAD","IAD JERES2 JERES Q227 STUBN SYR ART OGS","OGS","","H","","","","","1","ZDC","ZBW","2","Added",""
"IAD","IAD JDUBB4 RRSIN GSO Q83 JEVED Q97 PRMUS CUUDA3 OPF","OPF","","H","","","","","1","ZDC","ZMA","2","Added",""
"IAD","IAD JDUBB4 RRSIN GSO Q83 ROYCO Q85 LPERD TTHOR3 ORL","ORL","","H","","","","","1","ZDC","ZJX","2","Added",""
"IAD","IAD CLTCH3 FLASK VIEWS DEHAN3 PDK","PDK","","H","","","","","1","ZDC","ZTL","2","Added",""
"IAD","IAD WOOLY2 SWANN BROSS Q419 DPK HUD4 POU","POU","","H","","","","","1","ZDC","ZNY","2","Added",""
"IAD","IAD CLTCH3 MAULS Q40 AEX CAAGE QERVO1 SAT","SAT","","H","","","","","1","ZDC","ZHU","2","Added",""
"IAD","IAD JDUBB4 RRSIN GSO Q83 ROYCO Q85 LPERD TTHOR3 SFB","SFB","","H","","","","","1","ZDC","ZJX","2","Added",""
"IAD","IAD JCOBY4 SCOOB MOXXY Q85 LPERD TTHOR3 SFB","SFB","","H","","","","","2","ZDC","ZJX","2","Added",""
"IAD","IAD JERES2 JERES Q227 STENT CFB LAMMS SLK","SLK","","H","","","","","1","ZDC","ZBW","2","Added",""
"IAD","IAD SCRAM6 GLANC FUBLL JUNNR4 SPA","SPA","","H","","","","","1","ZDC","ZTL","2","Added",""
"IAD","IAD WOOLY2 SWANN BROSS Q419 DPK HUD4 SWF","SWF","","H","","","","","1","ZDC","ZNY","2","Added",""
"IAD","IAD SCRAM6 GLANC COLZI IRQ PZD SZW TLH","TLH","","H","","","","","1","ZDC","ZJX","2","Added",""
"IAD","IAD JDUBB4 RRSIN GSO Q83 JEVED Q97 DEBRL CSTAL2 TMB","TMB","","H","","","","","1","ZDC","ZMA","2","Added",""
"IAD","IAD JERES2 JERES J211 JST EWC TOL","TOL","","H","","","","","1","ZDC","ZOB","2","Added",""
"IAD","IAD MCRAY2 MCRAY Q178 DJB TVC","TVC","","H","","","","","1","ZDC","ZMP","2","Added",""
"ORF","ORF SCHOL KALDA Q167 ORCHA ORW DREEM2 BED","BED","","H","","","","","1","ZDC","ZBW","2","Added",""
"ORF","ORF COUPN BEETN RDU SHPRD VXV SWFFT2 BNA","BNA","","H","","","","","1","ZDC","ZME","2","Added",""
"ORF","ORF COUPN DFENC Q109 JOHAR AMYLU AMYLU3 CHS","CHS","","H","","","","","1","ZDC","ZJX","2","Added",""
"ORF","ORF WAIKS KELLE MOL J24 HVQ JANYS ROLLN2 CLE","CLE","","H","","","","","1","ZDC","ZOB","2","Added",""
"ORF","ORF WAIKS KELLE MOL FAIIR GAVNN7 CVG","CVG","","H","","","","","1","ZDC","ZID","2","Added",""
"ORF","ORF COUPN BEETN RDU SHPRD AWYAT Q52 CHOPZ THRSR VLKNN Q30 IZAAC PUDJE REDDN4 DAL","DAL","","H","","","","","1","ZDC","ZFW","2","Added",""
"ORF","ORF WAIKS KELLE MOL J24 FLM GBEES Q176 STL J24 OATHE CLASH4 DEN","DEN","","H","","","","","1","ZDC","ZDV","2","Added",""
"ORF","ORF COUPN BEETN RDU SHPRD AWYAT Q52 CHOPZ THRSR VLKNN Q30 IZAAC YUYUN WHINY4 DFW","DFW","","H","","","","","1","ZDC","ZFW","2","Added",""
"ORF","ORF COUPN BEETN RDU SHPRD AWYAT Q52 CHOPZ THRSR VLKNN Q30 IZAAC YUYUN BEREE3 DFW","DFW","","H","","","","","2","ZDC","ZFW","2","Added",""
"ORF","ORF SCHOL KALDA Q108 SIE BOUNO5 HPN","HPN","","H","","","","","1","ZDC","ZNY","2","Added",""
"ORF","ORF COUPN BEETN RDU SHPRD VXV BNA BLUZZ5 MEM","MEM","","H","","","","","1","ZDC","ZME","2","Added",""
"ORF","ORF SCHOL KALDA Q133 JFK SMYTH ROZZE2 MHT","MHT","","H","","","","","1","ZDC","ZBW","2","Added",""
"ORF","ORF COUPN BEETN JIMAR EYOBI CEELY Q172 YUTEE KISTN WRGNZ3 PDK","PDK","","H","","","","","1","ZDC","ZTL","2","Added",""
"ORF","ORF COUPN BEETN JIMAR DEEEZ Q409 PUPYY KYYUU LUBBR3 PGD","PGD","","H","","","","","1","ZDC","ZMA","2","Added",""
"ORF","ORF COUPN BEETN JIMAR DEEEZ Q409 PUPYY BAAMF DADES1 PIE","PIE","","H","","","","","1","ZDC","ZMA","2","Added",""
"ORF","ORF SCHOL KALDA Q133 LLUND BDR SCOGS3 PWM","PWM","","H","","","","","1","ZDC","ZBW","2","Added",""
"RDU","RDU HURIC4 FEBEL GUILD JAMIE CONFR Q133 JFK DPK MAD HFD DREEM2 BED","BED","","H","","","","","1","ZDC","ZBW","2","Added",""
"RDU","RDU SHPRD4 SHPRD DEBIE IPTAY CHOPZ THRSR KIOSK BHM","BHM","","H","","","","","1","ZDC","ZTL","2","Added",""
"RDU","RDU SHPRD4 SHPRD VXV SWFFT2 BNA","BNA","","H","","","","","1","ZDC","ZME","2","Added",""
"RDU","RDU CATAR SDAIL CHSLY6 CLT","CLT","","H","","","","","1","ZDC","ZTL","2","Added",""
"RDU","RDU SHPRD4 SHPRD VXV BNA FAM J112 BUM J110 GCK KIISS CLASH4 DEN","DEN","","H","","","","","1","ZDC","ZDV","2","Added",""
"RDU","RDU BEXGO5 BOUSY GEARS BBOBO Q22 BESSI CYN BOUNO5 HPN","HPN","","H","","","","","1","ZDC","ZNY","2","Added",""
"RDU","RDU SHPRD4 SHPRD VXV BNA J46 ARG SGF NELVY MHOMS3 MCI","MCI","","H","","","","","1","ZDC","ZKC","2","Added",""
"RDU","RDU OXFRD5 CARML COURG REEES T299 HAR MDT","MDT","","H","","","","","1","ZDC","ZNY","2","Added",""
"RDU","RDU SHPRD4 SHPRD VXV BNA BLUZZ5 MEM","MEM","","H","","","","","1","ZDC","ZME","2","Added",""
"RDU","RDU HURIC4 FEBEL GUILD JAMIE CONFR Q133 JFK SMYTH ROZZE2 MHT","MHT","","H","","","","","1","ZDC","ZBW","2","Added",""
"RDU","RDU SHPRD4 SHPRD HMV FLM MACES VINNE BRAVE EXARR MKE","MKE","","H","","","","","1","ZDC","ZAU","2","Added",""
"RDU","RDU LWOOD5 DANCO HVQ FWA GIJ KAMMA KKILR3 MSP","MSP","","H","","","","","1","ZDC","ZMP","2","Added",""
"RDU","RDU SHPRD4 SHPRD BURGG Q22 CATLN SJI MNSTR1 MSY","MSY","","H","","","","","1","ZDC","ZHU","2","Added",""
"RDU","RDU HOOKZ5 DAWTS BLAAN RIELE Q103 PUPYY BAAMF DADES1 PIE","PIE","","H","","","","","1","ZDC","ZMA","2","Added",""
"RDU","RDU SHPRD4 SHPRD VXV BNA J46 TUL MMB CIM RSK J58 ILC KNGRY RAZRR5 SJC","SJC","","H","","","","","1","ZDC","ZOA","2","Added",""
"RDU","RDU SHPRD4 SHPRD VXV BNA BOOSH3 STL","STL","","H","","","","","1","ZDC","ZKC","2","Added",""
"RDU","RDU OXFRD5 CARML SWNGR JAIKE4 TEB","TEB","","H","TO 47N, CDW, LDJ, MMU, SMQ, TEB","","","","1","ZDC","ZNY","2","Added",""
"RIC","RIC LUCYL6 LUCYL HYTRA GRACO BROSS Q419 DPK DPK3 BDL","BDL","","H","TO BAF, BDL, CEF","","","","1","ZDC","ZBW","2","Added",""
"RIC","RIC KALLI7 READE LYH DANCO VXV SWFFT2 BNA","BNA","","H","","","","","1","ZDC","ZME","2","Added",""
"RIC","RIC KALLI7 READE MOL J24 HVQ JANYS ROLLN2 CLE","CLE","","H","","","","","1","ZDC","ZOB","2","Added",""
"RIC","RIC KALLI7 SANNY COLZI Q52 CHOPZ THRSR VLKNN Q30 IZAAC PUDJE REDDN4 DAL","DAL","","H","","","","","1","ZDC","ZFW","2","Added",""
"RIC","RIC KALLI7 READE MOL J24 FLM GBEES Q176 STL J24 OATHE CLASH4 DEN","DEN","","H","","","","","1","ZDC","ZDV","2","Added",""
"RIC","RIC KALLI7 SANNY COLZI Q52 CHOPZ THRSR VLKNN Q30 IZAAC YUYUN WHINY4 DFW","DFW","","H","","","","","1","ZDC","ZFW","2","Added",""
"RIC","RIC KALLI7 SANNY COLZI Q52 CHOPZ THRSR VLKNN Q30 IZAAC YUYUN BEREE3 DFW","DFW","","H","","","","","2","ZDC","ZFW","2","Added",""
"RIC","RIC KALLI7 READE BOJAR T414 HENBY BZM EXX","EXX","","H","","","","","1","ZDC","ZTL","2","Added",""
"RIC","RIC KALLI7 READE BOJAR T414 BONZE HKY","HKY","","H","","","","","1","ZDC","ZTL","2","Added",""
"RIC","RIC LUCYL6 LUCYL HYTRA GRACO NACYN BESSI CYN BOUNO5 HPN","HPN","","H","","","","","1","ZDC","ZNY","2","Added",""
"RIC","RIC KALLI7 READE AIROW NASCR1 JQF","JQF","","H","","","","","1","ZDC","ZTL","2","Added",""
"RIC","RIC KALLI7 READE MOL GEFFS J149 FWA PANGG5 MDW","MDW","","H","","","","","1","ZDC","ZAU","2","Added",""
"RIC","RIC KALLI7 READE DANCO VXV BNA BLUZZ5 MEM","MEM","","H","","","","","1","ZDC","ZME","2","Added",""
"RIC","RIC LUCYL6 LUCYL HYTRA GRACO BROSS Q419 RBV Q22 LLUND SMYTH ROZZE2 MHT","MHT","","H","","","","","1","ZDC","ZBW","2","Added",""
"RIC","RIC KALLI7 READE MOL J24 BIGAL EWESS RICCS LEJOY DEMME5 PIT","PIT","","H","","","","","1","ZDC","ZOB","2","Added",""
"RIC","RIC LUCYL6 LUCYL HYTRA GRACO BROSS Q419 RBV Q430 CREEL ORCHA JORDN JORDN2 PVD","PVD","","H","","","","","1","ZDC","ZBW","2","Added",""
"RIC","RIC LUCYL6 LUCYL HYTRA GRACO BROSS Q419 RBV Q22 LLUND BDR SCOGS3 PWM","PWM","","H","","","","","1","ZDC","ZBW","2","Added",""
"RIC","RIC KALLI7 KALLI7 READE AIROW NASCR1 RUQ","RUQ","","H","","","","","1","ZDC","ZTL","2","Added",""
"RIC","RIC KALLI7 READE BOJAR T414 BONZE SVH","SVH","","H","","","","","1","ZDC","ZTL","2","Added",""
"RIC","RIC LUCYL6 LUCYL HYTRA JAIKE4 TEB","TEB","","H","TO 47N, CDW, LDJ, MMU, SMQ, TEB","","","","1","ZDC","ZNY","2","Added",""
"RIC","RIC KALLI7 READE AIROW NASCR1 VUJ","VUJ","","H","","","","","1","ZDC","ZTL","2","Added",""
