"EFF_DATE","ORIGIN_ID","ORIGIN_CITY","ORIGIN_STATE_CODE","ORIGIN_COUNTRY_CODE","DSTN_ID","DSTN_CITY","DSTN_STATE_CODE","DSTN_COUNTRY_CODE","PFR_TYPE_CODE","ROUTE_NO","SPECIAL_AREA_DESCRIP","ALT_DESCRIP","AIRCRAFT","HOURS","ROUTE_DIR_DESCRIP","DESIGNATOR","NAR_TYPE","INLAND_FAC_FIX","COASTAL_FIX","DESTINATION","ROUTE_STRING","File","Action","Mods"
"2024/12/26","APF","NAPLES","FL","US","ORL","ORLANDO","FL","US","L","1","","","","","","","","","","","MOANS MINEE MINEE5","1","Modified","ROUTE_STRING"
"2025/02/20","APF","NAPLES","FL","US","ORL","ORLANDO","FL","US","L","1","","","","","","","","","","","MOANS MINEE MINEE6","2","Modified","ROUTE_STRING"
"2024/12/26","APF","NAPLES","FL","US","TPA","TAMPA","FL","US","H","3","","","","","","","","","","","FERAL BLFRG2","1","Modified","ROUTE_STRING"
"2025/02/20","APF","NAPLES","FL","US","TPA","TAMPA","FL","US","H","3","","","","","","","","","","","FERAL BLFRG3","2","Modified","ROUTE_STRING"
"2024/12/26","APF","NAPLES","FL","US","TPA","TAMPA","FL","US","L","1","","","","","","","","","","","FERAL BLFRG2","1","Modified","ROUTE_STRING"
"2025/02/20","APF","NAPLES","FL","US","TPA","TAMPA","FL","US","L","1","","","","","","","","","","","FERAL BLFRG3","2","Modified","ROUTE_STRING"
"2024/12/26","AZO","KALAMAZOO","MI","US","CVG","COVINGTON","KY","US","H","1","","","","","","","","","","","FWA ZEKUS ARBAS RID MEEKR CVG","1","Modified","ROUTE_STRING"
"2025/02/20","AZO","KALAMAZOO","MI","US","CVG","COVINGTON","KY","US","H","1","","","","","","","","","","","FWA ZEKUS ARBAS","2","Modified","ROUTE_STRING"
"2024/12/26","BDL","WINDSOR LOCKS","CT","US","ILG","WILMINGTON","DE","US","L","2","","110-170","NON-TURBOJET","1100-0300","","","","","","","HFD T216 THUMB ORCHA T320 BRIGS VCN9","1","Modified","ROUTE_STRING"
"2025/02/20","BDL","WINDSOR LOCKS","CT","US","ILG","WILMINGTON","DE","US","L","2","","110-170","NON-TURBOJET","1100-0300","","","","","","","HFD T216 THUMB ORCHA T320 BRIGS ACY V184 OOD","2","Modified","ROUTE_STRING"
"2024/12/26","BDL","WINDSOR LOCKS","CT","US","PNE","PHILADELPHIA","PA","US","L","3","","110-170","NON-TURBOJET","1100-0300","","","","","","","HFD T216 THUMB ORCHA T320 BRIGS VCN9","1","Modified","ROUTE_STRING"
"2025/02/20","BDL","WINDSOR LOCKS","CT","US","PNE","PHILADELPHIA","PA","US","L","3","","110-170","NON-TURBOJET","1100-0300","","","","","","","HFD T216 THUMB ORCHA T320 BRIGS ACY V184 OOD","2","Modified","ROUTE_STRING"
"2024/12/26","BFI","SEATTLE","WA","US","BUR","BURBANK","CA","US","H","1","","FL240 AND ABOVE","","","","","","","","","TAOMA J5 SUMMA Q9 REBRG ROKKR2","1","Modified","ROUTE_STRING"
"2025/02/20","BFI","SEATTLE","WA","US","BUR","BURBANK","CA","US","H","1","","FL240 AND ABOVE","","","","","","","","","TAOMA J5 SUMMA Q9 REBRG ROKKR3","2","Modified","ROUTE_STRING"
"2024/12/26","BFI","SEATTLE","WA","US","SMO","SANTA MONICA","CA","US","H","1","","FL240 AND ABOVE","","","","","","","","","TAOMA J5 SUMMA Q9 SUNBE FRA REBRG BONJO2","1","Modified","ROUTE_STRING"
"2025/02/20","BFI","SEATTLE","WA","US","SMO","SANTA MONICA","CA","US","H","1","","FL240 AND ABOVE","","","","","","","","","TAOMA J5 SUMMA Q9 SUNBE FRA REBRG BONJO3","2","Modified","ROUTE_STRING"
"2024/12/26","BFI","SEATTLE","WA","US","VNY","VAN NUYS","CA","US","H","1","","FL240 AND ABOVE","","","","","","","","","TAOMA J5 SUMMA Q9 SUNBE FRA REBRG IVINS1","1","Modified","ROUTE_STRING"
"2025/02/20","BFI","SEATTLE","WA","US","VNY","VAN NUYS","CA","US","H","1","","FL240 AND ABOVE","","","","","","","","","TAOMA J5 SUMMA Q9 SUNBE FRA REBRG IVINS2","2","Modified","ROUTE_STRING"
"2024/12/26","BOS","BOSTON","MA","US","ILG","WILMINGTON","DE","US","L","3","","110-170","JETS","1100-0300","","","","","","","BOS SSOXS LUCOS SEY ORCHA T320 BRIGS VCN9","1","Modified","ROUTE_STRING"
"2025/02/20","BOS","BOSTON","MA","US","ILG","WILMINGTON","DE","US","L","3","","110-170","JETS","1100-0300","","","","","","","BOS SSOXS LUCOS SEY ORCHA T320 BRIGS JIIMS4","2","Modified","ROUTE_STRING"
"2024/12/26","BOS","BOSTON","MA","US","PNE","PHILADELPHIA","PA","US","L","8","","110-170","JETS","1100-0300","","","","","","","BOS SSOXS LUCOS SEY ORCHA T320 BRIGS VCN9","1","Modified","ROUTE_STRING"
"2025/02/20","BOS","BOSTON","MA","US","PNE","PHILADELPHIA","PA","US","L","8","","110-170","JETS","1100-0300","","","","","","","BOS SSOXS LUCOS SEY ORCHA T320 BRIGS JIIMS4","2","Modified","ROUTE_STRING"
"2024/12/26","BOS","BOSTON","MA","US","SLC","SALT LAKE CITY","UT","US","H","1","","","TURBOJETS ONLY: DME/DME/IRU OR GPS REQUIRED","1100-0300","","","","","","","HYLND7 HYLND HANAA Q816 HOCKE BAE DBQ FOD ONL J94 OCS NORDK6","1","Modified","ROUTE_STRING"
"2025/02/20","BOS","BOSTON","MA","US","SLC","SALT LAKE CITY","UT","US","H","1","","","TURBOJETS ONLY: DME/DME/IRU OR GPS REQUIRED","1100-0300","","","","","","","HYLND7 HYLND HANAA Q816 HOCKE BAE DBQ FOD ONL J94 BFF CKW CARTR1","2","Modified","ROUTE_STRING"
"2024/12/26","BWI","BALTIMORE","MD","US","CLE","CLEVELAND","OH","US","H","1","","","TURBOJETS","","","","","","","","LINSE1 JERES J211 JST UPPRR TRYBE4","1","Modified","ROUTE_STRING"
"2025/02/20","BWI","BALTIMORE","MD","US","CLE","CLEVELAND","OH","US","H","1","","","TURBOJETS","","","","","","","","LINSE2 JERES J211 JST UPPRR TRYBE4","2","Modified","ROUTE_STRING"
"2024/12/26","BWI","BALTIMORE","MD","US","CMH","COLUMBUS","OH","US","H","1","","","TURBOJETS","","","","","","","","FOXHL1 RAMAY Q72 HACKS SCRLT SCRLT2","1","Modified","ROUTE_STRING"
"2025/02/20","BWI","BALTIMORE","MD","US","CMH","COLUMBUS","OH","US","H","1","","","TURBOJETS","","","","","","","","FOXHL1 RAMAY Q72 HACKS SCRLT2","2","Modified","ROUTE_STRING"
"2024/12/26","BWI","BALTIMORE","MD","US","CYOW","OTTAWA","","CA","H","1","","","","","","","","","","","LINSE1 JERES Q227 STUBN SYR ART DEANS-STAR","1","Modified","ROUTE_STRING"
"2025/02/20","BWI","BALTIMORE","MD","US","CYOW","OTTAWA","","CA","H","1","","","","","","","","","","","LINSE2 JERES Q227 STUBN SYR ART DEANS-STAR","2","Modified","ROUTE_STRING"
"2024/12/26","BWI","BALTIMORE","MD","US","CYYZ","TORONTO","","CA","H","1","","","","","","","","","","","LINSE1 JERES Q221 DLMAR WOZEE LINNG-STAR","1","Modified","ROUTE_STRING"
"2025/02/20","BWI","BALTIMORE","MD","US","CYYZ","TORONTO","","CA","H","1","","","","","","","","","","","LINSE2 JERES Q221 DLMAR WOZEE LINNG-STAR","2","Modified","ROUTE_STRING"
"2024/12/26","BWI","BALTIMORE","MD","US","DET","DETROIT","MI","US","H","1","TO DETROIT SATS(DET,ARB,PTK,YIP,CYQG)","","TURBOJETS: DME/DME/IRU OR GPS REQUIRED","","","","","","","","LINSE1 MCRAY Q178 KOZAR FOREY2","1","Modified","ROUTE_STRING"
"2025/02/20","BWI","BALTIMORE","MD","US","DET","DETROIT","MI","US","H","1","TO DETROIT SATS(DET,ARB,PTK,YIP,CYQG)","","TURBOJETS: DME/DME/IRU OR GPS REQUIRED","","","","","","","","LINSE2 MCRAY Q178 KOZAR FOREY2","2","Modified","ROUTE_STRING"
"2024/12/26","BWI","BALTIMORE","MD","US","DTW","DETROIT","MI","US","H","3","","","","","DTW NORTH FLOW","","","","","","LINSE1 MCRAY Q178 KOZAR KLYNK3","1","Modified","ROUTE_STRING"
"2025/02/20","BWI","BALTIMORE","MD","US","DTW","DETROIT","MI","US","H","3","","","","","DTW NORTH FLOW","","","","","","LINSE2 MCRAY Q178 KOZAR KLYNK3","2","Modified","ROUTE_STRING"
"2024/12/26","BWI","BALTIMORE","MD","US","DTW","DETROIT","MI","US","H","4","","","","","DTW SOUTH FLOW","","","","","","LINSE1 MCRAY Q178 KOZAR BONZZ2","1","Modified","ROUTE_STRING"
"2025/02/20","BWI","BALTIMORE","MD","US","DTW","DETROIT","MI","US","H","4","","","","","DTW SOUTH FLOW","","","","","","LINSE2 MCRAY Q178 KOZAR BONZZ2","2","Modified","ROUTE_STRING"
"2024/12/26","BWI","BALTIMORE","MD","US","GSP","GREER","SC","US","H","1","","","","","","","","","","","TERPZ8 GLANC FUBLL JUNNR","1","Modified","ROUTE_STRING"
"2025/02/20","BWI","BALTIMORE","MD","US","GSP","GREER","SC","US","H","1","","","","","","","","","","","TERPZ8 GLANC FUBLL JUNNR4","2","Modified","ROUTE_STRING"
"2024/12/26","BWI","BALTIMORE","MD","US","ISP","NEW YORK","NY","US","H","1","","","TURBOJETS","1100-0300","","","","","","","DUKPN1 DONIL SIE BRIGS Q439 SARDI CCC","1","Modified","AIRCRAFT ROUTE_STRING"
"2025/02/20","BWI","BALTIMORE","MD","US","ISP","NEW YORK","NY","US","H","1","","","","1100-0300","","","","","","","DUKPN1 DONIL WNSTN Q439 SARDI CCC","2","Modified","AIRCRAFT ROUTE_STRING"
"2024/12/26","BWI","BALTIMORE","MD","US","LCK","COLUMBUS","OH","US","H","1","","","","","","","","","","","FOXHL1 RAMAY Q72 HACKS SCRLT SCRLT2","1","Modified","ROUTE_STRING"
"2025/02/20","BWI","BALTIMORE","MD","US","LCK","COLUMBUS","OH","US","H","1","","","","","","","","","","","FOXHL1 RAMAY Q72 HACKS SCRLT2","2","Modified","ROUTE_STRING"
"2024/12/26","BWI","BALTIMORE","MD","US","MKE","MILWAUKEE","WI","US","H","1","","","TURBOJETS","","","","","","","","LINSE1 MCRAY Q178 DJB J34 CRL PEGEE GETCH LYSTR SUDDS","1","Modified","ROUTE_STRING"
"2025/02/20","BWI","BALTIMORE","MD","US","MKE","MILWAUKEE","WI","US","H","1","","","TURBOJETS","","","","","","","","LINSE2 MCRAY Q178 DJB J34 CRL PEGEE GETCH LYSTR SUDDS","2","Modified","ROUTE_STRING"
"2024/12/26","BWI","BALTIMORE","MD","US","MSP","MINNEAPOLIS","MN","US","H","1","","","TURBOJETS","","","","","","","","LINSE1 MCRAY Q178 DJB J34 VIO KAMMA KKILR3","1","Modified","ROUTE_STRING"
"2025/02/20","BWI","BALTIMORE","MD","US","MSP","MINNEAPOLIS","MN","US","H","1","","","TURBOJETS","","","","","","","","LINSE2 MCRAY Q178 DJB J34 VIO KAMMA KKILR3","2","Modified","ROUTE_STRING"
"2024/12/26","BWI","BALTIMORE","MD","US","PIT","PITTSBURGH","PA","US","H","1","","","TURBOJETS","","","","","","","","LINSE1 MCRAY Q178 LEJOY DEMME5","1","Modified","ROUTE_STRING"
"2025/02/20","BWI","BALTIMORE","MD","US","PIT","PITTSBURGH","PA","US","H","1","","","TURBOJETS","","","","","","","","LINSE2 MCRAY Q178 LEJOY DEMME5","2","Modified","ROUTE_STRING"
"2024/12/26","BWI","BALTIMORE","MD","US","ROC","ROCHESTER","NY","US","H","1","","","TURBOJETS","1100-0300","","","","","","","LINSE1 JERES Q227 STUBN GIBBE","1","Modified","ROUTE_STRING"
"2025/02/20","BWI","BALTIMORE","MD","US","ROC","ROCHESTER","NY","US","H","1","","","TURBOJETS","1100-0300","","","","","","","LINSE2 JERES Q227 STUBN GIBBE","2","Modified","ROUTE_STRING"
"2024/12/26","BWI","BALTIMORE","MD","US","SYR","SYRACUSE","NY","US","H","1","","","TURBOJET","","","","","","","","LINSE1 JERES Q227 STENT CFB T335 CORTA","1","Modified","ROUTE_STRING"
"2025/02/20","BWI","BALTIMORE","MD","US","SYR","SYRACUSE","NY","US","H","1","","","TURBOJET","","","","","","","","LINSE2 JERES Q227 STENT CFB T335 CORTA","2","Modified","ROUTE_STRING"
"2024/12/26","CHO","CHARLOTTESVILLE","VA","US","CLT","CHARLOTTE","NC","US","H","1","","AOB FL240","","","","","","","","","GVE AIROW CHSLY6","1","Modified","ALT_DESCRIP ROUTE_STRING"
"2025/02/20","CHO","CHARLOTTESVILLE","VA","US","CLT","CHARLOTTE","NC","US","H","1","","","","","","","","","","","AIROW CHSLY6","2","Modified","ALT_DESCRIP ROUTE_STRING"
"2024/12/26","CHO","CHARLOTTESVILLE","VA","US","ORD","CHICAGO","IL","US","H","1","","","","","","","","","","","RICCS HACKS J149 ROD WATSN4","1","Modified","ROUTE_STRING"
"2025/02/20","CHO","CHARLOTTESVILLE","VA","US","ORD","CHICAGO","IL","US","H","1","","","","","","","","","","","EKN GEFFS J149 ROD WATSN4","2","Modified","ROUTE_STRING"
"2024/12/26","CHS","CHARLESTON","SC","US","DTW","DETROIT","MI","US","H","2","","","","","DTW SOUTH FLOW","","","","","","MLTRE3 JYMSE SCAMS BKW JAMOX BONZZ2","1","Modified","ROUTE_STRING"
"2025/02/20","CHS","CHARLESTON","SC","US","DTW","DETROIT","MI","US","H","2","","","","","DTW SOUTH FLOW","","","","","","MLTRE3 JYMSE SCAMS SITTR JAMOX BONZZ2","2","Modified","ROUTE_STRING"
"2024/12/26","CHS","CHARLESTON","SC","US","DTW","DETROIT","MI","US","H","3","","","","","DTW NORTH FLOW","","","","","","MLTRE3 JYMSE SCAMS BKW JAMOX KLYNK3","1","Modified","ROUTE_STRING"
"2025/02/20","CHS","CHARLESTON","SC","US","DTW","DETROIT","MI","US","H","3","","","","","DTW NORTH FLOW","","","","","","MLTRE3 JYMSE SCAMS SITTR JAMOX KLYNK3","2","Modified","ROUTE_STRING"
"2024/12/26","CHS","CHARLESTON","SC","US","PHL","PHILADELPHIA","PA","US","H","2","TO ILG,MQS,PHL,PNE,TTN","","","","","","","","","","PLMTO3 CRE RAPZZ Q135 CUDLE Q117 SAWED Q97 ZJAAY JIIMS4","1","Modified","ROUTE_STRING"
"2025/02/20","CHS","CHARLESTON","SC","US","PHL","PHILADELPHIA","PA","US","H","2","TO ILG,MQS,PHL,PNE,TTN","","","","","","","","","","PLMTO3 CRE RAPZZ Q135 RREGG Q117 SAWED Q97 ZJAAY JIIMS4","2","Modified","ROUTE_STRING"
"2024/12/26","CLE","CLEVELAND","OH","US","RDU","RALEIGH/DURHAM","NC","US","H","2","FROM CLEVELAND METRO(CLE,CGF,BKL,LNN,LPR)","","","","","","","","","","CAVVS4 APE BKW FRIKY ALDAN4","1","Modified","ROUTE_STRING"
"2025/02/20","CLE","CLEVELAND","OH","US","RDU","RALEIGH/DURHAM","NC","US","H","2","FROM CLEVELAND METRO(CLE,CGF,BKL,LNN,LPR)","","","","","","","","","","CAVVS4 APE SITTR FRIKY ALDAN4","2","Modified","ROUTE_STRING"
"2024/12/26","CMH","COLUMBUS","OH","US","DFW","DALLAS-FORT WORTH","TX","US","H","2","","","RNAV TURBOJET","","DFW NORTH FLOW","","","","","","DQN CVG PXV J131 LIT FEWWW BRDJE5","1","Modified","ROUTE_STRING"
"2025/02/20","CMH","COLUMBUS","OH","US","DFW","DALLAS-FORT WORTH","TX","US","H","2","","","RNAV TURBOJET","","DFW NORTH FLOW","","","","","","PKACZ TARRY PXV J131 LIT FEWWW BRDJE5","2","Modified","ROUTE_STRING"
"2024/12/26","CMH","COLUMBUS","OH","US","DFW","DALLAS-FORT WORTH","TX","US","H","3","","","ALL OTHERS","","","","","","","","DQN CVG PXV J131 LIT WILBR9","1","Modified","ROUTE_STRING"
"2025/02/20","CMH","COLUMBUS","OH","US","DFW","DALLAS-FORT WORTH","TX","US","H","3","","","ALL OTHERS","","","","","","","","PKACZ TARRY PXV J131 LIT WILBR9","2","Modified","ROUTE_STRING"
"2024/12/26","DCA","WASHINGTON","DC","US","BUF","BUFFALO","NY","US","H","1","","","TURBOJETS","1100-0300","","","","","","","HORTO4 JERES Q221 DLMAR","1","Modified","ROUTE_STRING"
"2025/02/20","DCA","WASHINGTON","DC","US","BUF","BUFFALO","NY","US","H","1","","","TURBOJETS","1100-0300","","","","","","","HORTO4 JERES Q221 DLMAR BENEE","2","Modified","ROUTE_STRING"
"2024/12/26","DCA","WASHINGTON","DC","US","CMH","COLUMBUS","OH","US","H","1","","","TURBOJETS","","","","","","","","WYNGS5 RAMAY Q72 HACKS SCRLT SCRLT2","1","Modified","ROUTE_STRING"
"2025/02/20","DCA","WASHINGTON","DC","US","CMH","COLUMBUS","OH","US","H","1","","","TURBOJETS","","","","","","","","WYNGS5 RAMAY Q72 HACKS SCRLT2","2","Modified","ROUTE_STRING"
"2024/12/26","DCA","WASHINGTON","DC","US","GSO","GREENSBORO","NC","US","L","1","","70-170 INCL","NON-JET","","","","","","","","CSN V140 MOL V143 LYH V222 HENBY","1","Modified","ROUTE_STRING"
"2025/02/20","DCA","WASHINGTON","DC","US","GSO","GREENSBORO","NC","US","L","1","","70-170 INCL","NON-JET","","","","","","","","CSN V140 MOL AIROW HENBY","2","Modified","ROUTE_STRING"
"2024/12/26","DCA","WASHINGTON","DC","US","ISP","NEW YORK","NY","US","H","1","","","","1100-0400","","","","","","","DOCTR5 AGARD SIE BRIGS Q439 SARDI CCC","1","Modified","ROUTE_STRING"
"2025/02/20","DCA","WASHINGTON","DC","US","ISP","NEW YORK","NY","US","H","1","","","","1100-0400","","","","","","","DOCTR5 AGARD WNSTN Q439 SARDI CCC","2","Modified","ROUTE_STRING"
"2024/12/26","DCA","WASHINGTON","DC","US","LCK","COLUMBUS","OH","US","H","1","","","","","","","","","","","WYNGS5 RAMAY Q72 HACKS SCRLT SCRLT2","1","Modified","ROUTE_STRING"
"2025/02/20","DCA","WASHINGTON","DC","US","LCK","COLUMBUS","OH","US","H","1","","","","","","","","","","","WYNGS5 RAMAY Q72 HACKS SCRLT2","2","Modified","ROUTE_STRING"
"2024/12/26","DCA","WASHINGTON","DC","US","OSU","COLUMBUS","OH","US","H","1","","","","","","","","","","","WYNGS5 RAMAY Q72 HACKS SCRLT SCRLT2","1","Modified","ROUTE_STRING"
"2025/02/20","DCA","WASHINGTON","DC","US","OSU","COLUMBUS","OH","US","H","1","","","","","","","","","","","WYNGS5 RAMAY Q72 HACKS SCRLT2","2","Modified","ROUTE_STRING"
"2024/12/26","EWR","NEWARK","NJ","US","SLC","SALT LAKE CITY","UT","US","H","1","FROM NEWARK & SATS","","DME/DME/IRU OR GNSS REQUIRED","1100-0300","","","","","","","GAYEL Q818 WOZEE Q935 HOCKE BAE DBQ FOD ONL J94 OCS NORDK6","1","Modified","ROUTE_STRING"
"2025/02/20","EWR","NEWARK","NJ","US","SLC","SALT LAKE CITY","UT","US","H","1","FROM NEWARK & SATS","","DME/DME/IRU OR GNSS REQUIRED","1100-0300","","","","","","","GAYEL Q818 WOZEE Q935 HOCKE BAE DBQ FOD ONL J94 BFF CKW CARTR1","2","Modified","ROUTE_STRING"
"2024/12/26","EYW","KEY WEST","FL","US","MCO","ORLANDO","FL","US","H","1","","","","","","","","","","","CARNU RSW MINEE5","1","Modified","ROUTE_STRING"
"2025/02/20","EYW","KEY WEST","FL","US","MCO","ORLANDO","FL","US","H","1","","","","","","","","","","","CARNU RSW MINEE6","2","Modified","ROUTE_STRING"
"2024/12/26","EYW","KEY WEST","FL","US","MCO","ORLANDO","FL","US","L","1","","","","","","","","","","","CARNU RSW MINEE5","1","Modified","ROUTE_STRING"
"2025/02/20","EYW","KEY WEST","FL","US","MCO","ORLANDO","FL","US","L","1","","","","","","","","","","","CARNU RSW MINEE6","2","Modified","ROUTE_STRING"
"2024/12/26","EYW","KEY WEST","FL","US","TPA","TAMPA","FL","US","H","4","","","","","","","","","","","CARNU FERAL BLFRG2","1","Modified","ROUTE_STRING"
"2025/02/20","EYW","KEY WEST","FL","US","TPA","TAMPA","FL","US","H","4","","","","","","","","","","","CARNU FERAL BLFRG3","2","Modified","ROUTE_STRING"
"2024/12/26","EYW","KEY WEST","FL","US","TPA","TAMPA","FL","US","L","3","","110-170","","","","","","","","","CARNU FERAL BLFRG2","1","Modified","ROUTE_STRING"
"2025/02/20","EYW","KEY WEST","FL","US","TPA","TAMPA","FL","US","L","3","","110-170","","","","","","","","","CARNU FERAL BLFRG3","2","Modified","ROUTE_STRING"
"2024/12/26","FLL","FORT LAUDERDALE","FL","US","ACY","ATLANTIC CITY","NJ","US","H","1","","","","","","","","","","","AGERS1 DUCEN Q87 JROSS Q135 CUDLE Q117 SAWED Q97 ZJAAY RADDS SIE","1","Modified","ROUTE_STRING"
"2025/02/20","FLL","FORT LAUDERDALE","FL","US","ACY","ATLANTIC CITY","NJ","US","H","1","","","","","","","","","","","AGERS1 DUCEN Q87 JROSS Q135 RREGG Q117 SAWED Q97 ZJAAY RADDS SIE","2","Modified","ROUTE_STRING"
"2024/12/26","FLL","FORT LAUDERDALE","FL","US","PHL","PHILADELPHIA","PA","US","H","1","TO ILG,MQS,PHL,PNE,TTN","","","","","","","","","","AGERS1 DUCEN Q87 JROSS Q135 CUDLE Q117 SAWED Q97 ZJAAY JIIMS4","1","Modified","ROUTE_STRING"
"2025/02/20","FLL","FORT LAUDERDALE","FL","US","PHL","PHILADELPHIA","PA","US","H","1","TO ILG,MQS,PHL,PNE,TTN","","","","","","","","","","AGERS1 DUCEN Q87 JROSS Q135 RREGG Q117 SAWED Q97 ZJAAY JIIMS4","2","Modified","ROUTE_STRING"
"2024/12/26","FLL","FORT LAUDERDALE","FL","US","TPA","TAMPA","FL","US","H","1","","","","","","","","","","","BNICE2 COREA BLFRG2","1","Modified","ROUTE_STRING"
"2025/02/20","FLL","FORT LAUDERDALE","FL","US","TPA","TAMPA","FL","US","H","1","","","","","","","","","","","BNICE2 COREA BLFRG3","2","Modified","ROUTE_STRING"
"2024/12/26","FLL","FORT LAUDERDALE","FL","US","TPA","TAMPA","FL","US","L","3","","","","","","","","","","","BNICE2 COREA BLFRG2","1","Modified","ROUTE_STRING"
"2025/02/20","FLL","FORT LAUDERDALE","FL","US","TPA","TAMPA","FL","US","L","3","","","","","","","","","","","BNICE2 COREA BLFRG3","2","Modified","ROUTE_STRING"
"2024/12/26","FWA","FORT WAYNE","IN","US","CVG","COVINGTON","KY","US","H","1","","","","","","","","","","","FWA ZEKUS ARBAS RID MEEKR CVG","1","Modified","ROUTE_STRING"
"2025/02/20","FWA","FORT WAYNE","IN","US","CVG","COVINGTON","KY","US","H","1","","","","","","","","","","","ZEKUS ARBAS","2","Modified","ROUTE_STRING"
"2024/12/26","GRR","GRAND RAPIDS","MI","US","CVG","COVINGTON","KY","US","H","1","","","","","","","","","","","FWA ZEKUS ARBAS RID MEEKR CVG","1","Modified","ROUTE_STRING"
"2025/02/20","GRR","GRAND RAPIDS","MI","US","CVG","COVINGTON","KY","US","H","1","","","","","","","","","","","FWA ZEKUS ARBAS","2","Modified","ROUTE_STRING"
"2024/12/26","GSO","GREENSBORO","NC","US","DTW","DETROIT","MI","US","H","1","","","DME/DME/IRU OR GPS REQUIRED","","DTW SOUTH FLOW","","","","","","TRSHA1 TAARZ BKW JAMOX BONZZ2","1","Modified","ROUTE_STRING"
"2025/02/20","GSO","GREENSBORO","NC","US","DTW","DETROIT","MI","US","H","1","","","DME/DME/IRU OR GPS REQUIRED","","DTW SOUTH FLOW","","","","","","TRSHA1 TAARZ SITTR JAMOX BONZZ2","2","Modified","ROUTE_STRING"
"2024/12/26","GSO","GREENSBORO","NC","US","DTW","DETROIT","MI","US","H","2","","","DME/DME/IRU OR GPS REQUIRED","","DTW NORTH FLOW","","","","","","TRSHA1 TAARZ BKW JAMOX KLYNK3","1","Modified","ROUTE_STRING"
"2025/02/20","GSO","GREENSBORO","NC","US","DTW","DETROIT","MI","US","H","2","","","DME/DME/IRU OR GPS REQUIRED","","DTW NORTH FLOW","","","","","","TRSHA1 TAARZ SITTR JAMOX KLYNK3","2","Modified","ROUTE_STRING"
"2024/12/26","GSO","GREENSBORO","NC","US","ORD","CHICAGO","IL","US","H","3","","","","","","","","","","","TRSHA1 TAARZ PSK BKW VLADY J149 FWA WATSN4","1","Modified","ROUTE_STRING"
"2025/02/20","GSO","GREENSBORO","NC","US","ORD","CHICAGO","IL","US","H","3","","","","","","","","","","","TRSHA1 TAARZ PSK SITTR VLADY J149 FWA WATSN4","2","Modified","ROUTE_STRING"
"2024/12/26","HHR","HAWTHORNE","CA","US","CMA","CAMARILLO","CA","US","TEC","2","HHR TOA (RWY29) TO OXR CMA NTD","JM60","","","","SCTP27","","","","","LAX VTU","1","Modified","ROUTE_STRING"
"2025/02/20","HHR","HAWTHORNE","CA","US","CMA","CAMARILLO","CA","US","TEC","2","HHR TOA (RWY29) TO OXR CMA NTD","JM60","","","","SCTP27","","","","","SMO GINNA","2","Modified","ROUTE_STRING"
"2024/12/26","HHR","HAWTHORNE","CA","US","NTD","OXNARD","CA","US","TEC","2","HHR TOA (RWY29) TO OXR CMA NTD","JM60","","","","SCTP27","","","","","LAX VTU","1","Modified","ROUTE_STRING"
"2025/02/20","HHR","HAWTHORNE","CA","US","NTD","OXNARD","CA","US","TEC","2","HHR TOA (RWY29) TO OXR CMA NTD","JM60","","","","SCTP27","","","","","SMO GINNA","2","Modified","ROUTE_STRING"
"2024/12/26","HHR","HAWTHORNE","CA","US","OXR","OXNARD","CA","US","TEC","5","HHR TOA (RWY29) TO OXR CMA NTD","JM60","","","","SCTP27","","","","","LAX VTU","1","Modified","ROUTE_STRING"
"2025/02/20","HHR","HAWTHORNE","CA","US","OXR","OXNARD","CA","US","TEC","5","HHR TOA (RWY29) TO OXR CMA NTD","JM60","","","","SCTP27","","","","","SMO GINNA","2","Modified","ROUTE_STRING"
"2024/12/26","HHR","HAWTHORNE","CA","US","SBA","SANTA BARBARA","CA","US","TEC","5","HHR TOA (RWY29) TO SBA","JM100PQ60","","","","SCTP28","","","","","LAX V299 VTU VTU282026 KWANG","1","Modified","ROUTE_STRING"
"2025/02/20","HHR","HAWTHORNE","CA","US","SBA","SANTA BARBARA","CA","US","TEC","5","HHR TOA (RWY29) TO SBA","JM100PQ60","","","","SCTP28","","","","","LAX V299 VTU KWANG","2","Modified","ROUTE_STRING"
"2024/12/26","HOU","HOUSTON","TX","US","SAT","SAN ANTONIO","TX","US","H","1","","","NON-ADVANCED NAV ONLY","","","","","","","","IDU1 IDU MARCS1","2","Deleted",""
"2024/12/26","HOU","HOUSTON","TX","US","SLC","SALT LAKE CITY","UT","US","H","1","","","TURBOJETS - DME/DME/IRU OR GPS","","","","","","","","RETYR8 JCT J15 JNC HELPR LEEHY5","1","Modified","ROUTE_STRING"
"2025/02/20","HOU","HOUSTON","TX","US","SLC","SALT LAKE CITY","UT","US","H","1","","","TURBOJETS - DME/DME/IRU OR GPS","","","","","","","","RETYR8 JCT J15 JNC HELPR JAZZZ1","2","Modified","ROUTE_STRING"
"2024/12/26","HPN","WHITE PLAINS","NY","US","SLC","SALT LAKE CITY","UT","US","H","1","","","","","","","","","","","GAYEL Q818 WOZEE Q935 HOCKE BAE DBQ FOD ONL J94 OCS NORDK6","1","Modified","ROUTE_STRING"
"2025/02/20","HPN","WHITE PLAINS","NY","US","SLC","SALT LAKE CITY","UT","US","H","1","","","","","","","","","","","GAYEL Q818 WOZEE Q935 HOCKE BAE DBQ FOD ONL J94 BFF CKW CARTR1","2","Modified","ROUTE_STRING"
"2024/12/26","IAD","WASHINGTON","DC","US","BUF","BUFFALO","NY","US","H","1","","","","1100-0300","","","","","","","JERES2 JERES Q221 DLMAR","1","Modified","ROUTE_STRING"
"2025/02/20","IAD","WASHINGTON","DC","US","BUF","BUFFALO","NY","US","H","1","","","","1100-0300","","","","","","","JERES2 JERES Q221 DLMAR BENEE","2","Modified","ROUTE_STRING"
"2024/12/26","IAD","WASHINGTON","DC","US","CMH","COLUMBUS","OH","US","H","1","","","TURBOJETS","","","","","","","","BUNZZ3 RAMEY Q72 HACKS SCRLT SCRLT2","1","Modified","ROUTE_STRING"
"2025/02/20","IAD","WASHINGTON","DC","US","CMH","COLUMBUS","OH","US","H","1","","","TURBOJETS","","","","","","","","BUNZZ3 RAMEY Q72 HACKS SCRLT2","2","Modified","ROUTE_STRING"
"2024/12/26","IAD","WASHINGTON","DC","US","GSO","GREENSBORO","NC","US","L","1","","70-170 INCL,NON JET","","","","","","","","","CSN V140 MOL V143 LYH V222 HENBY","1","Modified","ALT_DESCRIP AIRCRAFT ROUTE_STRING"
"2025/02/20","IAD","WASHINGTON","DC","US","GSO","GREENSBORO","NC","US","L","1","","70-170 INCL","NON-JET","","","","","","","","CSN V140 MOL AIROW HENBY","2","Modified","ALT_DESCRIP AIRCRAFT ROUTE_STRING"
"2024/12/26","IAD","WASHINGTON","DC","US","ISP","NEW YORK","NY","US","H","1","","","TURBOJETS","1000-0400","","","","","","","WOOLY2 AGARD SIE BRIGS Q439 SARDI CCC","1","Modified","ROUTE_STRING"
"2025/02/20","IAD","WASHINGTON","DC","US","ISP","NEW YORK","NY","US","H","1","","","TURBOJETS","1000-0400","","","","","","","WOOLY2 AGARD WNSTN Q439 SARDI CCC","2","Modified","ROUTE_STRING"
"2024/12/26","IAD","WASHINGTON","DC","US","LCK","COLUMBUS","OH","US","H","1","","","","","","","","","","","BUNZZ3 RAMAY Q72 HACKS SCRLT SCRLT2","1","Modified","ROUTE_STRING"
"2025/02/20","IAD","WASHINGTON","DC","US","LCK","COLUMBUS","OH","US","H","1","","","","","","","","","","","BUNZZ3 RAMAY Q72 HACKS SCRLT2","2","Modified","ROUTE_STRING"
"2024/12/26","IAD","WASHINGTON","DC","US","OSU","COLUMBUS","OH","US","H","1","","","","","","","","","","","BUNZZ3 RAMAY Q72 HACKS SCRLT SCRLT2","1","Modified","ROUTE_STRING"
"2025/02/20","IAD","WASHINGTON","DC","US","OSU","COLUMBUS","OH","US","H","1","","","","","","","","","","","BUNZZ3 RAMAY Q72 HACKS SCRLT2","2","Modified","ROUTE_STRING"
"2024/12/26","IAH","HOUSTON","TX","US","SAT","SAN ANTONIO","TX","US","H","1","","","NON-ADVANCED NAV ONLY","","","","","","","","IDU1 IDU MARCS1","2","Deleted",""
"2024/12/26","IAH","HOUSTON","TX","US","SLC","SALT LAKE CITY","UT","US","H","1","","","TURBOJETS - DME/DME/IRU OR GPS","","IAH EAST FLOW","","","","","","PITZZ5 CRGER JCT J15 JNC HELPR LEEHY5","1","Modified","ROUTE_STRING"
"2025/02/20","IAH","HOUSTON","TX","US","SLC","SALT LAKE CITY","UT","US","H","1","","","TURBOJETS - DME/DME/IRU OR GPS","","IAH EAST FLOW","","","","","","PITZZ5 CRGER JCT J15 JNC HELPR JAZZZ1","2","Modified","ROUTE_STRING"
"2024/12/26","IAH","HOUSTON","TX","US","SLC","SALT LAKE CITY","UT","US","H","2","","","TURBOJETS - DME/DME/IRU OR GPS","","IAH WEST FLOW","","","","","","BNDTO6 CRGER JCT J15 JNC HELPR LEEHY5","1","Modified","ROUTE_STRING"
"2025/02/20","IAH","HOUSTON","TX","US","SLC","SALT LAKE CITY","UT","US","H","2","","","TURBOJETS - DME/DME/IRU OR GPS","","IAH WEST FLOW","","","","","","BNDTO6 CRGER JCT J15 JNC HELPR JAZZZ1","2","Modified","ROUTE_STRING"
"2024/12/26","ILM","WILMINGTON","NC","US","ATL","ATLANTA","GA","US","H","2","","","","","WEST FLOOR","","","","","","KAATT Q172 YUTEE SKWKR JJEDI3","1","Modified","ROUTE_DIR_DESCRIP"
"2025/02/20","ILM","WILMINGTON","NC","US","ATL","ATLANTA","GA","US","H","2","","","","","WEST FLOW","","","","","","KAATT Q172 YUTEE SKWKR JJEDI3","2","Modified","ROUTE_DIR_DESCRIP"
"2024/12/26","JAX","JACKSONVILLE","FL","US","PHL","PHILADELPHIA","PA","US","H","1","TO ILG,MQS,PHL,PNE,TTN","","","","","","","","","","CROSB2 WISPR JROSS Q135 CUDLE Q117 SAWED Q97 ZJAAY JIIMS4","1","Modified","ROUTE_STRING"
"2025/02/20","JAX","JACKSONVILLE","FL","US","PHL","PHILADELPHIA","PA","US","H","1","TO ILG,MQS,PHL,PNE,TTN","","","","","","","","","","CROSB2 WISPR JROSS Q135 RREGG Q117 SAWED Q97 ZJAAY JIIMS4","2","Modified","ROUTE_STRING"
"2024/12/26","JFK","NEW YORK","NY","US","SLC","SALT LAKE CITY","UT","US","H","1","","","","","","","","","","","GAYEL Q818 WOZEE Q935 HOCKE BAE DBQ FOD ONL J94 OCS NORDK6","1","Modified","ROUTE_STRING"
"2025/02/20","JFK","NEW YORK","NY","US","SLC","SALT LAKE CITY","UT","US","H","1","","","","","","","","","","","GAYEL Q818 WOZEE Q935 HOCKE BAE DBQ FOD ONL J94 BFF CKW CARTR1","2","Modified","ROUTE_STRING"
"2024/12/26","LGA","NEW YORK","NY","US","SLC","SALT LAKE CITY","UT","US","H","1","","","","","","","","","","","GAYEL Q818 WOZEE Q935 HOCKE BAE DBQ FOD ONL J94 OCS NORDK6","1","Modified","ROUTE_STRING"
"2025/02/20","LGA","NEW YORK","NY","US","SLC","SALT LAKE CITY","UT","US","H","1","","","","","","","","","","","GAYEL Q818 WOZEE Q935 HOCKE BAE DBQ FOD ONL J94 BFF CKW CARTR1","2","Modified","ROUTE_STRING"
"2024/12/26","MCI","KANSAS CITY","MO","US","IAD","WASHINGTON","DC","US","H","5","","","","","","","","","","","LAKES5 COU STL J24 VHP J80 AIR MGW MGW121 VERNI ESL ESL187 FINKS DOCCS3","2","Deleted",""
"2024/12/26","MCI","KANSAS CITY","MO","US","IAD","WASHINGTON","DC","US","SHD","1","TRAFFIC OVERFLYING KANSAS CITY (MCI) VORTAC TO WASHINGTON DULLES (IAD)","","","","","","","","","","J24 IIU J8 HVQ DOCCS3","2","Deleted",""
"2024/12/26","MCO","ORLANDO","FL","US","ACY","ATLANTIC CITY","NJ","US","H","1","","","","","","","","","","","FATHE3 VIYAP Q87 JROSS Q135 CUDLE Q117 SAWED Q97 ZJAAY RADDS SIE","1","Modified","ROUTE_STRING"
"2025/02/20","MCO","ORLANDO","FL","US","ACY","ATLANTIC CITY","NJ","US","H","1","","","","","","","","","","","FATHE3 VIYAP Q87 JROSS Q135 RREGG Q117 SAWED Q97 ZJAAY RADDS SIE","2","Modified","ROUTE_STRING"
"2024/12/26","MCO","ORLANDO","FL","US","PHL","PHILADELPHIA","PA","US","H","2","TO ILG,MQS,PHL,PNE,TTN","","","","","","","","","","FATHE3 VIYAP Q87 JROSS Q135 CUDLE Q117 SAWED Q97 ZJAAY JIIMS4","1","Modified","ROUTE_STRING"
"2025/02/20","MCO","ORLANDO","FL","US","PHL","PHILADELPHIA","PA","US","H","2","TO ILG,MQS,PHL,PNE,TTN","","","","","","","","","","FATHE3 VIYAP Q87 JROSS Q135 RREGG Q117 SAWED Q97 ZJAAY JIIMS4","2","Modified","ROUTE_STRING"
"2024/12/26","MDSD","SANTO DOMINGO","","DO","DTW","DETROIT","MI","US","H","2","FROM SANTO DOMINGO(DOMINICAN REPUBLIC TERMINALS)","","","","DTW SOUTH FLOW","","","","","","LERED LETON L451 JAINS Y436 DEDDY SCAMS BKW JAMOX BONZZ2","1","Modified","ROUTE_STRING"
"2025/02/20","MDSD","SANTO DOMINGO","","DO","DTW","DETROIT","MI","US","H","2","FROM SANTO DOMINGO(DOMINICAN REPUBLIC TERMINALS)","","","","DTW SOUTH FLOW","","","","","","LERED LETON L451 JAINS Y436 DEDDY SCAMS SITTR JAMOX BONZZ2","2","Modified","ROUTE_STRING"
"2024/12/26","MDSD","SANTO DOMINGO","","DO","DTW","DETROIT","MI","US","H","3","FROM SANTO DOMINGO(DOMINICAN REPUBLIC TERMINALS)","","","","DTW SOUTH FLOW","","","","","","MALVN Y396 RUMFO Y374 NUCAR Y307 JAZZI DIZNY Y436 DEDDY SCAMS BKW JAMOX BONZZ2","1","Modified","ROUTE_STRING"
"2025/02/20","MDSD","SANTO DOMINGO","","DO","DTW","DETROIT","MI","US","H","3","FROM SANTO DOMINGO(DOMINICAN REPUBLIC TERMINALS)","","","","DTW SOUTH FLOW","","","","","","MALVN Y396 RUMFO Y374 NUCAR Y307 JAZZI DIZNY Y436 DEDDY SCAMS SITTR JAMOX BONZZ2","2","Modified","ROUTE_STRING"
"2024/12/26","MDSD","SANTO DOMINGO","","DO","DTW","DETROIT","MI","US","H","5","FROM SANTO DOMINGO(DOMINICAN REPUBLIC TERMINALS)","","","","DTW NORTH FLOW","","","","","","LERED LETON L451 JAINS Y436 DEDDY SCAMS BKW JAMOX KLYNK3","1","Modified","ROUTE_STRING"
"2025/02/20","MDSD","SANTO DOMINGO","","DO","DTW","DETROIT","MI","US","H","5","FROM SANTO DOMINGO(DOMINICAN REPUBLIC TERMINALS)","","","","DTW NORTH FLOW","","","","","","LERED LETON L451 JAINS Y436 DEDDY SCAMS SITTR JAMOX KLYNK3","2","Modified","ROUTE_STRING"
"2024/12/26","MDSD","SANTO DOMINGO","","DO","DTW","DETROIT","MI","US","H","6","FROM SANTO DOMINGO(DOMINICAN REPUBLIC TERMINALS)","","","","DTW NORTH FLOW","","","","","","MALVN Y396 RUMFO Y374 NUCAR Y307 JAZZI DIZNY Y436 DEDDY SCAMS BKW JAMOX KLYNK3","1","Modified","ROUTE_STRING"
"2025/02/20","MDSD","SANTO DOMINGO","","DO","DTW","DETROIT","MI","US","H","6","FROM SANTO DOMINGO(DOMINICAN REPUBLIC TERMINALS)","","","","DTW NORTH FLOW","","","","","","MALVN Y396 RUMFO Y374 NUCAR Y307 JAZZI DIZNY Y436 DEDDY SCAMS SITTR JAMOX KLYNK3","2","Modified","ROUTE_STRING"
"2024/12/26","MDW","CHICAGO","IL","US","RDU","RALEIGH/DURHAM","NC","US","H","2","","","","","","","","","","","EARND ELANR EMMLY ETAME EMEGE FLM BKW FRIKY ALDAN4","1","Modified","ROUTE_STRING"
"2025/02/20","MDW","CHICAGO","IL","US","RDU","RALEIGH/DURHAM","NC","US","H","2","","","","","","","","","","","EARND ELANR EMMLY ETAME EMEGE FLM SITTR FRIKY ALDAN4","2","Modified","ROUTE_STRING"
"2024/12/26","MEM","MEMPHIS","TN","US","IAD","WASHINGTON","DC","US","H","4","","","","1830-2230","","","","","","","PXV IIU J8 HVQ DOCCS3","2","Deleted",""
"2024/12/26","MIA","MIAMI","FL","US","PHL","PHILADELPHIA","PA","US","H","1","TO ILG,MQS,PHL,PNE,TTN","","","","","","","","","","ALTNN2 DUCEN Q87 JROSS Q135 CUDLE Q117 SAWED Q97 ZJAAY JIIMS4","1","Modified","ROUTE_STRING"
"2025/02/20","MIA","MIAMI","FL","US","PHL","PHILADELPHIA","PA","US","H","1","TO ILG,MQS,PHL,PNE,TTN","","","","","","","","","","ALTNN2 DUCEN Q87 JROSS Q135 RREGG Q117 SAWED Q97 ZJAAY JIIMS4","2","Modified","ROUTE_STRING"
"2024/12/26","MIA","MIAMI","FL","US","TPA","TAMPA","FL","US","H","2","","","","","","","","","","","BNGOS4 COREA BLFRG2","1","Modified","ROUTE_STRING"
"2025/02/20","MIA","MIAMI","FL","US","TPA","TAMPA","FL","US","H","2","","","","","","","","","","","BNGOS4 COREA BLFRG3","2","Modified","ROUTE_STRING"
"2024/12/26","MIA","MIAMI","FL","US","TPA","TAMPA","FL","US","L","3","","","","","","","","","","","BNGOS4 COREA BLFRG2","1","Modified","ROUTE_STRING"
"2025/02/20","MIA","MIAMI","FL","US","TPA","TAMPA","FL","US","L","3","","","","","","","","","","","BNGOS4 COREA BLFRG3","2","Modified","ROUTE_STRING"
"2024/12/26","MSP","MINNEAPOLIS","MN","US","SLC","SALT LAKE CITY","UT","US","H","1","","","TURBOJET ONLY","","","","","","","","LEINY6 LEINY RAP DDY NORDK6","1","Modified","ROUTE_STRING"
"2025/02/20","MSP","MINNEAPOLIS","MN","US","SLC","SALT LAKE CITY","UT","US","H","1","","","TURBOJET ONLY","","","","","","","","LEINY6 LEINY RAP DDY CARTR1","2","Modified","ROUTE_STRING"
"2024/12/26","MSY","NEW ORLEANS","LA","US","DEN","DENVER","CO","US","H","1","FROM NEW ORLEANS METRO(MSY,NEW)","","","","","","","","","","J58 FUZ J21 ADM ROLLS LBL HALEN NIIXX3","1","Modified","ROUTE_STRING"
"2025/02/20","MSY","NEW ORLEANS","LA","US","DEN","DENVER","CO","US","H","1","FROM NEW ORLEANS METRO(MSY,NEW)","","","","","","","","","","AEX J58 FUZ J21 ADM ROLLS LBL HALEN NIIXX3","2","Modified","ROUTE_STRING"
"2024/12/26","MSY","NEW ORLEANS","LA","US","SAT","SAN ANTONIO","TX","US","H","1","","","","","","","","","","","LCH IAH IDU MARCS1","2","Deleted",""
"2024/12/26","MUFH","HAVANA","","CU","TPA","TAMPA","FL","US","SHD","1","TRAFFIC ARRIVING TAMPA METRO AREA ENTERING ZMA ARTCC AT BORDO","","JETS/TURBOPROPS ONLY","","NORTHBOUND","","","","","","BORDO Y259 OCTAL BLFRG2","1","Modified","ROUTE_STRING"
"2025/02/20","MUFH","HAVANA","","CU","TPA","TAMPA","FL","US","SHD","1","TRAFFIC ARRIVING TAMPA METRO AREA ENTERING ZMA ARTCC AT BORDO","","JETS/TURBOPROPS ONLY","","NORTHBOUND","","","","","","BORDO Y259 OCTAL BLFRG3","2","Modified","ROUTE_STRING"
"2024/12/26","MUFH","HAVANA","","CU","TPA","TAMPA","FL","US","SHD","2","TRAFFIC ARRIVING TAMPA METRO AREA ENTERING ZMA ARTCC AT ZEUSS","","JETS/TURBOPROPS ONLY","","NORTHBOUND","","","","","","ZEUSS Y217 OCTAL BLFRG2","1","Modified","ROUTE_STRING"
"2025/02/20","MUFH","HAVANA","","CU","TPA","TAMPA","FL","US","SHD","2","TRAFFIC ARRIVING TAMPA METRO AREA ENTERING ZMA ARTCC AT ZEUSS","","JETS/TURBOPROPS ONLY","","NORTHBOUND","","","","","","ZEUSS Y217 OCTAL BLFRG3","2","Modified","ROUTE_STRING"
"2024/12/26","NYC","NEW YORK","NY","US","NYC","NEW YORK","NY","US","SLD","1","BI-DIRECTIONAL ROUTES FOR TRAFFIC OVERFLYING NEW YORK METRO","","","1100-0300","EAST OF NY METRO","","","","","","V139","2","Deleted",""
"2024/12/26","ORD","CHICAGO","IL","US","PIT","PITTSBURGH","PA","US","H","1","","","","","","","","","","","MOBLE ADIME OTENS ANEWA TAMDE ACO JESEY5","1","Modified","ROUTE_STRING"
"2025/02/20","ORD","CHICAGO","IL","US","PIT","PITTSBURGH","PA","US","H","1","","","","","","","","","","","MOBLE ADIME OTENS ANEWA TAMDE GRIVY JESEY5","2","Modified","ROUTE_STRING"
"2024/12/26","ORD","CHICAGO","IL","US","RDU","RALEIGH/DURHAM","NC","US","H","2","","","","","","","","","","","EARND ELANR EMMLY ETAME EMEGE FLM BKW FRIKY ALDAN4","1","Modified","ROUTE_STRING"
"2025/02/20","ORD","CHICAGO","IL","US","RDU","RALEIGH/DURHAM","NC","US","H","2","","","","","","","","","","","EARND ELANR EMMLY ETAME EMEGE FLM SITTR FRIKY ALDAN4","2","Modified","ROUTE_STRING"
"2024/12/26","ORL","ORLANDO","FL","US","PHL","PHILADELPHIA","PA","US","H","1","TO ILG,MQS,PHL,PNE,TTN","","","","ORL DEPARTING EAST","","","","","","NYTES2 NYTES WORMS GUANO BKENI VIYAP Q87 JROSS Q135 CUDLE Q117 SAWED Q97 ZJAAY JIIMS4","1","Modified","ROUTE_STRING"
"2025/02/20","ORL","ORLANDO","FL","US","PHL","PHILADELPHIA","PA","US","H","1","TO ILG,MQS,PHL,PNE,TTN","","","","ORL DEPARTING EAST","","","","","","NYTES2 NYTES WORMS GUANO BKENI VIYAP Q87 JROSS Q135 RREGG Q117 SAWED Q97 ZJAAY JIIMS4","2","Modified","ROUTE_STRING"
"2024/12/26","ORL","ORLANDO","FL","US","PHL","PHILADELPHIA","PA","US","H","2","TO ILG,MQS,PHL,PNE,TTN","","","","ORL DEPARTING WEST","","","","","","TOLLZ2 TOLLZ WORMS GUANO BKENI VIYAP Q87 JROSS Q135 CUDLE Q117 SAWED Q97 ZJAAY JIIMS4","1","Modified","ROUTE_STRING"
"2025/02/20","ORL","ORLANDO","FL","US","PHL","PHILADELPHIA","PA","US","H","2","TO ILG,MQS,PHL,PNE,TTN","","","","ORL DEPARTING WEST","","","","","","TOLLZ2 TOLLZ WORMS GUANO BKENI VIYAP Q87 JROSS Q135 RREGG Q117 SAWED Q97 ZJAAY JIIMS4","2","Modified","ROUTE_STRING"
"2024/12/26","PBI","WEST PALM BEACH","FL","US","PHL","PHILADELPHIA","PA","US","H","1","TO ILG,MQS,PHL,PNE,TTN","","","","","","","","","","TBIRD6 VIYAP Q87 JROSS Q135 CUDLE Q117 SAWED Q97 ZJAAY JIIMS4","1","Modified","ROUTE_STRING"
"2025/02/20","PBI","WEST PALM BEACH","FL","US","PHL","PHILADELPHIA","PA","US","H","1","TO ILG,MQS,PHL,PNE,TTN","","","","","","","","","","TBIRD6 VIYAP Q87 JROSS Q135 RREGG Q117 SAWED Q97 ZJAAY JIIMS4","2","Modified","ROUTE_STRING"
"2024/12/26","PBI","WEST PALM BEACH","FL","US","TPA","TAMPA","FL","US","H","5","","","","","","","","","","","OLAKE2 JAYMC BLFRG2","1","Modified","ROUTE_STRING"
"2025/02/20","PBI","WEST PALM BEACH","FL","US","TPA","TAMPA","FL","US","H","5","","","","","","","","","","","OLAKE2 JAYMC BLFRG3","2","Modified","ROUTE_STRING"
"2024/12/26","PBI","WEST PALM BEACH","FL","US","TPA","TAMPA","FL","US","L","3","","","","","","","","","","","OLAKE2 JAYMC BLFRG2","1","Modified","ROUTE_STRING"
"2025/02/20","PBI","WEST PALM BEACH","FL","US","TPA","TAMPA","FL","US","L","3","","","","","","","","","","","OLAKE2 JAYMC BLFRG3","2","Modified","ROUTE_STRING"
"2024/12/26","PDX","PORTLAND","OR","US","BUR","BURBANK","CA","US","H","1","","FL240 AND ABOVE","ALL RNAV","","","","","","","","CHISM JUDAH JUNEJ Q7 AVE HIHWY ROKKR2","1","Modified","ROUTE_STRING"
"2025/02/20","PDX","PORTLAND","OR","US","BUR","BURBANK","CA","US","H","1","","FL240 AND ABOVE","ALL RNAV","","","","","","","","CHISM JUDAH JUNEJ Q7 AVE HIHWY ROKKR3","2","Modified","ROUTE_STRING"
"2024/12/26","PDX","PORTLAND","OR","US","VNY","VAN NUYS","CA","US","H","1","","","","","","","","","","","CHISM SYNKR SUNBE Q9 REBRG IVINS1","1","Modified","ROUTE_STRING"
"2025/02/20","PDX","PORTLAND","OR","US","VNY","VAN NUYS","CA","US","H","1","","","","","","","","","","","CHISM SYNKR SUNBE Q9 REBRG IVINS2","2","Modified","ROUTE_STRING"
"2024/12/26","PHL","PHILADELPHIA","PA","US","BNA","NASHVILLE","TN","US","H","1","","","","","","","","","","","MXE PENSY J110 FLIRT MRB J6 HVQ Q68 YOCKY GROAT PASLY4","1","Modified","ROUTE_STRING"
"2025/02/20","PHL","PHILADELPHIA","PA","US","BNA","NASHVILLE","TN","US","H","1","","","","","","","","","","","MXE PENSY J110 FLIRT J6 HVQ Q68 YOCKY GROAT PASLY4","2","Modified","ROUTE_STRING"
"2024/12/26","PHL","PHILADELPHIA","PA","US","CVG","COVINGTON","KY","US","H","2","","","","","","","","","","","MXE PENSY J110 FLIRT MRB J6 COLNS GAVNN7","1","Modified","ROUTE_STRING"
"2025/02/20","PHL","PHILADELPHIA","PA","US","CVG","COVINGTON","KY","US","H","2","","","","","","","","","","","MXE PENSY J110 FLIRT J6 COLNS GAVNN7","2","Modified","ROUTE_STRING"
"2024/12/26","PHL","PHILADELPHIA","PA","US","DFW","DALLAS-FORT WORTH","TX","US","H","1","","","","","DFW SOUTH FLOW","","","","","","MXE PENSY J110 FLIRT MRB J6 HVQ Q68 LITTR FEWWW SEEVR4","1","Modified","ROUTE_STRING"
"2025/02/20","PHL","PHILADELPHIA","PA","US","DFW","DALLAS-FORT WORTH","TX","US","H","1","","","","","DFW SOUTH FLOW","","","","","","MXE PENSY J110 FLIRT J6 HVQ Q68 LITTR FEWWW SEEVR4","2","Modified","ROUTE_STRING"
"2024/12/26","PHL","PHILADELPHIA","PA","US","DFW","DALLAS-FORT WORTH","TX","US","H","2","","","","","DFW NORTH FLOW","","","","","","MXE PENSY J110 FLIRT MRB J6 HVQ Q68 LITTR FEWWW BRDJE5","1","Modified","ROUTE_STRING"
"2025/02/20","PHL","PHILADELPHIA","PA","US","DFW","DALLAS-FORT WORTH","TX","US","H","2","","","","","DFW NORTH FLOW","","","","","","MXE PENSY J110 FLIRT J6 HVQ Q68 LITTR FEWWW BRDJE5","2","Modified","ROUTE_STRING"
"2024/12/26","PHL","PHILADELPHIA","PA","US","SDF","LOUISVILLE","KY","US","H","1","","","","","","","","","","","MXE PENSY J110 FLIRT MRB J6 HVQ Q68 YOCKY LEDDL1","1","Modified","ROUTE_STRING"
"2025/02/20","PHL","PHILADELPHIA","PA","US","SDF","LOUISVILLE","KY","US","H","1","","","","","","","","","","","MXE PENSY J110 FLIRT J6 HVQ Q68 YOCKY LEDDL1","2","Modified","ROUTE_STRING"
"2024/12/26","RDU","RALEIGH/DURHAM","NC","US","DTW","DETROIT","MI","US","H","2","","","","1100-0300","DTW SOUTH FLOW","","","","","","LWOOD5 DANCO BKW JAMOX BONZZ2","1","Modified","ROUTE_STRING"
"2025/02/20","RDU","RALEIGH/DURHAM","NC","US","DTW","DETROIT","MI","US","H","2","","","","1100-0300","DTW SOUTH FLOW","","","","","","LWOOD5 DANCO SITTR JAMOX BONZZ2","2","Modified","ROUTE_STRING"
"2024/12/26","RDU","RALEIGH/DURHAM","NC","US","DTW","DETROIT","MI","US","H","3","","","","1100-0300","DTW NORTH FLOW","","","","","","LWOOD5 DANCO BKW JAMOX KLYNK3","1","Modified","ROUTE_STRING"
"2025/02/20","RDU","RALEIGH/DURHAM","NC","US","DTW","DETROIT","MI","US","H","3","","","","1100-0300","DTW NORTH FLOW","","","","","","LWOOD5 DANCO SITTR JAMOX KLYNK3","2","Modified","ROUTE_STRING"
"2024/12/26","ROA","ROANOKE","VA","US","DTW","DETROIT","MI","US","H","1","","","DME/DMME/IRU OR GPS REQUIRED","","DTW SOUTH FLOW","","","","","","BKW JAMOX BONZZ2","1","Modified","ROUTE_STRING"
"2025/02/20","ROA","ROANOKE","VA","US","DTW","DETROIT","MI","US","H","1","","","DME/DMME/IRU OR GPS REQUIRED","","DTW SOUTH FLOW","","","","","","SITTR JAMOX BONZZ2","2","Modified","ROUTE_STRING"
"2024/12/26","ROA","ROANOKE","VA","US","DTW","DETROIT","MI","US","H","2","","","DME/DME/IRU OR GPS REQUIRED","","DTW NORTH FLOW","","","","","","BKW JAMOX KLYNK3","1","Modified","ROUTE_STRING"
"2025/02/20","ROA","ROANOKE","VA","US","DTW","DETROIT","MI","US","H","2","","","DME/DME/IRU OR GPS REQUIRED","","DTW NORTH FLOW","","","","","","SITTR JAMOX KLYNK3","2","Modified","ROUTE_STRING"
"2024/12/26","RSW","FORT MYERS","FL","US","MCO","ORLANDO","FL","US","L","3","","","","","","","","","","","MOANS MINEE MINEE5","1","Modified","ROUTE_STRING"
"2025/02/20","RSW","FORT MYERS","FL","US","MCO","ORLANDO","FL","US","L","3","","","","","","","","","","","MOANS MINEE MINEE6","2","Modified","ROUTE_STRING"
"2024/12/26","RSW","FORT MYERS","FL","US","PHL","PHILADELPHIA","PA","US","H","2","FROM APF,FMY,MKY,RSW TO ILG,MQS,PHL,PNE,TTN","","","1000-0300","","","","","","","CSHEL7 VIYAP Q87 JROSS Q135 CUDLE Q117 SAWED Q97 ZJAAY JIIMS4","1","Modified","ROUTE_STRING"
"2025/02/20","RSW","FORT MYERS","FL","US","PHL","PHILADELPHIA","PA","US","H","2","FROM APF,FMY,MKY,RSW TO ILG,MQS,PHL,PNE,TTN","","","1000-0300","","","","","","","CSHEL7 VIYAP Q87 JROSS Q135 RREGG Q117 SAWED Q97 ZJAAY JIIMS4","2","Modified","ROUTE_STRING"
"2024/12/26","RSW","FORT MYERS","FL","US","TPA","TAMPA","FL","US","L","3","","","JETS/TURBOPROPS ONLY","","","","","","","","CSHEL7 CSHEL BLFRG BLFRG2","1","Modified","ROUTE_STRING"
"2025/02/20","RSW","FORT MYERS","FL","US","TPA","TAMPA","FL","US","L","3","","","JETS/TURBOPROPS ONLY","","","","","","","","CSHEL7 CSHEL BLFRG BLFRG3","2","Modified","ROUTE_STRING"
"2024/12/26","SAC","SACRAMENTO","CA","US","HWD","HAYWARD","CA","US","TEC","1","SAC SMF O88 TO HWD HAF","MPQ70","","","","SAC07","","","","","SAC V334 SUNOL","1","Modified","ALT_DESCRIP ROUTE_STRING"
"2025/02/20","SAC","SACRAMENTO","CA","US","HWD","HAYWARD","CA","US","TEC","1","SAC SMF O88 TO HWD HAF","PQ70","","","","SAC07","","","","","MOVDD T259 NORCL","2","Modified","ALT_DESCRIP ROUTE_STRING"
"2024/12/26","SAT","SAN ANTONIO","TX","US","SLC","SALT LAKE CITY","UT","US","H","1","FROM SAT, BAZ, CVB, PEZ, RND, SSF, SKF, 5C1","","","","","","","","","","ALISS6 ALISS JCT SJT TXO ALS LOPEC JNC J12 HELPR LEEHY5","1","Modified","ROUTE_STRING"
"2025/02/20","SAT","SAN ANTONIO","TX","US","SLC","SALT LAKE CITY","UT","US","H","1","FROM SAT, BAZ, CVB, PEZ, RND, SSF, SKF, 5C1","","","","","","","","","","ALISS6 ALISS JCT SJT TXO ALS LOPEC JNC J12 HELPR JAZZZ1","2","Modified","ROUTE_STRING"
"2024/12/26","SAV","SAVANNAH","GA","US","PHL","PHILADELPHIA","PA","US","H","1","TO ILG,MQS,PHL,PNE,TTN","","","1100-0400","","","","","","","JROSS RAPZZ Q135 CUDLE Q117 SAWED Q97 ZJAAY JIIMS4","1","Modified","ROUTE_STRING"
"2025/02/20","SAV","SAVANNAH","GA","US","PHL","PHILADELPHIA","PA","US","H","1","TO ILG,MQS,PHL,PNE,TTN","","","1100-0400","","","","","","","JROSS RAPZZ Q135 RREGG Q117 SAWED Q97 ZJAAY JIIMS4","2","Modified","ROUTE_STRING"
"2024/12/26","SBN","SOUTH BEND","IN","US","CVG","COVINGTON","KY","US","H","1","","","","","","","","","","","FWA ZEKUS ARBAS RID MEEKR CVG","1","Modified","ROUTE_STRING"
"2025/02/20","SBN","SOUTH BEND","IN","US","CVG","COVINGTON","KY","US","H","1","","","","","","","","","","","FWA ZEKUS ARBAS","2","Modified","ROUTE_STRING"
"2024/12/26","SEA","SEATTLE","WA","US","BUR","BURBANK","CA","US","H","1","","FL240 AND ABOVE","","","","","","","","","SUMMA Q9 REBRG ROKKR2","1","Modified","ROUTE_STRING"
"2025/02/20","SEA","SEATTLE","WA","US","BUR","BURBANK","CA","US","H","1","","FL240 AND ABOVE","","","","","","","","","SUMMA Q9 REBRG ROKKR3","2","Modified","ROUTE_STRING"
"2024/12/26","SEA","SEATTLE","WA","US","VNY","VAN NUYS","CA","US","H","1","","","","","","","","","","","SUMMA Q9 REBRG IVINS1","1","Modified","ROUTE_STRING"
"2025/02/20","SEA","SEATTLE","WA","US","VNY","VAN NUYS","CA","US","H","1","","","","","","","","","","","SUMMA Q9 REBRG IVINS2","2","Modified","ROUTE_STRING"
"2024/12/26","STL","ST LOUIS","MO","US","CLE","CLEVELAND","OH","US","H","3","FROM ST LOUIS METRO(1H0,STL,SUS) TO CLEVELAND METRO(CLE,CGF,BKL,LNN,LPR)","","RNAV TURBOJETS","","","","","","","","GATWY1 JIGSY J134 JUDDI CVG DRUGA ROKNN3","1","Modified","SPECIAL_AREA_DESCRIP ROUTE_STRING"
"2025/02/20","STL","ST LOUIS","MO","US","CLE","CLEVELAND","OH","US","H","3","","","RNAV TURBOJETS","","","","","","","","GATWY1 JIGSY J134 JUDDI ROYYZ DRUGA ROKNN3","2","Modified","SPECIAL_AREA_DESCRIP ROUTE_STRING"
"2024/12/26","STL","ST LOUIS","MO","US","IAD","WASHINGTON","DC","US","H","5","","","","","","","","","","","HVQ DOCCS3","2","Deleted",""
"2024/12/26","STL","ST LOUIS","MO","US","IAD","WASHINGTON","DC","US","SHD","2","TRAFFIC OVERFLYING ST LOUIS (STL) VORTAC TO WASHINGTON DULLES (IAD)","","","","","","","","","","IIU J8 HVQ DOCCS3","2","Deleted",""
"2024/12/26","TJSJ","SAN JUAN","PR","US","DTW","DETROIT","MI","US","H","2","","","","","DTW SOUTH FLOW","","","","","","DONQU LETON L451 JAINS Y436 DEDDY SCAMS BKW JAMOX BONZZ2","1","Modified","ROUTE_STRING"
"2025/02/20","TJSJ","SAN JUAN","PR","US","DTW","DETROIT","MI","US","H","2","","","","","DTW SOUTH FLOW","","","","","","DONQU LETON L451 JAINS Y436 DEDDY SCAMS SITTR JAMOX BONZZ2","2","Modified","ROUTE_STRING"
"2024/12/26","TJSJ","SAN JUAN","PR","US","DTW","DETROIT","MI","US","H","4","","","","","DTW NORTH FLOW","","","","","","DONQU LETON L451 JAINS Y436 DEDDY SCAMS BKW JAMOX KLYNK3","1","Modified","ROUTE_STRING"
"2025/02/20","TJSJ","SAN JUAN","PR","US","DTW","DETROIT","MI","US","H","4","","","","","DTW NORTH FLOW","","","","","","DONQU LETON L451 JAINS Y436 DEDDY SCAMS SITTR JAMOX KLYNK3","2","Modified","ROUTE_STRING"
"2024/12/26","TJSJ","SAN JUAN","PR","US","DTW","DETROIT","MI","US","H","5","","","","","DTW SOUTH FLOW","","","","","","DONQU Y185 RENAH Y355 NUCAR Y307 JAZZI DIZNY Y436 DEDDY SCAMS BKW JAMOX BONZZ2","1","Modified","ROUTE_STRING"
"2025/02/20","TJSJ","SAN JUAN","PR","US","DTW","DETROIT","MI","US","H","5","","","","","DTW SOUTH FLOW","","","","","","DONQU Y185 RENAH Y355 NUCAR Y307 JAZZI DIZNY Y436 DEDDY SCAMS SITTR JAMOX BONZZ2","2","Modified","ROUTE_STRING"
"2024/12/26","TJSJ","SAN JUAN","PR","US","DTW","DETROIT","MI","US","H","7","","","","","DTW NORTH FLOW","","","","","","DONQU Y185 RENAH Y355 NUCAR Y307 JAZZI DIZNY Y436 DEDDY SCAMS BKW JAMOX KLYNK3","1","Modified","ROUTE_STRING"
"2025/02/20","TJSJ","SAN JUAN","PR","US","DTW","DETROIT","MI","US","H","7","","","","","DTW NORTH FLOW","","","","","","DONQU Y185 RENAH Y355 NUCAR Y307 JAZZI DIZNY Y436 DEDDY SCAMS SITTR JAMOX KLYNK3","2","Modified","ROUTE_STRING"
"2024/12/26","TOA","TORRANCE","CA","US","CMA","CAMARILLO","CA","US","TEC","5","HHR TOA (RWY29) TO OXR CMA NTD","JM60","","","","SCTP27","","","","","LAX VTU","1","Modified","ROUTE_STRING"
"2025/02/20","TOA","TORRANCE","CA","US","CMA","CAMARILLO","CA","US","TEC","5","HHR TOA (RWY29) TO OXR CMA NTD","JM60","","","","SCTP27","","","","","SMO GINNA","2","Modified","ROUTE_STRING"
"2024/12/26","TOA","TORRANCE","CA","US","NTD","OXNARD","CA","US","TEC","5","HHR TOA (RWY29) TO OXR CMA NTD","JM60","","","","SCTP27","","","","","LAX VTU","1","Modified","ROUTE_STRING"
"2025/02/20","TOA","TORRANCE","CA","US","NTD","OXNARD","CA","US","TEC","5","HHR TOA (RWY29) TO OXR CMA NTD","JM60","","","","SCTP27","","","","","SMO GINNA","2","Modified","ROUTE_STRING"
"2024/12/26","TOA","TORRANCE","CA","US","OXR","OXNARD","CA","US","TEC","5","HHR TOA (RWY29) TO OXR CMA NTD","JM60","","","","SCTP27","","","","","LAX VTU","1","Modified","ROUTE_STRING"
"2025/02/20","TOA","TORRANCE","CA","US","OXR","OXNARD","CA","US","TEC","5","HHR TOA (RWY29) TO OXR CMA NTD","JM60","","","","SCTP27","","","","","SMO GINNA","2","Modified","ROUTE_STRING"
"2024/12/26","TOA","TORRANCE","CA","US","SBA","SANTA BARBARA","CA","US","TEC","5","HHR TOA (RWY29) TO SBA","JM100PQ60","","","","SCTP28","","","","","LAX V299 VTU VTU282026 KWANG","1","Modified","ROUTE_STRING"
"2025/02/20","TOA","TORRANCE","CA","US","SBA","SANTA BARBARA","CA","US","TEC","5","HHR TOA (RWY29) TO SBA","JM100PQ60","","","","SCTP28","","","","","LAX V299 VTU KWANG","2","Modified","ROUTE_STRING"
"2024/12/26","TPA","TAMPA","FL","US","ORF","NORFOLK","VA","US","H","1","FROM TPA,PIE TO CPK,FAF,LFI,NGU,ORF,PHF,PVG","","TURBOJETS","1000-0300","","","","","","","BAYPO2 CAMJO Q109 PANDY RAPZZ Q135 CUDLE CVI DRONE DRONE2","1","Modified","ROUTE_STRING"
"2025/02/20","TPA","TAMPA","FL","US","ORF","NORFOLK","VA","US","H","1","FROM TPA,PIE TO CPK,FAF,LFI,NGU,ORF,PHF,PVG","","TURBOJETS","1000-0300","","","","","","","BAYPO2 CAMJO Q109 PANDY RAPZZ Q135 RREGG CVI DRONE DRONE2","2","Modified","ROUTE_STRING"
"2024/12/26","ZAU","CHICAGO","IL","US","CVG","COVINGTON","KY","US","SHD","1","TRAFFIC OVERFLYING SOUTHEASTERN ZAU LANDING CVG","","","","","","","","","","FWA ZEKUS ARBAS RID MEEKR CVG","1","Modified","ROUTE_STRING"
"2025/02/20","ZAU","CHICAGO","IL","US","CVG","COVINGTON","KY","US","SHD","1","TRAFFIC OVERFLYING SOUTHEASTERN ZAU LANDING CVG","","","","","","","","","","FWA ZEKUS ARBAS","2","Modified","ROUTE_STRING"
"2024/12/26","ZVR","VANCOUVER","","CA","SEA","SEATTLE","WA","US","SHD","3","TRAFFIC ARR SEA FROM NW OVERFLYING VANCOUVER ACC FILE YYJ OR TOU TRANSITION","","RNAV EQUIPPED","","NORTHWEST","","","","","","TOU MARNR8","1","Modified","SPECIAL_AREA_DESCRIP"
"2025/02/20","ZVR","VANCOUVER","","CA","SEA","SEATTLE","WA","US","SHD","3","TRAFFIC ARR SEA FROM NW OVERFLYING VANCOUVER ACC FILE JAWBN OR TOU","","RNAV EQUIPPED","","NORTHWEST","","","","","","TOU MARNR8","2","Modified","SPECIAL_AREA_DESCRIP"
"2024/12/26","ZVR","VANCOUVER","","CA","SEA","SEATTLE","WA","US","SHD","4","TRAFFIC ARR SEA FROM NW OVERFLYING VANCOUVER ACC FILE YYJ OR TOU TRANSITION","","NON-RNAV EQUIPPED","","NORTHWEST","","","","","","TOU JAWBN7","1","Modified","SPECIAL_AREA_DESCRIP"
"2025/02/20","ZVR","VANCOUVER","","CA","SEA","SEATTLE","WA","US","SHD","4","TRAFFIC ARR SEA FROM NW OVERFLYING VANCOUVER ACC FILE JAWBN OR TOU","","NON-RNAV EQUIPPED","","NORTHWEST","","","","","","TOU JAWBN7","2","Modified","SPECIAL_AREA_DESCRIP"
"2025/02/20","ACY","ATLANTIC CITY","NJ","US","PIT","PITTSBURGH","PA","US","H","1","","","","","","","","","","","ENO DQO PENSY J110 VINSE DEMME5","2","Added",""
"2025/02/20","ACY","ATLANTIC CITY","NJ","US","RDU","RALEIGH/DURHAM","NC","US","H","1","","","","","","","","","","","LEEAH TRPOD TAQLE2","2","Added",""
"2025/02/20","BWI","BALTIMORE","MD","US","AGS","AUGUSTA","GA","US","H","1","","","","","","","","","","","TERPZ8 RRSIN GSO STWRT3","2","Added",""
"2025/02/20","BWI","BALTIMORE","MD","US","BAF","WESTFIELD/SPRINGFIELD","MA","US","H","1","","","","","","","","","","","DUKPN1 BROSS Q419 DPK DPK3","2","Added",""
"2025/02/20","BWI","BALTIMORE","MD","US","BCT","BOCA RATON","FL","US","H","1","","","","","","","","","","","CONLE5 SCOOB PAACK Q97 KENLL CPTAN3","2","Added",""
"2025/02/20","BWI","BALTIMORE","MD","US","BCT","BOCA RATON","FL","US","H","2","","","","","","","","","","","CONLE5 SCOOB EARZZ Q131 WAALT Y289 DULEE CLMNT2","2","Added",""
"2025/02/20","BWI","BALTIMORE","MD","US","BKL","CLEVELAND","OH","US","H","1","","","","","","","","","","","LINSE2 JERES J211 JST UPPRR TRYBE4","2","Added",""
"2025/02/20","BWI","BALTIMORE","MD","US","BTR","BATON ROUGE","LA","US","H","1","","","","","","","","","","","TERPZ8 MAULS Q40 NIOLA MCB","2","Added",""
"2025/02/20","BWI","BALTIMORE","MD","US","BUF","BUFFALO","NY","US","H","1","","","","","","","","","","","LINSE2 JERES Q221 DLMAR BENEE","2","Added",""
"2025/02/20","BWI","BALTIMORE","MD","US","CAE","COLUMBIA","SC","US","H","1","","","","","","","","","","","TERPZ8 RRSIN GSO","2","Added",""
"2025/02/20","BWI","BALTIMORE","MD","US","CAK","AKRON","OH","US","H","1","","","","","","","","","","","LINSE2 JERES J211 JST SOORD ZZIPS1","2","Added",""
"2025/02/20","BWI","BALTIMORE","MD","US","CEF","SPRINGFIELD/CHICOPEE","MA","US","H","1","","","","","","","","","","","DUKPN1 BROSS Q419 DPK DPK3","2","Added",""
"2025/02/20","BWI","BALTIMORE","MD","US","CGF","CLEVELAND","OH","US","H","1","","","","","","","","","","","LINSE2 JERES J211 JST UPPRR TRYBE4","2","Added",""
"2025/02/20","BWI","BALTIMORE","MD","US","DAB","DAYTONA BEACH","FL","US","H","1","","","","","","","","","","","CONLE5 SCOOB MOXXY Q85 LPERD TTHOR3","2","Added",""
"2025/02/20","BWI","BALTIMORE","MD","US","DEN","DENVER","CO","US","H","1","","","","","","","","","","","FOXHL1 OTTTO Q176 STL J24 OATHE CLASH4","2","Added",""
"2025/02/20","BWI","BALTIMORE","MD","US","ELM","ELMIRA/CORNING","NY","US","H","1","","","","","","","","","","","LINSE2 JERES Q227 STUBN","2","Added",""
"2025/02/20","BWI","BALTIMORE","MD","US","FOK","WESTHAMPTON BEACH","NY","US","H","1","","","","","","","","","","","DUKPN1 DONIL WNSTN T320 ORCHA","2","Added",""
"2025/02/20","BWI","BALTIMORE","MD","US","FTY","ATLANTA","GA","US","H","1","","","","","","","","","","","TERPZ8 FLASK VIEWS DEHAN3","2","Added",""
"2025/02/20","BWI","BALTIMORE","MD","US","FXE","FORT LAUDERDALE","FL","US","H","1","","","","","","","","","","","CONLE5 SCOOB PAACK Q97 KENLL CPTAN3","2","Added",""
"2025/02/20","BWI","BALTIMORE","MD","US","FXE","FORT LAUDERDALE","FL","US","H","2","","","","","","","","","","","CONLE5 SCOOB EARZZ CHIEZ Y291 MAJIK WAMBI CPTAN3","2","Added",""
"2025/02/20","BWI","BALTIMORE","MD","US","GMU","GREENVILLE","SC","US","H","1","","","","","","","","","","","TERPZ8 GLANC FUBLL JUNNR4","2","Added",""
"2025/02/20","BWI","BALTIMORE","MD","US","GRB","GREEN BAY","WI","US","H","1","","","","","","","","","","","LINSE2 MCRAY Q178 DJB","2","Added",""
"2025/02/20","BWI","BALTIMORE","MD","US","GRR","GRAND RAPIDS","MI","US","H","1","","","","","","","","","","","LINSE2 MCRAY Q178 DJB J34 ALPHE","2","Added",""
"2025/02/20","BWI","BALTIMORE","MD","US","HFD","HARTFORD","CT","US","H","1","","","","","","","","","","","DUKPN1 BROSS Q419 DPK MAD T303 HFD","2","Added",""
"2025/02/20","BWI","BALTIMORE","MD","US","HSV","HUNTSVILLE","AL","US","H","1","","","","","","","","","","","TERPZ8 MAULS Q40 ALEAN VXV RQZ","2","Added",""
"2025/02/20","BWI","BALTIMORE","MD","US","IAG","NIAGARA FALLS","NY","US","H","1","","","","","","","","","","","LINSE2 JERES Q221 DLMAR WOZEE","2","Added",""
"2025/02/20","BWI","BALTIMORE","MD","US","ICT","WICHITA","KS","US","H","1","","","","","","","","","","","FOXHL1 OTTTO Q176 BUM CASSO","2","Added",""
"2025/02/20","BWI","BALTIMORE","MD","US","ILM","WILMINGTON","NC","US","H","1","","","","","","","","","","","CONLE5 SCOOB PAACK","2","Added",""
"2025/02/20","BWI","BALTIMORE","MD","US","ISM","ORLANDO","FL","US","H","1","","","","","","","","","","","CONLE5 SCOOB MOXXY Q85 LPERD SNFLD3","2","Added",""
"2025/02/20","BWI","BALTIMORE","MD","US","ITH","ITHACA","NY","US","H","1","","","","","","","","","","","LINSE2 JERES Q227 STUBN","2","Added",""
"2025/02/20","BWI","BALTIMORE","MD","US","JPX","EAST HAMPTON","NY","US","H","1","","","","","","","","","","","DUKPN1 DONIL WNSTN T320 ORCHA","2","Added",""
"2025/02/20","BWI","BALTIMORE","MD","US","LAN","LANSING","MI","US","H","1","","","","","","","","","","","LINSE2 MCRAY Q178 DJB J34 CRL","2","Added",""
"2025/02/20","BWI","BALTIMORE","MD","US","LEX","LEXINGTON","KY","US","H","1","","","","","","","","","","","FOXHL1 OTTTO Q176 HNN","2","Added",""
"2025/02/20","BWI","BALTIMORE","MD","US","LUK","CINCINNATI","OH","US","H","1","","","","","","","","","","","FOXHL1 OTTTO COLNS BRUSH GAVNN","2","Added",""
"2025/02/20","BWI","BALTIMORE","MD","US","MCN","MACON","GA","US","H","1","","","","","","","","","","","TERPZ8 GLANC LYH SPA","2","Added",""
"2025/02/20","BWI","BALTIMORE","MD","US","MSN","MADISON","WI","US","H","1","","","","","","","","","","","LINSE2 MCRAY Q178 DJB J34 BAE","2","Added",""
"2025/02/20","BWI","BALTIMORE","MD","US","MVY","VINEYARD HAVEN","MA","US","H","1","","","","","","","","","","","DUKPN1 BROSS Q419 RBV Q430 FLAPE","2","Added",""
"2025/02/20","BWI","BALTIMORE","MD","US","OGS","OGDENSBURG","NY","US","H","1","","","","","","","","","","","LINSE2 JERES Q227 STUBN SYR ART","2","Added",""
"2025/02/20","BWI","BALTIMORE","MD","US","OPF","MIAMI","FL","US","H","1","","","","","","","","","","","CONLE5 SCOOB PAACK Q97 JEVED ROKKT CUUDA3","2","Added",""
"2025/02/20","BWI","BALTIMORE","MD","US","OPF","MIAMI","FL","US","H","2","","","","","","","","","","","CONLE5 SCOOB EARZZ CHIEZ Y291 MAJIK CUUDA3","2","Added",""
"2025/02/20","BWI","BALTIMORE","MD","US","ORL","ORLANDO","FL","US","H","1","","","","","","","","","","","CONLE5 SCOOB MOXXY Q85 LPERD TTHOR3","2","Added",""
"2025/02/20","BWI","BALTIMORE","MD","US","PDK","ATLANTA","GA","US","H","1","","","","","","","","","","","TERPZ8 FLASK VIEWS DEHAN3","2","Added",""
"2025/02/20","BWI","BALTIMORE","MD","US","POU","POUGHKEEPSIE","NY","US","H","1","","","","","","","","","","","DUKPN1 BROSS Q419 DPK HUD4","2","Added",""
"2025/02/20","BWI","BALTIMORE","MD","US","SAT","SAN ANTONIO","TX","US","H","1","","","","","","","","","","","TERPZ8 MAULS Q40 AEX CAAGE QERVO1","2","Added",""
"2025/02/20","BWI","BALTIMORE","MD","US","SFB","ORLANDO","FL","US","H","1","","","","","","","","","","","CONLE5 SCOOB MOXXY Q85 LPERD TTHOR3","2","Added",""
"2025/02/20","BWI","BALTIMORE","MD","US","SLK","SARANAC LAKE","NY","US","H","1","","","","","","","","","","","LINSE2 JERES Q227 STENT CFB LAMMS","2","Added",""
"2025/02/20","BWI","BALTIMORE","MD","US","SPA","SPARTANBURG","SC","US","H","1","","","","","","","","","","","TERPZ8 GLANC FUBLL JUNNR4","2","Added",""
"2025/02/20","BWI","BALTIMORE","MD","US","SWF","NEW YORK","NY","US","H","1","","","","","","","","","","","DUKPN1 BROSS Q419 DPK HUD4","2","Added",""
"2025/02/20","BWI","BALTIMORE","MD","US","TLH","TALLAHASSEE","FL","US","H","1","","","","","","","","","","","TERPZ8 GLANC COLZI IRQ PZD SZW","2","Added",""
"2025/02/20","BWI","BALTIMORE","MD","US","TMB","MIAMI","FL","US","H","1","","","","","","","","","","","CONLE5 SCOOB PAACK Q97 DEBRL CSTAL2","2","Added",""
"2025/02/20","BWI","BALTIMORE","MD","US","TMB","MIAMI","FL","US","H","2","","","","","","","","","","","CONLE5 SCOOB EARZZ Q131 WAALT Y289 BAHAA HIBAC GREAD CSTAL2","2","Added",""
"2025/02/20","BWI","BALTIMORE","MD","US","TOL","TOLEDO","OH","US","H","1","","","","","","","","","","","LINSE2 JERES J211 JST EWC","2","Added",""
"2025/02/20","BWI","BALTIMORE","MD","US","TVC","TRAVERSE CITY","MI","US","H","1","","","","","","","","","","","LINSE2 MCRAY Q178 DJB","2","Added",""
"2025/02/20","CHO","CHARLOTTESVILLE","VA","US","TEB","TETERBORO","NJ","US","H","1","TO 47N, CDW, LDJ, MMU, SMQ, TEB","","","","","","","","","","GVE JAIKE4","2","Added",""
"2025/02/20","DAL","DALLAS","TX","US","BHM","BIRMINGHAM","AL","US","H","1","","","RNAV","","","","","","","","FORCK IZAAC HRISN NESTS","2","Added",""
"2025/02/20","DAL","DALLAS","TX","US","BHM","BIRMINGHAM","AL","US","H","2","","","","","","","","","","","FORCK SQS IGB NESTS","2","Added",""
"2025/02/20","DAL","DALLAS","TX","US","BHM","BIRMINGHAM","AL","US","H","3","","","RNAV","","","","","","","","SOLDO IZAAC HRISN NESTS","2","Added",""
"2025/02/20","DAL","DALLAS","TX","US","BHM","BIRMINGHAM","AL","US","H","4","","","","","","","","","","","SOLDO SQS IGB NESTS","2","Added",""
"2025/02/20","DCA","WASHINGTON","DC","US","AGS","AUGUSTA","GA","US","H","1","","","","","","","","","","","JDUBB4 RRSIN GSO STWRT3","2","Added",""
"2025/02/20","DCA","WASHINGTON","DC","US","BAF","WESTFIELD/SPRINGFIELD","MA","US","H","1","","","","","","","","","","","SOOKI5 SWANN BROSS Q419 DPK DPK3","2","Added",""
"2025/02/20","DCA","WASHINGTON","DC","US","BCT","BOCA RATON","FL","US","H","1","","","","","","","","","","","AMEEE1 SCOOB PAACK Q97 KENLL CPTAN3","2","Added",""
"2025/02/20","DCA","WASHINGTON","DC","US","BCT","BOCA RATON","FL","US","H","2","","","","","","","","","","","AMEEE1 SCOOB EARZZ Q131 WAALT Y289 DULEE CLMNT2","2","Added",""
"2025/02/20","DCA","WASHINGTON","DC","US","BKL","CLEVELAND","OH","US","H","1","","","","","","","","","","","HORTO4 JERES J211 JST UPPRR TRYBE4","2","Added",""
"2025/02/20","DCA","WASHINGTON","DC","US","BTR","BATON ROUGE","LA","US","H","1","","","","","","","","","","","CLTCH3 MAULS Q40 NIOLA MCB","2","Added",""
"2025/02/20","DCA","WASHINGTON","DC","US","CAE","COLUMBIA","SC","US","H","1","","","","","","","","","","","JDUBB4 RRSIN GSO","2","Added",""
"2025/02/20","DCA","WASHINGTON","DC","US","CEF","SPRINGFIELD/CHICOPEE","MA","US","H","1","","","","","","","","","","","SOOKI5 SWANN BROSS Q419 DPK DPK3","2","Added",""
"2025/02/20","DCA","WASHINGTON","DC","US","CGF","CLEVELAND","OH","US","H","1","","","","","","","","","","","HORTO4 JERES J211 JST UPPRR TRYBE4","2","Added",""
"2025/02/20","DCA","WASHINGTON","DC","US","DAB","DAYTONA BEACH","FL","US","H","1","","","","","","","","","","","AMEEE1 SCOOB MOXXY Q85 LPERD TTHOR3","2","Added",""
"2025/02/20","DCA","WASHINGTON","DC","US","ELM","ELMIRA/CORNING","NY","US","H","1","","","","","","","","","","","HORTO4 JERES Q227 STUBN","2","Added",""
"2025/02/20","DCA","WASHINGTON","DC","US","FTY","ATLANTA","GA","US","H","1","","","","","","","","","","","CLTCH3 FLASK VIEWS DEHAN3","2","Added",""
"2025/02/20","DCA","WASHINGTON","DC","US","FXE","FORT LAUDERDALE","FL","US","H","1","","","","","","","","","","","AMEEE1 SCOOB PAACK Q97 KENLL CPTAN3","2","Added",""
"2025/02/20","DCA","WASHINGTON","DC","US","FXE","FORT LAUDERDALE","FL","US","H","2","","","","","","","","","","","AMEEE1 SCOOB EARZZ CHIEZ Y291 MAJIK WAMBI CPTAN3","2","Added",""
"2025/02/20","DCA","WASHINGTON","DC","US","GMU","GREENVILLE","SC","US","H","1","","","","","","","","","","","SCRAM6 GLANC FUBLL JUNNR4","2","Added",""
"2025/02/20","DCA","WASHINGTON","DC","US","GRB","GREEN BAY","WI","US","H","1","","","","","","","","","","","HORTO4 BUFFR Q178 DJB","2","Added",""
"2025/02/20","DCA","WASHINGTON","DC","US","GRR","GRAND RAPIDS","MI","US","H","1","","","","","","","","","","","HORTO4 BUFFR Q178 DJB J34 ALPHE","2","Added",""
"2025/02/20","DCA","WASHINGTON","DC","US","HFD","HARTFORD","CT","US","H","1","","","","","","","","","","","SOOKI5 SWANN BROSS Q419 DPK MAD T303 HFD","2","Added",""
"2025/02/20","DCA","WASHINGTON","DC","US","IAG","NIAGARA FALLS","NY","US","H","1","","","","","","","","","","","HORTO4 JERES Q221 DLMAR WOZEE","2","Added",""
"2025/02/20","DCA","WASHINGTON","DC","US","ICT","WICHITA","KS","US","H","1","","","","","","","","","","","REBLL5 OTTTO Q176 BUM CASSO","2","Added",""
"2025/02/20","DCA","WASHINGTON","DC","US","ILM","WILMINGTON","NC","US","H","1","","","","","","","","","","","AMEEE1 SCOOB PAACK","2","Added",""
"2025/02/20","DCA","WASHINGTON","DC","US","ISM","ORLANDO","FL","US","H","1","","","","","","","","","","","AMEEE1 SCOOB MOXXY Q85 LPERD SNFLD3","2","Added",""
"2025/02/20","DCA","WASHINGTON","DC","US","ITH","ITHACA","NY","US","H","1","","","","","","","","","","","HORTO4 JERES Q227 STUBN","2","Added",""
"2025/02/20","DCA","WASHINGTON","DC","US","JPX","EAST HAMPTON","NY","US","H","1","","","","","","","","","","","DOCTR5 AGARD WNSTN T320 ORCHA","2","Added",""
"2025/02/20","DCA","WASHINGTON","DC","US","LAN","LANSING","MI","US","H","1","","","","","","","","","","","HORTO4 BUFFR Q178 DJB J34 CRL","2","Added",""
"2025/02/20","DCA","WASHINGTON","DC","US","LEX","LEXINGTON","KY","US","H","1","","","","","","","","","","","REBLL5 OTTTO Q176 HNN","2","Added",""
"2025/02/20","DCA","WASHINGTON","DC","US","LUK","CINCINNATI","OH","US","H","1","","","","","","","","","","","REBLL5 OTTTO COLNS BRUSH GAVNN","2","Added",""
"2025/02/20","DCA","WASHINGTON","DC","US","MCN","MACON","GA","US","H","1","","","","","","","","","","","SCRAM6 GLANC LYH SPA","2","Added",""
"2025/02/20","DCA","WASHINGTON","DC","US","MSN","MADISON","WI","US","H","1","","","","","","","","","","","HORTO4 BUFFR Q178 DJB J34 BAE","2","Added",""
"2025/02/20","DCA","WASHINGTON","DC","US","OGS","OGDENSBURG","NY","US","H","1","","","","","","","","","","","HORTO4 JERES Q227 STUBN SYR ART","2","Added",""
"2025/02/20","DCA","WASHINGTON","DC","US","OPF","MIAMI","FL","US","H","1","","","","","","","","","","","AMEEE1 SCOOB PAACK Q97 PRMUS CUUDA3","2","Added",""
"2025/02/20","DCA","WASHINGTON","DC","US","OPF","MIAMI","FL","US","H","2","","","","","","","","","","","AMEEE1 SCOOB EARZZ CHIEZ Y291 MAJIK CUUDA3","2","Added",""
"2025/02/20","DCA","WASHINGTON","DC","US","ORL","ORLANDO","FL","US","H","1","","","","","","","","","","","AMEEE1 SCOOB MOXXY Q85 LPERD TTHOR3","2","Added",""
"2025/02/20","DCA","WASHINGTON","DC","US","PDK","ATLANTA","GA","US","H","1","","","","","","","","","","","CLTCH3 FLASK VIEWS DEHAN3","2","Added",""
"2025/02/20","DCA","WASHINGTON","DC","US","POU","POUGHKEEPSIE","NY","US","H","1","","","","","","","","","","","SOOKI5 SWANN BROSS Q419 DPK HUD4","2","Added",""
"2025/02/20","DCA","WASHINGTON","DC","US","SAT","SAN ANTONIO","TX","US","H","1","","","","","","","","","","","CLTCH3 MAULS Q40 AEX CAAGE QERVO1","2","Added",""
"2025/02/20","DCA","WASHINGTON","DC","US","SFB","ORLANDO","FL","US","H","1","","","","","","","","","","","AMEEE1 SCOOB MOXXY Q85 LPERD TTHOR3","2","Added",""
"2025/02/20","DCA","WASHINGTON","DC","US","SLK","SARANAC LAKE","NY","US","H","1","","","","","","","","","","","HORTO4 JERES Q227 STENT CFB LAMMS","2","Added",""
"2025/02/20","DCA","WASHINGTON","DC","US","SPA","SPARTANBURG","SC","US","H","1","","","","","","","","","","","SCRAM6 GLANC FUBLL JUNNR4","2","Added",""
"2025/02/20","DCA","WASHINGTON","DC","US","SWF","NEW YORK","NY","US","H","1","","","","","","","","","","","SOOKI5 SWANN BROSS Q419 DPK HUD4","2","Added",""
"2025/02/20","DCA","WASHINGTON","DC","US","TLH","TALLAHASSEE","FL","US","H","1","","","","","","","","","","","SCRAM6 GLANC COLZI IRQ PZD SZW","2","Added",""
"2025/02/20","DCA","WASHINGTON","DC","US","TMB","MIAMI","FL","US","H","1","","","","","","","","","","","AMEEE1 SCOOB PAACK Q97 DEBRL CSTAL2","2","Added",""
"2025/02/20","DCA","WASHINGTON","DC","US","TMB","MIAMI","FL","US","H","2","","","","","","","","","","","AMEEE1 SCOOB EARZZ Q131 WAALT Y289 BAHAA HIBAC GREAD CSTAL2","2","Added",""
"2025/02/20","DCA","WASHINGTON","DC","US","TOL","TOLEDO","OH","US","H","1","","","","","","","","","","","HORTO4 JERES J211 JST EWC","2","Added",""
"2025/02/20","DCA","WASHINGTON","DC","US","TVC","TRAVERSE CITY","MI","US","H","1","","","","","","","","","","","HORTO4 BUFFR Q178 DJB","2","Added",""
"2025/02/20","DFW","DALLAS-FORT WORTH","TX","US","BHM","BIRMINGHAM","AL","US","H","1","","","RNAV","","","","","","","","FORCK IZAAC HRISN NESTS","2","Added",""
"2025/02/20","DFW","DALLAS-FORT WORTH","TX","US","BHM","BIRMINGHAM","AL","US","H","2","","","","","","","","","","","FORCK SQS IGB NESTS","2","Added",""
"2025/02/20","DFW","DALLAS-FORT WORTH","TX","US","BHM","BIRMINGHAM","AL","US","H","3","","","RNAV","","","","","","","","SOLDO IZAAC HRISN NESTS","2","Added",""
"2025/02/20","DFW","DALLAS-FORT WORTH","TX","US","BHM","BIRMINGHAM","AL","US","H","4","","","","","","","","","","","SOLDO SQS IGB NESTS","2","Added",""
"2025/02/20","IAD","WASHINGTON","DC","US","AGS","AUGUSTA","GA","US","H","1","","","","","","","","","","","JDUBB4 RRSIN GSO STWRT3","2","Added",""
"2025/02/20","IAD","WASHINGTON","DC","US","BAF","WESTFIELD/SPRINGFIELD","MA","US","H","1","","","","","","","","","","","WOOLY2 SWANN BROSS Q419 DPK DPK3","2","Added",""
"2025/02/20","IAD","WASHINGTON","DC","US","BCT","BOCA RATON","FL","US","H","1","","","","","","","","","","","JDUBB4 RRSIN GSO Q83 JEVED Q97 KENLL CPTAN3","2","Added",""
"2025/02/20","IAD","WASHINGTON","DC","US","BDL","WINDSOR LOCKS","CT","US","H","2","","","","","","","","","","","WOOLY2 SWANN BROSS Q419 DPK DPK3","2","Added",""
"2025/02/20","IAD","WASHINGTON","DC","US","BKL","CLEVELAND","OH","US","H","1","","","","","","","","","","","JERES2 JERES J211 JST UPPRR TRYBE4","2","Added",""
"2025/02/20","IAD","WASHINGTON","DC","US","BTR","BATON ROUGE","LA","US","H","1","","","","","","","","","","","CLTCH3 MAULS Q40 NIOLA MCB","2","Added",""
"2025/02/20","IAD","WASHINGTON","DC","US","CAE","COLUMBIA","SC","US","H","1","","","","","","","","","","","JDUBB4 RRSIN GSO","2","Added",""
"2025/02/20","IAD","WASHINGTON","DC","US","CEF","SPRINGFIELD/CHICOPEE","MA","US","H","1","","","","","","","","","","","WOOLY2 SWANN BROSS Q419 DPK DPK3","2","Added",""
"2025/02/20","IAD","WASHINGTON","DC","US","CGF","CLEVELAND","OH","US","H","1","","","","","","","","","","","JERES2 JERES J211 JST UPPRR TRYBE4","2","Added",""
"2025/02/20","IAD","WASHINGTON","DC","US","DAB","DAYTONA BEACH","FL","US","H","1","","","","","","","","","","","JDUBB4 RRSIN GSO Q83 ROYCO Q85 LPERD TTHOR3","2","Added",""
"2025/02/20","IAD","WASHINGTON","DC","US","DAB","DAYTONA BEACH","FL","US","H","2","","","","","","","","","","","JCOBY4 SCOOB MOXXY Q85 LPERD TTHOR3","2","Added",""
"2025/02/20","IAD","WASHINGTON","DC","US","ELM","ELMIRA/CORNING","NY","US","H","1","","","","","","","","","","","JERES2 JERES Q227 STUBN","2","Added",""
"2025/02/20","IAD","WASHINGTON","DC","US","FTY","ATLANTA","GA","US","H","1","","","","","","","","","","","CLTCH3 FLASK VIEWS DEHAN3","2","Added",""
"2025/02/20","IAD","WASHINGTON","DC","US","FXE","FORT LAUDERDALE","FL","US","H","1","","","","","","","","","","","JDUBB4 RRSIN GSO Q83 JEVED Q97 KENLL CPTAN3","2","Added",""
"2025/02/20","IAD","WASHINGTON","DC","US","GMU","GREENVILLE","SC","US","H","1","","","","","","","","","","","SCRAM6 GLANC FUBLL JUNNR4","2","Added",""
"2025/02/20","IAD","WASHINGTON","DC","US","GRB","GREEN BAY","WI","US","H","1","","","","","","","","","","","MCRAY2 MCRAY Q178 DJB","2","Added",""
"2025/02/20","IAD","WASHINGTON","DC","US","GRR","GRAND RAPIDS","MI","US","H","1","","","","","","","","","","","MCRAY2 MCRAY Q178 DJB J34 ALPHE","2","Added",""
"2025/02/20","IAD","WASHINGTON","DC","US","HFD","HARTFORD","CT","US","H","1","","","","","","","","","","","WOOLY2 SWANN BROSS Q419 DPK MAD T303 HFD","2","Added",""
"2025/02/20","IAD","WASHINGTON","DC","US","IAG","NIAGARA FALLS","NY","US","H","1","","","","","","","","","","","JERES2 JERES Q221 DLMAR WOZEE","2","Added",""
"2025/02/20","IAD","WASHINGTON","DC","US","ICT","WICHITA","KS","US","H","1","","","","","","","","","","","RNLDI4 OTTTO Q176 BUM CASSO","2","Added",""
"2025/02/20","IAD","WASHINGTON","DC","US","ILM","WILMINGTON","NC","US","H","1","","","","","","","","","","","JDUBB4 MELTN SBV RDU FAY V296 ILM","2","Added",""
"2025/02/20","IAD","WASHINGTON","DC","US","ILM","WILMINGTON","NC","US","H","2","","","","","","","","","","","JCOBY4 SCOOB PAACK","2","Added",""
"2025/02/20","IAD","WASHINGTON","DC","US","ISM","ORLANDO","FL","US","H","1","","","","","","","","","","","JDUBB4 RRSIN GSO Q83 ROYCO Q85 LPERD SNFLD3","2","Added",""
"2025/02/20","IAD","WASHINGTON","DC","US","ITH","ITHACA","NY","US","H","1","","","","","","","","","","","JERES2 JERES Q227 STUBN","2","Added",""
"2025/02/20","IAD","WASHINGTON","DC","US","JPX","EAST HAMPTON","NY","US","H","1","","","","","","","","","","","WOOLY2 AGARD WNSTN T320 ORCHA","2","Added",""
"2025/02/20","IAD","WASHINGTON","DC","US","LAN","LANSING","MI","US","H","1","","","","","","","","","","","MCRAY2 MCRAY Q178 DJB J34 CRL","2","Added",""
"2025/02/20","IAD","WASHINGTON","DC","US","LEX","LEXINGTON","KY","US","H","1","","","","","","","","","","","RNLDI4 OTTTO Q176 HNN","2","Added",""
"2025/02/20","IAD","WASHINGTON","DC","US","LUK","CINCINNATI","OH","US","H","1","","","","","","","","","","","RNLDI4 OTTTO COLNS BRUSH GAVNN","2","Added",""
"2025/02/20","IAD","WASHINGTON","DC","US","MCN","MACON","GA","US","H","1","","","","","","","","","","","SCRAM6 GLANC LYH SPA","2","Added",""
"2025/02/20","IAD","WASHINGTON","DC","US","MSN","MADISON","WI","US","H","1","","","","","","","","","","","MCRAY2 MCRAY Q178 DJB J34 BAE","2","Added",""
"2025/02/20","IAD","WASHINGTON","DC","US","OGS","OGDENSBURG","NY","US","H","1","","","","","","","","","","","JERES2 JERES Q227 STUBN SYR ART","2","Added",""
"2025/02/20","IAD","WASHINGTON","DC","US","OPF","MIAMI","FL","US","H","1","","","","","","","","","","","JDUBB4 RRSIN GSO Q83 JEVED Q97 PRMUS CUUDA3","2","Added",""
"2025/02/20","IAD","WASHINGTON","DC","US","ORL","ORLANDO","FL","US","H","1","","","","","","","","","","","JDUBB4 RRSIN GSO Q83 ROYCO Q85 LPERD TTHOR3","2","Added",""
"2025/02/20","IAD","WASHINGTON","DC","US","PDK","ATLANTA","GA","US","H","1","","","","","","","","","","","CLTCH3 FLASK VIEWS DEHAN3","2","Added",""
"2025/02/20","IAD","WASHINGTON","DC","US","POU","POUGHKEEPSIE","NY","US","H","1","","","","","","","","","","","WOOLY2 SWANN BROSS Q419 DPK HUD4","2","Added",""
"2025/02/20","IAD","WASHINGTON","DC","US","SAT","SAN ANTONIO","TX","US","H","1","","","","","","","","","","","CLTCH3 MAULS Q40 AEX CAAGE QERVO1","2","Added",""
"2025/02/20","IAD","WASHINGTON","DC","US","SFB","ORLANDO","FL","US","H","1","","","","","","","","","","","JDUBB4 RRSIN GSO Q83 ROYCO Q85 LPERD TTHOR3","2","Added",""
"2025/02/20","IAD","WASHINGTON","DC","US","SFB","ORLANDO","FL","US","H","2","","","","","","","","","","","JCOBY4 SCOOB MOXXY Q85 LPERD TTHOR3","2","Added",""
"2025/02/20","IAD","WASHINGTON","DC","US","SLK","SARANAC LAKE","NY","US","H","1","","","","","","","","","","","JERES2 JERES Q227 STENT CFB LAMMS","2","Added",""
"2025/02/20","IAD","WASHINGTON","DC","US","SPA","SPARTANBURG","SC","US","H","1","","","","","","","","","","","SCRAM6 GLANC FUBLL JUNNR4","2","Added",""
"2025/02/20","IAD","WASHINGTON","DC","US","SWF","NEW YORK","NY","US","H","1","","","","","","","","","","","WOOLY2 SWANN BROSS Q419 DPK HUD4","2","Added",""
"2025/02/20","IAD","WASHINGTON","DC","US","TLH","TALLAHASSEE","FL","US","H","1","","","","","","","","","","","SCRAM6 GLANC COLZI IRQ PZD SZW","2","Added",""
"2025/02/20","IAD","WASHINGTON","DC","US","TMB","MIAMI","FL","US","H","1","","","","","","","","","","","JDUBB4 RRSIN GSO Q83 JEVED Q97 DEBRL CSTAL2","2","Added",""
"2025/02/20","IAD","WASHINGTON","DC","US","TOL","TOLEDO","OH","US","H","1","","","","","","","","","","","JERES2 JERES J211 JST EWC","2","Added",""
"2025/02/20","IAD","WASHINGTON","DC","US","TVC","TRAVERSE CITY","MI","US","H","1","","","","","","","","","","","MCRAY2 MCRAY Q178 DJB","2","Added",""
"2025/02/20","ORF","NORFOLK","VA","US","BED","BEDFORD","MA","US","H","1","","","","","","","","","","","SCHOL KALDA Q167 ORCHA ORW DREEM2","2","Added",""
"2025/02/20","ORF","NORFOLK","VA","US","BNA","NASHVILLE","TN","US","H","1","","","","","","","","","","","COUPN BEETN RDU SHPRD VXV SWFFT2","2","Added",""
"2025/02/20","ORF","NORFOLK","VA","US","CHS","CHARLESTON","SC","US","H","1","","","","","","","","","","","COUPN DFENC Q109 JOHAR AMYLU AMYLU3","2","Added",""
"2025/02/20","ORF","NORFOLK","VA","US","CLE","CLEVELAND","OH","US","H","1","","","","","","","","","","","WAIKS KELLE MOL J24 HVQ JANYS ROLLN2","2","Added",""
"2025/02/20","ORF","NORFOLK","VA","US","CVG","COVINGTON","KY","US","H","1","","","","","","","","","","","WAIKS KELLE MOL FAIIR GAVNN7","2","Added",""
"2025/02/20","ORF","NORFOLK","VA","US","DAL","DALLAS","TX","US","H","1","","","","","","","","","","","COUPN BEETN RDU SHPRD AWYAT Q52 CHOPZ THRSR VLKNN Q30 IZAAC PUDJE REDDN4","2","Added",""
"2025/02/20","ORF","NORFOLK","VA","US","DEN","DENVER","CO","US","H","1","","","","","","","","","","","WAIKS KELLE MOL J24 FLM GBEES Q176 STL J24 OATHE CLASH4","2","Added",""
"2025/02/20","ORF","NORFOLK","VA","US","DFW","DALLAS-FORT WORTH","TX","US","H","1","","","","","DFW NORTH FLOW","","","","","","COUPN BEETN RDU SHPRD AWYAT Q52 CHOPZ THRSR VLKNN Q30 IZAAC YUYUN WHINY4","2","Added",""
"2025/02/20","ORF","NORFOLK","VA","US","DFW","DALLAS-FORT WORTH","TX","US","H","2","","","","","DFW SOUTH FLOW","","","","","","COUPN BEETN RDU SHPRD AWYAT Q52 CHOPZ THRSR VLKNN Q30 IZAAC YUYUN BEREE3","2","Added",""
"2025/02/20","ORF","NORFOLK","VA","US","HPN","WHITE PLAINS","NY","US","H","1","","","","","","","","","","","SCHOL KALDA Q108 SIE BOUNO5","2","Added",""
"2025/02/20","ORF","NORFOLK","VA","US","MEM","MEMPHIS","TN","US","H","1","","","","","","","","","","","COUPN BEETN RDU SHPRD VXV BNA BLUZZ5","2","Added",""
"2025/02/20","ORF","NORFOLK","VA","US","MHT","MANCHESTER","NH","US","H","1","","","","","","","","","","","SCHOL KALDA Q133 JFK SMYTH ROZZE2","2","Added",""
"2025/02/20","ORF","NORFOLK","VA","US","PDK","ATLANTA","GA","US","H","1","","","","","","","","","","","COUPN BEETN JIMAR EYOBI CEELY Q172 YUTEE KISTN WRGNZ3","2","Added",""
"2025/02/20","ORF","NORFOLK","VA","US","PGD","PUNTA GORDA","FL","US","H","1","","","","","","","","","","","COUPN BEETN JIMAR DEEEZ Q409 PUPYY KYYUU LUBBR3","2","Added",""
"2025/02/20","ORF","NORFOLK","VA","US","PIE","ST PETERSBURG-CLEARWATER","FL","US","H","1","","","","","","","","","","","COUPN BEETN JIMAR DEEEZ Q409 PUPYY BAAMF DADES1","2","Added",""
"2025/02/20","ORF","NORFOLK","VA","US","PWM","PORTLAND","ME","US","H","1","","","","","","","","","","","SCHOL KALDA Q133 LLUND BDR SCOGS3","2","Added",""
"2025/02/20","RDU","RALEIGH/DURHAM","NC","US","BED","BEDFORD","MA","US","H","1","","","","","","","","","","","HURIC4 FEBEL GUILD JAMIE CONFR Q133 JFK DPK MAD HFD DREEM2","2","Added",""
"2025/02/20","RDU","RALEIGH/DURHAM","NC","US","BHM","BIRMINGHAM","AL","US","H","1","","","","","","","","","","","SHPRD4 SHPRD DEBIE IPTAY CHOPZ THRSR KIOSK","2","Added",""
"2025/02/20","RDU","RALEIGH/DURHAM","NC","US","BNA","NASHVILLE","TN","US","H","1","","","","","","","","","","","SHPRD4 SHPRD VXV SWFFT2","2","Added",""
"2025/02/20","RDU","RALEIGH/DURHAM","NC","US","CLT","CHARLOTTE","NC","US","H","1","","","","","","","","","","","CATAR SDAIL CHSLY6","2","Added",""
"2025/02/20","RDU","RALEIGH/DURHAM","NC","US","DEN","DENVER","CO","US","H","1","","","","","","","","","","","SHPRD4 SHPRD VXV BNA FAM J112 BUM J110 GCK KIISS CLASH4","2","Added",""
"2025/02/20","RDU","RALEIGH/DURHAM","NC","US","HPN","WHITE PLAINS","NY","US","H","1","","","","","","","","","","","BEXGO5 BOUSY GEARS BBOBO Q22 BESSI CYN BOUNO5","2","Added",""
"2025/02/20","RDU","RALEIGH/DURHAM","NC","US","MCI","KANSAS CITY","MO","US","H","1","","","","","","","","","","","SHPRD4 SHPRD VXV BNA J46 ARG SGF NELVY MHOMS3","2","Added",""
"2025/02/20","RDU","RALEIGH/DURHAM","NC","US","MDT","HARRISBURG","PA","US","H","1","","","","","","","","","","","OXFRD5 CARML COURG REEES T299 HAR","2","Added",""
"2025/02/20","RDU","RALEIGH/DURHAM","NC","US","MEM","MEMPHIS","TN","US","H","1","","","","","","","","","","","SHPRD4 SHPRD VXV BNA BLUZZ5","2","Added",""
"2025/02/20","RDU","RALEIGH/DURHAM","NC","US","MHT","MANCHESTER","NH","US","H","1","","","","","","","","","","","HURIC4 FEBEL GUILD JAMIE CONFR Q133 JFK SMYTH ROZZE2","2","Added",""
"2025/02/20","RDU","RALEIGH/DURHAM","NC","US","MKE","MILWAUKEE","WI","US","H","1","","","","","","","","","","","SHPRD4 SHPRD HMV FLM MACES VINNE BRAVE EXARR","2","Added",""
"2025/02/20","RDU","RALEIGH/DURHAM","NC","US","MSP","MINNEAPOLIS","MN","US","H","1","","","","","","","","","","","LWOOD5 DANCO HVQ FWA GIJ KAMMA KKILR3","2","Added",""
"2025/02/20","RDU","RALEIGH/DURHAM","NC","US","MSY","NEW ORLEANS","LA","US","H","1","","","","","","","","","","","SHPRD4 SHPRD BURGG Q22 CATLN SJI MNSTR1","2","Added",""
"2025/02/20","RDU","RALEIGH/DURHAM","NC","US","PIE","ST PETERSBURG-CLEARWATER","FL","US","H","1","","","","","","","","","","","HOOKZ5 DAWTS BLAAN RIELE Q103 PUPYY BAAMF DADES1","2","Added",""
"2025/02/20","RDU","RALEIGH/DURHAM","NC","US","SJC","SAN JOSE","CA","US","H","1","","","","","","","","","","","SHPRD4 SHPRD VXV BNA J46 TUL MMB CIM RSK J58 ILC KNGRY RAZRR5","2","Added",""
"2025/02/20","RDU","RALEIGH/DURHAM","NC","US","STL","ST LOUIS","MO","US","H","1","","","","","","","","","","","SHPRD4 SHPRD VXV BNA BOOSH3","2","Added",""
"2025/02/20","RDU","RALEIGH/DURHAM","NC","US","TEB","TETERBORO","NJ","US","H","1","TO 47N, CDW, LDJ, MMU, SMQ, TEB","","","","","","","","","","OXFRD5 CARML SWNGR JAIKE4","2","Added",""
"2025/02/20","RIC","RICHMOND","VA","US","BDL","WINDSOR LOCKS","CT","US","H","1","TO BAF, BDL, CEF","","","","","","","","","","LUCYL6 LUCYL HYTRA GRACO BROSS Q419 DPK DPK3","2","Added",""
"2025/02/20","RIC","RICHMOND","VA","US","BNA","NASHVILLE","TN","US","H","1","","","","","","","","","","","KALLI7 READE LYH DANCO VXV SWFFT2","2","Added",""
"2025/02/20","RIC","RICHMOND","VA","US","CLE","CLEVELAND","OH","US","H","1","","","","","","","","","","","KALLI7 READE MOL J24 HVQ JANYS ROLLN2","2","Added",""
"2025/02/20","RIC","RICHMOND","VA","US","DAL","DALLAS","TX","US","H","1","","","","","","","","","","","KALLI7 SANNY COLZI Q52 CHOPZ THRSR VLKNN Q30 IZAAC PUDJE REDDN4","2","Added",""
"2025/02/20","RIC","RICHMOND","VA","US","DEN","DENVER","CO","US","H","1","","","","","","","","","","","KALLI7 READE MOL J24 FLM GBEES Q176 STL J24 OATHE CLASH4","2","Added",""
"2025/02/20","RIC","RICHMOND","VA","US","DFW","DALLAS-FORT WORTH","TX","US","H","1","","","","","DFW NORTH FLOW","","","","","","KALLI7 SANNY COLZI Q52 CHOPZ THRSR VLKNN Q30 IZAAC YUYUN WHINY4","2","Added",""
"2025/02/20","RIC","RICHMOND","VA","US","DFW","DALLAS-FORT WORTH","TX","US","H","2","","","","","DFW SOUTH FLOW","","","","","","KALLI7 SANNY COLZI Q52 CHOPZ THRSR VLKNN Q30 IZAAC YUYUN BEREE3","2","Added",""
"2025/02/20","RIC","RICHMOND","VA","US","EXX","LEXINGTON","NC","US","H","1","","","","","","","","","","","KALLI7 READE BOJAR T414 HENBY BZM","2","Added",""
"2025/02/20","RIC","RICHMOND","VA","US","HKY","HICKORY","NC","US","H","1","","","","","","","","","","","KALLI7 READE BOJAR T414 BONZE","2","Added",""
"2025/02/20","RIC","RICHMOND","VA","US","HPN","WHITE PLAINS","NY","US","H","1","","","","","","","","","","","LUCYL6 LUCYL HYTRA GRACO NACYN BESSI CYN BOUNO5","2","Added",""
"2025/02/20","RIC","RICHMOND","VA","US","JQF","CONCORD","NC","US","H","1","","","","","","","","","","","KALLI7 READE AIROW NASCR1","2","Added",""
"2025/02/20","RIC","RICHMOND","VA","US","MDW","CHICAGO","IL","US","H","1","","","","","","","","","","","KALLI7 READE MOL GEFFS J149 FWA PANGG5","2","Added",""
"2025/02/20","RIC","RICHMOND","VA","US","MEM","MEMPHIS","TN","US","H","1","","","","","","","","","","","KALLI7 READE DANCO VXV BNA BLUZZ5","2","Added",""
"2025/02/20","RIC","RICHMOND","VA","US","MHT","MANCHESTER","NH","US","H","1","","","","","","","","","","","LUCYL6 LUCYL HYTRA GRACO BROSS Q419 RBV Q22 LLUND SMYTH ROZZE2","2","Added",""
"2025/02/20","RIC","RICHMOND","VA","US","PIT","PITTSBURGH","PA","US","H","1","","","","","","","","","","","KALLI7 READE MOL J24 BIGAL EWESS RICCS LEJOY DEMME5","2","Added",""
"2025/02/20","RIC","RICHMOND","VA","US","PVD","PROVIDENCE","RI","US","H","1","","","","","","","","","","","LUCYL6 LUCYL HYTRA GRACO BROSS Q419 RBV Q430 CREEL ORCHA JORDN JORDN2","2","Added",""
"2025/02/20","RIC","RICHMOND","VA","US","PWM","PORTLAND","ME","US","H","1","","","","","","","","","","","LUCYL6 LUCYL HYTRA GRACO BROSS Q419 RBV Q22 LLUND BDR SCOGS3","2","Added",""
"2025/02/20","RIC","RICHMOND","VA","US","RUQ","SALISBURY","NC","US","H","1","","","","","","","","","","","KALLI7 KALLI7 READE AIROW NASCR1","2","Added",""
"2025/02/20","RIC","RICHMOND","VA","US","SVH","STATESVILLE","NC","US","H","1","","","","","","","","","","","KALLI7 READE BOJAR T414 BONZE","2","Added",""
"2025/02/20","RIC","RICHMOND","VA","US","TEB","TETERBORO","NJ","US","H","1","TO 47N, CDW, LDJ, MMU, SMQ, TEB","","","","","","","","","","LUCYL6 LUCYL HYTRA JAIKE4","2","Added",""
"2025/02/20","RIC","RICHMOND","VA","US","VUJ","ALBEMARLE","NC","US","H","1","","","","","","","","","","","KALLI7 READE AIROW NASCR1","2","Added",""
