"EFF_DATE","STAR_COMPUTER_CODE","ARTCC","BODY_NAME","BODY_SEQ","ARPT_ID","RWY_END_ID","File","Action","Mods"
"2024/12/26","BEARR.SKEES5","ZLC","BEARR-CEEDR","1","SLC","34L","2","Deleted",""
"2024/12/26","BEARR.SKEES5","ZLC","BEARR-CEEDR","1","SLC","34R","2","Deleted",""
"2024/12/26","BEARR.SKEES5","ZLC","BEARR-CEEDR","1","SLC","35","2","Deleted",""
"2024/12/26","BEARR.SKEES5","ZLC","BEARR-IRRON","1","SLC","16L","2","Deleted",""
"2024/12/26","BEARR.SKEES5","ZLC","BEARR-IRRON","1","SLC","16R","2","Deleted",""
"2024/12/26","BEARR.SKEES5","ZLC","BEARR-IRRON","1","SLC","17","2","Deleted",""
"2024/12/26","BLFRG.BLFRG2","ZMA","BLFRG-CRUUZ","1","TPA","01L","2","Deleted",""
"2024/12/26","BLFRG.BLFRG2","ZMA","BLFRG-CRUUZ","1","TPA","01R","2","Deleted",""
"2024/12/26","BLFRG.BLFRG2","ZMA","BLFRG-CRUUZ","1","TPA","10","2","Deleted",""
"2024/12/26","BLFRG.BLFRG2","ZMA","BLFRG-LISAF","1","TPA","19L","2","Deleted",""
"2024/12/26","BLFRG.BLFRG2","ZMA","BLFRG-LISAF","1","TPA","19R","2","Deleted",""
"2024/12/26","BLFRG.BLFRG2","ZMA","BLFRG-LISAF","1","TPA","28","2","Deleted",""
"2024/12/26","BLFRG.BLFRG2","ZMA","BLFRG-OXISE","1","MCF","ALL","2","Deleted",""
"2024/12/26","BLFRG.BLFRG2","ZMA","BLFRG-OXISE","1","PIE","ALL","2","Deleted",""
"2024/12/26","BVL.WAATS5","ZLC","BVL-CEEDR","1","SLC","34L","2","Deleted",""
"2024/12/26","BVL.WAATS5","ZLC","BVL-CEEDR","1","SLC","34R","2","Deleted",""
"2024/12/26","BVL.WAATS5","ZLC","BVL-CEEDR","1","SLC","35","2","Deleted",""
"2024/12/26","BVL.WAATS5","ZLC","BVL-RROYY","1","SLC","16L","2","Deleted",""
"2024/12/26","BVL.WAATS5","ZLC","BVL-RROYY","1","SLC","16R","2","Deleted",""
"2024/12/26","BVL.WAATS5","ZLC","BVL-RROYY","1","SLC","17","2","Deleted",""
"2024/12/26","DOCCS.DOCCS3","ZDC","DOCCS","1","IAD","12","2","Deleted",""
"2024/12/26","DOCCS.DOCCS3","ZDC","DOCCS-LDN","1","JYO","ALL","2","Deleted",""
"2024/12/26","DOCCS.DOCCS3","ZDC","DOCCS-SIYOB","1","IAD","01C","2","Deleted",""
"2024/12/26","DOCCS.DOCCS3","ZDC","DOCCS-SIYOB","1","IAD","01L","2","Deleted",""
"2024/12/26","DOCCS.DOCCS3","ZDC","DOCCS-SIYOB","1","IAD","01R","2","Deleted",""
"2024/12/26","DOCCS.DOCCS3","ZDC","DOCCS-SIYOB","1","IAD","30","2","Deleted",""
"2024/12/26","DOCCS.DOCCS3","ZDC","DOCCS-UDIYU","1","IAD","19C","2","Deleted",""
"2024/12/26","DOCCS.DOCCS3","ZDC","DOCCS-UDIYU","1","IAD","19L","2","Deleted",""
"2024/12/26","DOCCS.DOCCS3","ZDC","DOCCS-UDIYU","1","IAD","19R","2","Deleted",""
"2024/12/26","DTA.DELTA6","ZLC","DTA-RROYY","1","SLC","16L","2","Deleted",""
"2024/12/26","DTA.DELTA6","ZLC","DTA-RROYY","1","SLC","16R","2","Deleted",""
"2024/12/26","DTA.DELTA6","ZLC","DTA-RROYY","1","SLC","17","2","Deleted",""
"2024/12/26","GDAYE.JMONY1","ZID","GDAYE-BATSS","1","SDF","29","2","Deleted",""
"2024/12/26","GDAYE.JMONY1","ZID","GDAYE-CWAYN","1","SDF","17R","2","Deleted",""
"2024/12/26","GDAYE.JMONY1","ZID","GDAYE-LEWSS","1","SDF","35L","2","Deleted",""
"2024/12/26","GDAYE.JMONY1","ZID","GDAYE-LEWSS","1","SDF","35R","2","Deleted",""
"2024/12/26","GDAYE.JMONY1","ZID","GDAYE-LEXXI","1","SDF","17L","2","Deleted",""
"2024/12/26","GDAYE.JMONY1","ZID","GDAYE-MYDOG","1","JVY","ALL","2","Deleted",""
"2024/12/26","GDAYE.JMONY1","ZID","GDAYE-MYDOG","1","LOU","ALL","2","Deleted",""
"2024/12/26","IVINS.IVINS1","ZLA","IVINS-EHUNT","1","VNY","34L","2","Deleted",""
"2024/12/26","IVINS.IVINS1","ZLA","IVINS-HNTUN","1","VNY","16R","2","Deleted",""
"2024/12/26","KLANI.KLANI3","ZHN","KLANI-HAURY","1","HNL","04L","2","Deleted",""
"2024/12/26","KLANI.KLANI3","ZHN","KLANI-HAURY","1","HNL","04R","2","Deleted",""
"2024/12/26","KLANI.KLANI3","ZHN","KLANI-NBODY","1","HNL","26L","2","Deleted",""
"2024/12/26","KLANI.KLANI3","ZHN","KLANI-NBODY","1","HNL","26R","2","Deleted",""
"2024/12/26","KLANI.KLANI3","ZHN","KLANI-SELIC","1","HNL","08L","2","Deleted",""
"2024/12/26","KLANI.KLANI3","ZHN","KLANI-SELIC","1","HNL","08R","2","Deleted",""
"2024/12/26","LHO.NORDK6","ZLC","LHO-CEEDR","1","SLC","34L","2","Deleted",""
"2024/12/26","LHO.NORDK6","ZLC","LHO-CEEDR","1","SLC","34R","2","Deleted",""
"2024/12/26","LHO.NORDK6","ZLC","LHO-CEEDR","1","SLC","35","2","Deleted",""
"2024/12/26","LHO.NORDK6","ZLC","LHO-WEBER","1","SLC","16L","2","Deleted",""
"2024/12/26","LHO.NORDK6","ZLC","LHO-WEBER","1","SLC","16R","2","Deleted",""
"2024/12/26","LHO.NORDK6","ZLC","LHO-WEBER","1","SLC","17","2","Deleted",""
"2024/12/26","MINEE.MINEE5","ZJX","MINEE-ORL","1","COI","ALL","2","Deleted",""
"2024/12/26","MINEE.MINEE5","ZJX","MINEE-ORL","1","ISM","ALL","2","Deleted",""
"2024/12/26","MINEE.MINEE5","ZJX","MINEE-ORL","1","LEE","ALL","2","Deleted",""
"2024/12/26","MINEE.MINEE5","ZJX","MINEE-ORL","1","MCO","ALL","2","Deleted",""
"2024/12/26","MINEE.MINEE5","ZJX","MINEE-ORL","1","ORL","ALL","2","Deleted",""
"2024/12/26","MINEE.MINEE5","ZJX","MINEE-ORL","1","SFB","ALL","2","Deleted",""
"2024/12/26","MINEE.MINEE5","ZJX","MINEE-ORL","1","TIX","ALL","2","Deleted",""
"2024/12/26","NASCR.NASCR4","ZTL","NASCR","1","JQF","ALL","2","Deleted",""
"2024/12/26","NASCR.NASCR4","ZTL","NASCR","1","RUQ","ALL","2","Deleted",""
"2024/12/26","NASCR.NASCR4","ZTL","NASCR","1","VUJ","ALL","2","Deleted",""
"2024/12/26","QWENN.QWENN5","ZLC","QWENN-PLAGE","1","SLC","34L","2","Deleted",""
"2024/12/26","QWENN.QWENN5","ZLC","QWENN-PLAGE","1","SLC","34R","2","Deleted",""
"2024/12/26","QWENN.QWENN5","ZLC","QWENN-PLAGE","1","SLC","35","2","Deleted",""
"2024/12/26","ROKKR.BONJO2","ZLA","ROKKR-BONJO","1","SMO","ALL","2","Deleted",""
"2024/12/26","ROKKR.ROKKR2","ZLA","ROKKR-EHUNT","1","BUR","33","2","Deleted",""
"2024/12/26","ROKKR.ROKKR2","ZLA","ROKKR-MAURK","1","BUR","15","2","Deleted",""
"2024/12/26","ROKKR.ROKKR2","ZLA","ROKKR-MIKEI","1","BUR","08","2","Deleted",""
"2024/12/26","SPANE.LEEHY5","ZLC","SPANE-PLAGE","1","SLC","34L","2","Deleted",""
"2024/12/26","SPANE.LEEHY5","ZLC","SPANE-PLAGE","1","SLC","34R","2","Deleted",""
"2024/12/26","SPANE.LEEHY5","ZLC","SPANE-PLAGE","1","SLC","35","2","Deleted",""
"2024/12/26","SPANE.LEEHY5","ZLC","SPANE-RROYY","1","SLC","16L","2","Deleted",""
"2024/12/26","SPANE.LEEHY5","ZLC","SPANE-RROYY","1","SLC","16R","2","Deleted",""
"2024/12/26","SPANE.LEEHY5","ZLC","SPANE-RROYY","1","SLC","17","2","Deleted",""
"2024/12/26","THRNE.THRNE3","ZLA","THRNE-JOFRY","1","SMO","ALL","2","Deleted",""
"2024/12/26","THRNE.THRNE3","ZLA","THRNE-NNEDD","1","BUR","ALL","2","Deleted",""
"2024/12/26","THRNE.THRNE3","ZLA","THRNE-NNEDD","1","VNY","ALL","2","Deleted",""
"2024/12/26","TRSTN.TRSTN3","ZDC","TRSTN-MOTIE","1","CJR","ALL","2","Deleted",""
"2024/12/26","TRSTN.TRSTN3","ZDC","TRSTN-MOTIE","1","HEF","ALL","2","Deleted",""
"2024/12/26","TRSTN.TRSTN3","ZDC","TRSTN-MOTIE","1","HWY","ALL","2","Deleted",""
"2024/12/26","TRSTN.TRSTN3","ZDC","TRSTN-RUANE","1","DMW","ALL","2","Deleted",""
"2024/12/26","TRSTN.TRSTN3","ZDC","TRSTN-RUANE","1","FDK","ALL","2","Deleted",""
"2024/12/26","TRSTN.TRSTN3","ZDC","TRSTN-RUANE","1","FRR","ALL","2","Deleted",""
"2024/12/26","TRSTN.TRSTN3","ZDC","TRSTN-RUANE","1","GAI","ALL","2","Deleted",""
"2024/12/26","TRSTN.TRSTN3","ZDC","TRSTN-RUANE","1","HGR","ALL","2","Deleted",""
"2024/12/26","TRSTN.TRSTN3","ZDC","TRSTN-RUANE","1","JYO","ALL","2","Deleted",""
"2024/12/26","TRSTN.TRSTN3","ZDC","TRSTN-RUANE","1","MRB","ALL","2","Deleted",""
"2024/12/26","TRSTN.TRSTN3","ZDC","TRSTN-RUANE","1","OKV","ALL","2","Deleted",""
"2024/12/26","TRSTN.TRSTN3","ZDC","TRSTN-RUANE","1","W50","ALL","2","Deleted",""
"2024/12/26","VCN.VCN9","ZNY","VCN-OOD","1","ILG","ALL","2","Deleted",""
"2024/12/26","VCN.VCN9","ZNY","VCN-OOD","1","MQS","ALL","2","Deleted",""
"2024/12/26","VCN.VCN9","ZNY","VCN-OOD","1","PHL","ALL","2","Deleted",""
"2024/12/26","VCN.VCN9","ZNY","VCN-OOD","1","PNE","ALL","2","Deleted",""
"2024/12/26","VCN.VCN9","ZNY","VCN-OOD","1","TTN","ALL","2","Deleted",""
"2024/12/26","WLEEE.BITER9","ZHU","WLEEE-BASTO","1","3R9","ALL","2","Deleted",""
"2024/12/26","WLEEE.BITER9","ZHU","WLEEE-BASTO","1","AUS","ALL","2","Deleted",""
"2024/12/26","WLEEE.BITER9","ZHU","WLEEE-BASTO","1","EDC","ALL","2","Deleted",""
"2024/12/26","WLEEE.BITER9","ZHU","WLEEE-BASTO","1","GTU","ALL","2","Deleted",""
"2024/12/26","WLEEE.BITER9","ZHU","WLEEE-BASTO","1","HYI","ALL","2","Deleted",""
"2024/12/26","WLEEE.BITER9","ZHU","WLEEE-BASTO","1","RYW","ALL","2","Deleted",""
"2024/12/26","WLEEE.BITER9","ZHU","WLEEE-BASTO","1","T74","ALL","2","Deleted",""
"2025/02/20","BEARR.SKEES6","ZLC","BEARR-EKKHO","1","SLC","16L","2","Added",""
"2025/02/20","BEARR.SKEES6","ZLC","BEARR-EKKHO","1","SLC","16R","2","Added",""
"2025/02/20","BEARR.SKEES6","ZLC","BEARR-EKKHO","1","SLC","17","2","Added",""
"2025/02/20","BEARR.SKEES6","ZLC","BEARR-SURYP","1","SLC","34L","2","Added",""
"2025/02/20","BEARR.SKEES6","ZLC","BEARR-SURYP","1","SLC","34R","2","Added",""
"2025/02/20","BEARR.SKEES6","ZLC","BEARR-SURYP","1","SLC","35","2","Added",""
"2025/02/20","BLFRG.BLFRG3","ZMA","BLFRG-CRUUZ","1","TPA","01L","2","Added",""
"2025/02/20","BLFRG.BLFRG3","ZMA","BLFRG-CRUUZ","1","TPA","01R","2","Added",""
"2025/02/20","BLFRG.BLFRG3","ZMA","BLFRG-CRUUZ","1","TPA","10","2","Added",""
"2025/02/20","BLFRG.BLFRG3","ZMA","BLFRG-LISAF","1","TPA","19L","2","Added",""
"2025/02/20","BLFRG.BLFRG3","ZMA","BLFRG-LISAF","1","TPA","19R","2","Added",""
"2025/02/20","BLFRG.BLFRG3","ZMA","BLFRG-LISAF","1","TPA","28","2","Added",""
"2025/02/20","BLFRG.BLFRG3","ZMA","BLFRG-OXISE","1","CLW","ALL","2","Added",""
"2025/02/20","BLFRG.BLFRG3","ZMA","BLFRG-OXISE","1","MCF","ALL","2","Added",""
"2025/02/20","BLFRG.BLFRG3","ZMA","BLFRG-OXISE","1","PIE","ALL","2","Added",""
"2025/02/20","BLFRG.BLFRG3","ZMA","BLFRG-OXISE","1","SPG","ALL","2","Added",""
"2025/02/20","CARTR.CARTR1","ZLC","CARTR-SURYP","1","SLC","34L","2","Added",""
"2025/02/20","CARTR.CARTR1","ZLC","CARTR-SURYP","1","SLC","34R","2","Added",""
"2025/02/20","CARTR.CARTR1","ZLC","CARTR-WEBER","1","SLC","16L","2","Added",""
"2025/02/20","CARTR.CARTR1","ZLC","CARTR-WEBER","1","SLC","16R","2","Added",""
"2025/02/20","IVINS.IVINS2","ZLA","IVINS-EHUNT","1","VNY","34L","2","Added",""
"2025/02/20","IVINS.IVINS2","ZLA","IVINS-HNTUN","1","VNY","16R","2","Added",""
"2025/02/20","JMONY.JMONY2","ZID","GDAYE-BATSS","1","SDF","29","2","Added",""
"2025/02/20","JMONY.JMONY2","ZID","GDAYE-CWAYN","1","SDF","17R","2","Added",""
"2025/02/20","JMONY.JMONY2","ZID","GDAYE-DEEPR","1","SDF","35L","2","Added",""
"2025/02/20","JMONY.JMONY2","ZID","GDAYE-DEEPR","1","SDF","35R","2","Added",""
"2025/02/20","JMONY.JMONY2","ZID","GDAYE-LEXXI","1","SDF","17L","2","Added",""
"2025/02/20","JMONY.JMONY2","ZID","GDAYE-MYDOG","1","JVY","ALL","2","Added",""
"2025/02/20","JMONY.JMONY2","ZID","GDAYE-MYDOG","1","LOU","ALL","2","Added",""
"2025/02/20","KLANI.KLANI4","ZHN","KLANI-HAURY","1","HNL","04L","2","Added",""
"2025/02/20","KLANI.KLANI4","ZHN","KLANI-HAURY","1","HNL","04R","2","Added",""
"2025/02/20","KLANI.KLANI4","ZHN","KLANI-NBODY","1","HNL","26L","2","Added",""
"2025/02/20","KLANI.KLANI4","ZHN","KLANI-NBODY","1","HNL","26R","2","Added",""
"2025/02/20","KLANI.KLANI4","ZHN","KLANI-SELIC","1","HNL","08L","2","Added",""
"2025/02/20","KLANI.KLANI4","ZHN","KLANI-SELIC","1","HNL","08R","2","Added",""
"2025/02/20","MINEE.MINEE6","ZJX","MINEE-ORL","1","COI","ALL","2","Added",""
"2025/02/20","MINEE.MINEE6","ZJX","MINEE-ORL","1","ISM","ALL","2","Added",""
"2025/02/20","MINEE.MINEE6","ZJX","MINEE-ORL","1","LEE","ALL","2","Added",""
"2025/02/20","MINEE.MINEE6","ZJX","MINEE-ORL","1","MCO","ALL","2","Added",""
"2025/02/20","MINEE.MINEE6","ZJX","MINEE-ORL","1","ORL","ALL","2","Added",""
"2025/02/20","MINEE.MINEE6","ZJX","MINEE-ORL","1","SFB","ALL","2","Added",""
"2025/02/20","MINEE.MINEE6","ZJX","MINEE-ORL","1","TIX","ALL","2","Added",""
"2025/02/20","PITTT.PITTT1","ZLC","PITTT-LAWVA","1","SLC","16L","2","Added",""
"2025/02/20","PITTT.PITTT1","ZLC","PITTT-LAWVA","1","SLC","16R","2","Added",""
"2025/02/20","PONTI.NASCR1","ZTL","PONTI-NASCR","1","JQF","ALL","2","Added",""
"2025/02/20","PONTI.NASCR1","ZTL","PONTI-NASCR","1","RUQ","ALL","2","Added",""
"2025/02/20","PONTI.NASCR1","ZTL","PONTI-NASCR","1","VUJ","ALL","2","Added",""
"2025/02/20","QWENN.QWENN6","ZLC","QWENN","1","SLC","ALL","2","Added",""
"2025/02/20","ROKKR.BONJO3","ZLA","ROKKR-BONJO","1","SMO","ALL","2","Added",""
"2025/02/20","ROKKR.ROKKR3","ZLA","ROKKR-EHUNT","1","BUR","33","2","Added",""
"2025/02/20","ROKKR.ROKKR3","ZLA","ROKKR-MAURK","1","BUR","15","2","Added",""
"2025/02/20","ROKKR.ROKKR3","ZLA","ROKKR-MIKEI","1","BUR","08","2","Added",""
"2025/02/20","SPANE.JAZZZ1","ZLC","SPANE-JAZZZ","1","SLC","ALL","2","Added",""
"2025/02/20","THRNE.THRNE4","ZLA","THRNE-NNEDD","1","BUR","ALL","2","Added",""
"2025/02/20","THRNE.THRNE4","ZLA","THRNE-NNEDD","1","VNY","ALL","2","Added",""
"2025/02/20","TRSTN.TRSTN4","ZDC","TRSTN-BRILA","1","GAI","ALL","2","Added",""
"2025/02/20","TRSTN.TRSTN4","ZDC","TRSTN-BRILA","1","W50","ALL","2","Added",""
"2025/02/20","TRSTN.TRSTN4","ZDC","TRSTN-CRAIN","1","FDK","ALL","2","Added",""
"2025/02/20","TRSTN.TRSTN4","ZDC","TRSTN-CRAIN","1","FRR","ALL","2","Added",""
"2025/02/20","TRSTN.TRSTN4","ZDC","TRSTN-CRAIN","1","HGR","ALL","2","Added",""
"2025/02/20","TRSTN.TRSTN4","ZDC","TRSTN-CRAIN","1","JYO","ALL","2","Added",""
"2025/02/20","TRSTN.TRSTN4","ZDC","TRSTN-CRAIN","1","MRB","ALL","2","Added",""
"2025/02/20","TRSTN.TRSTN4","ZDC","TRSTN-CRAIN","1","OKV","ALL","2","Added",""
"2025/02/20","TRSTN.TRSTN4","ZDC","TRSTN-HAMRR","1","2W2","ALL","2","Added",""
"2025/02/20","TRSTN.TRSTN4","ZDC","TRSTN-HAMRR","1","DMW","ALL","2","Added",""
"2025/02/20","TRSTN.TRSTN4","ZDC","TRSTN-MOTIE","1","CJR","ALL","2","Added",""
"2025/02/20","TRSTN.TRSTN4","ZDC","TRSTN-MOTIE","1","HEF","ALL","2","Added",""
"2025/02/20","TRSTN.TRSTN4","ZDC","TRSTN-MOTIE","1","HWY","ALL","2","Added",""
"2025/02/20","YUTES.YUTES1","ZLC","YUTES-LAWVA","1","SLC","16L","2","Added",""
"2025/02/20","YUTES.YUTES1","ZLC","YUTES-LAWVA","1","SLC","16R","2","Added",""
"2025/02/20","YUTES.YUTES1","ZLC","YUTES-LAWVA","1","SLC","17","2","Added",""
"2025/02/20","YUTES.YUTES1","ZLC","YUTES-SURYP","1","SLC","34L","2","Added",""
"2025/02/20","YUTES.YUTES1","ZLC","YUTES-SURYP","1","SLC","34R","2","Added",""
"2025/02/20","YUTES.YUTES1","ZLC","YUTES-SURYP","1","SLC","35","2","Added",""
