"EFF_DATE","ARRIVAL_NAME","AMENDMENT_NO","ARTCC","STAR_AMEND_EFF_DATE","RNAV_FLAG","STAR_COMPUTER_CODE","SERVED_ARPT","File","Action","Mods"
"2024/12/26","SKEES","FIVE","ZLC","2017/08/17","Y","BEARR.SKEES5","SLC","2","Deleted",""
"2024/12/26","BLFRG","TWO","ZMA","2022/05/19","Y","BLFRG.BLFRG2","MCF PIE TPA","2","Deleted",""
"2024/12/26","WAATS","FIVE","ZLC","2017/08/17","Y","BVL.WAATS5","SLC","2","Deleted",""
"2024/12/26","DOCCS","THREE","ZDC","2019/04/25","N","DOCCS.DOCCS3","IAD JYO","2","Deleted",""
"2024/12/26","DELTA","SIX","ZLC","2021/08/12","Y","DTA.DELTA6","SLC","2","Deleted",""
"2024/12/26","JMONY","ONE","ZID","2024/07/11","Y","GDAYE.JMONY1","JVY LOU SDF","2","Deleted",""
"2024/12/26","IVINS","ONE","ZLA","2018/02/01","Y","IVINS.IVINS1","VNY","2","Deleted",""
"2024/12/26","KLANI","THREE","ZHN","2020/01/30","Y","KLANI.KLANI3","HNL","2","Deleted",""
"2024/12/26","NORDK","SIX","ZLC","2018/11/08","Y","LHO.NORDK6","SLC","2","Deleted",""
"2024/12/26","MINEE","FIVE","ZJX","2011/01/13","N","MINEE.MINEE5","COI ISM LEE MCO ORL SFB TIX","2","Deleted",""
"2024/12/26","NASCR","FOUR","ZTL","2019/01/03","N","NASCR.NASCR4","JQF RUQ VUJ","2","Deleted",""
"2024/12/26","QWENN","FIVE","ZLC","2017/08/17","Y","QWENN.QWENN5","SLC","2","Deleted",""
"2024/12/26","BONJO","TWO","ZLA","2018/02/01","Y","ROKKR.BONJO2","SMO","2","Deleted",""
"2024/12/26","ROKKR","TWO","ZLA","2018/03/29","Y","ROKKR.ROKKR2","BUR","2","Deleted",""
"2024/12/26","LEEHY","FIVE","ZLC","2017/08/17","Y","SPANE.LEEHY5","SLC","2","Deleted",""
"2024/12/26","THRNE","THREE","ZLA","2018/03/29","Y","THRNE.THRNE3","BUR SMO VNY","2","Deleted",""
"2024/12/26","TRSTN","THREE","ZDC","2016/02/04","Y","TRSTN.TRSTN3","CJR DMW FDK FRR GAI HEF HGR HWY JYO MRB OKV W50","2","Deleted",""
"2024/12/26","CEDAR LAKE","NINE","ZNY","2017/12/07","N","VCN.VCN9","ILG MQS PHL PNE TTN","2","Deleted",""
"2024/12/26","BITER","NINE","ZHU","2019/04/25","N","WLEEE.BITER9","3R9 AUS EDC GTU HYI RYW T74","2","Deleted",""
"2025/02/20","SKEES","SIX","ZLC","2025/02/20","Y","BEARR.SKEES6","SLC","2","Added",""
"2025/02/20","BLFRG","THREE","ZMA","2025/02/20","Y","BLFRG.BLFRG3","CLW MCF PIE SPG TPA","2","Added",""
"2025/02/20","CARTR","ONE","ZLC","2025/02/20","Y","CARTR.CARTR1","SLC","2","Added",""
"2025/02/20","IVINS","TWO","ZLA","2025/02/20","Y","IVINS.IVINS2","VNY","2","Added",""
"2025/02/20","JMONY","TWO","ZID","2025/02/20","Y","JMONY.JMONY2","JVY LOU SDF","2","Added",""
"2025/02/20","KLANI","FOUR","ZHN","2025/02/20","Y","KLANI.KLANI4","HNL","2","Added",""
"2025/02/20","MINEE","SIX","ZJX","2025/02/20","N","MINEE.MINEE6","COI ISM LEE MCO ORL SFB TIX","2","Added",""
"2025/02/20","PITTT","ONE","ZLC","2025/02/20","Y","PITTT.PITTT1","SLC","2","Added",""
"2025/02/20","NASCR","ONE","ZTL","2025/02/20","Y","PONTI.NASCR1","JQF RUQ VUJ","2","Added",""
"2025/02/20","QWENN","SIX","ZLC","2025/02/20","Y","QWENN.QWENN6","SLC","2","Added",""
"2025/02/20","BONJO","THREE","ZLA","2025/02/20","Y","ROKKR.BONJO3","SMO","2","Added",""
"2025/02/20","ROKKR","THREE","ZLA","2025/02/20","Y","ROKKR.ROKKR3","BUR","2","Added",""
"2025/02/20","JAZZZ","ONE","ZLC","2025/02/20","Y","SPANE.JAZZZ1","SLC","2","Added",""
"2025/02/20","THRNE","FOUR","ZLA","2025/02/20","Y","THRNE.THRNE4","BUR VNY","2","Added",""
"2025/02/20","TRSTN","FOUR","ZDC","2025/02/20","Y","TRSTN.TRSTN4","2W2 CJR DMW FDK FRR GAI HEF HGR HWY JYO MRB OKV W50","2","Added",""
"2025/02/20","YUTES","ONE","ZLC","2025/02/20","Y","YUTES.YUTES1","SLC","2","Added",""
