"EFF_DATE","WEA_ID","CITY","STATE_CODE","COUNTRY_CODE","LAT_DEG","LAT_MIN","LAT_SEC","LAT_HEMIS","LAT_DECIMAL","LONG_DEG","LONG_MIN","LONG_SEC","LONG_HEMIS","LONG_DECIMAL","ELEV","SURVEY_METHOD_CODE","File","Action","Mods"
"2024/12/26","1A5","FRANKLIN","NC","US","35","13","20.3239","N","35.22231219","83","25","11.9878","W","-83.41999661","2034","E","1","Modified","LAT_SEC LAT_DECIMAL LONG_MIN LONG_SEC LONG_DECIMAL ELEV SURVEY_METHOD_CODE"
"2025/02/20","1A5","FRANKLIN","NC","US","35","13","21.89","N","35.22274722","83","24","53.84","W","-83.41495555","2004","S","2","Modified","LAT_SEC LAT_DECIMAL LONG_MIN LONG_SEC LONG_DECIMAL ELEV SURVEY_METHOD_CODE"
"2024/12/26","3D2","EPHRAIM","WI","US","45","8","8.5469","N","45.13570747","87","11","17.2611","W","-87.18812808","763","E","1","Modified","LAT_SEC LAT_DECIMAL LONG_SEC LONG_DECIMAL ELEV"
"2025/02/20","3D2","EPHRAIM","WI","US","45","8","5.3147","N","45.13480963","87","11","17.0826","W","-87.1880785","771","E","2","Modified","LAT_SEC LAT_DECIMAL LONG_SEC LONG_DECIMAL ELEV"
"2024/12/26","ABY","ALBANY","GA","US","31","32","7.9","N","31.53552777","84","11","40.1","W","-84.19447222","196","S","1","Modified","LAT_SEC LAT_DECIMAL LONG_SEC LONG_DECIMAL ELEV"
"2025/02/20","ABY","ALBANY","GA","US","31","32","10.9875","N","31.53638541","84","11","44.8695","W","-84.19579708","192","S","2","Modified","LAT_SEC LAT_DECIMAL LONG_SEC LONG_DECIMAL ELEV"
"2024/12/26","BNL","BARNWELL","SC","US","33","15","28.806","N","33.25800166","81","23","16.5582","W","-81.38793283","246","S","1","Modified","LAT_SEC LAT_DECIMAL LONG_SEC LONG_DECIMAL"
"2025/02/20","BNL","BARNWELL","SC","US","33","15","36.2","N","33.26005555","81","23","13.2","W","-81.387","246","S","2","Modified","LAT_SEC LAT_DECIMAL LONG_SEC LONG_DECIMAL"
"2024/12/26","BQN","AGUADILLA","PR","US","18","29","26.08","N","18.49057777","67","8","16.59","W","-67.13794166","234","S","1","Modified","LAT_SEC LAT_DECIMAL LONG_SEC LONG_DECIMAL ELEV"
"2025/02/20","BQN","AGUADILLA","PR","US","18","29","26.1373","N","18.49059369","67","8","16.5907","W","-67.13794186","226","S","2","Modified","LAT_SEC LAT_DECIMAL LONG_SEC LONG_DECIMAL ELEV"
"2024/12/26","BYY","BAY CITY","TX","US","28","58","23.7","N","28.97325","95","51","48.4","W","-95.86344444","45","S","1","Modified","LAT_SEC LAT_DECIMAL LONG_SEC LONG_DECIMAL"
"2025/02/20","BYY","BAY CITY","TX","US","28","58","18.3","N","28.97175","95","51","30.1","W","-95.85836111","45","S","2","Modified","LAT_SEC LAT_DECIMAL LONG_SEC LONG_DECIMAL"
"2024/12/26","CRP","CORPUS CHRISTI","TX","US","27","46","24.1739","N","27.77338163","97","30","46.855","W","-97.51301527","69","E","1","Modified","SURVEY_METHOD_CODE"
"2025/02/20","CRP","CORPUS CHRISTI","TX","US","27","46","24.1739","N","27.77338163","97","30","46.855","W","-97.51301527","69","S","2","Modified","SURVEY_METHOD_CODE"
"2024/12/26","CTJ","CARROLLTON","GA","US","33","37","54.1072","N","33.63169644","85","9","8.1509","W","-85.15226413","1165","E","1","Modified","LAT_SEC LAT_DECIMAL LONG_SEC LONG_DECIMAL ELEV SURVEY_METHOD_CODE"
"2025/02/20","CTJ","CARROLLTON","GA","US","33","37","52.4563","N","33.63123786","85","9","13.8439","W","-85.15384552","1133","S","2","Modified","LAT_SEC LAT_DECIMAL LONG_SEC LONG_DECIMAL ELEV SURVEY_METHOD_CODE"
"2024/12/26","CWV","CLAXTON","GA","US","32","11","36.06","N","32.19335","81","52","23.47","W","-81.87318611","119","S","1","Modified","SURVEY_METHOD_CODE"
"2025/02/20","CWV","CLAXTON","GA","US","32","11","36.06","N","32.19335","81","52","23.47","W","-81.87318611","119","E","2","Modified","SURVEY_METHOD_CODE"
"2024/12/26","D50","CROSBY","ND","US","48","55","41.8774","N","48.92829927","103","17","51.2913","W","-103.29758091","1950","E","1","Modified","LAT_SEC LAT_DECIMAL LONG_SEC LONG_DECIMAL ELEV"
"2025/02/20","D50","CROSBY","ND","US","48","55","46.1517","N","48.92948658","103","17","44.9744","W","-103.29582622","1941","E","2","Modified","LAT_SEC LAT_DECIMAL LONG_SEC LONG_DECIMAL ELEV"
"2024/12/26","EOP","WAVERLY","OH","US","39","9","45","N","39.1625","82","56","7.7","W","-82.93547222","656","E","2","Deleted",""
"2024/12/26","FRM","FAIRMONT","MN","US","43","38","38.2","N","43.64394444","94","24","56.2","W","-94.41561111","1162","S","1","Modified","LAT_SEC LAT_DECIMAL LONG_MIN LONG_SEC LONG_DECIMAL ELEV"
"2025/02/20","FRM","FAIRMONT","MN","US","43","38","43.7328","N","43.64548133","94","25","0.5335","W","-94.41681486","1154","S","2","Modified","LAT_SEC LAT_DECIMAL LONG_MIN LONG_SEC LONG_DECIMAL ELEV"
"2024/12/26","FZG","FITZGERALD","GA","US","31","41","2.0566","N","31.68390461","83","16","15.2531","W","-83.27090363","365","E","1","Modified","LAT_SEC LAT_DECIMAL LONG_SEC LONG_DECIMAL ELEV SURVEY_METHOD_CODE"
"2025/02/20","FZG","FITZGERALD","GA","US","31","41","2.4606","N","31.68401683","83","16","16.2278","W","-83.27117438","345","S","2","Modified","LAT_SEC LAT_DECIMAL LONG_SEC LONG_DECIMAL ELEV SURVEY_METHOD_CODE"
"2024/12/26","GOO","GRASS VALLEY","CA","US","39","13","22.5951","N","39.22294308","121","0","14.2947","W","-121.00397075","3108","S","1","Modified","LAT_SEC LAT_DECIMAL LONG_SEC LONG_DECIMAL ELEV"
"2025/02/20","GOO","GRASS VALLEY","CA","US","39","13","22.6441","N","39.22295669","121","0","14.3","W","-121.00397222","3107","S","2","Modified","LAT_SEC LAT_DECIMAL LONG_SEC LONG_DECIMAL ELEV"
"2024/12/26","GVE","GORDONSVILLE","VA","US","38","9","24.77","N","38.15688055","78","9","56.17","W","-78.16560277","45","S","1","Modified","LAT_SEC LAT_DECIMAL LONG_SEC LONG_DECIMAL ELEV"
"2025/02/20","GVE","GORDONSVILLE","VA","US","38","9","21.543","N","38.15598416","78","9","56.807","W","-78.16577972","452","S","2","Modified","LAT_SEC LAT_DECIMAL LONG_SEC LONG_DECIMAL ELEV"
"2024/12/26","HSP","HOT SPRINGS","VA","US","37","57","5.2","N","37.95144444","79","50","2.02","W","-79.83389444","3793","S","1","Modified","LAT_SEC LAT_DECIMAL LONG_MIN LONG_SEC LONG_DECIMAL ELEV"
"2025/02/20","HSP","HOT SPRINGS","VA","US","37","57","11.0239","N","37.95306219","79","49","42.5489","W","-79.8284858","3762","S","2","Modified","LAT_SEC LAT_DECIMAL LONG_MIN LONG_SEC LONG_DECIMAL ELEV"
"2024/12/26","JCA","JEFFERSON","GA","US","34","10","25.9989","N","34.17388858","83","33","29.8984","W","-83.55830511","951","S","1","Modified","SURVEY_METHOD_CODE"
"2025/02/20","JCA","JEFFERSON","GA","US","34","10","25.9989","N","34.17388858","83","33","29.8984","W","-83.55830511","951","E","2","Modified","SURVEY_METHOD_CODE"
"2024/12/26","MFI","MARSHFIELD","WI","US","44","38","12.767","N","44.63687972","90","11","21.576","W","-90.18932666","1278","S","1","Modified","LAT_SEC LAT_DECIMAL LONG_SEC LONG_DECIMAL ELEV"
"2025/02/20","MFI","MARSHFIELD","WI","US","44","38","16.5104","N","44.63791955","90","11","15.0913","W","-90.18752536","1255","S","2","Modified","LAT_SEC LAT_DECIMAL LONG_SEC LONG_DECIMAL ELEV"
"2024/12/26","PDX","PORTLAND","OR","US","45","35","19.4","N","45.58872222","122","35","51","W","-122.5975","30","E","1","Modified","LAT_SEC LAT_DECIMAL LONG_SEC LONG_DECIMAL ELEV"
"2025/02/20","PDX","PORTLAND","OR","US","45","35","19.3519","N","45.58870886","122","35","48.7299","W","-122.59686941","31","E","2","Modified","LAT_SEC LAT_DECIMAL LONG_SEC LONG_DECIMAL ELEV"
"2024/12/26","PRZ","PORTALES","NM","US","34","8","43.7","N","34.14547222","103","24","37.2","W","-103.41033333","4078","S","2","Deleted",""
"2024/12/26","SAV","SAVANNAH","GA","US","32","7","39.3","N","32.12758333","81","12","7.7","W","-81.20213888","50","S","1","Modified","SURVEY_METHOD_CODE"
"2025/02/20","SAV","SAVANNAH","GA","US","32","7","39.3","N","32.12758333","81","12","7.7","W","-81.20213888","50","E","2","Modified","SURVEY_METHOD_CODE"
"2024/12/26","U16","EAGLE RANGE","UT","US","41","2","59.8","N","41.04994444","113","4","2.9","W","-113.06747222","4239","E","1","Modified","LAT_MIN LAT_SEC LAT_DECIMAL LONG_MIN LONG_SEC LONG_DECIMAL"
"2025/02/20","U16","EAGLE RANGE","UT","US","41","3","39.6","N","41.061","113","5","2.4","W","-113.084","4239","E","2","Modified","LAT_MIN LAT_SEC LAT_DECIMAL LONG_MIN LONG_SEC LONG_DECIMAL"
"2024/12/26","UES","WAUKESHA","WI","US","43","2","27.7","N","43.04102777","88","14","13.4","W","-88.23705555","912","E","1","Modified","LAT_SEC LAT_DECIMAL LONG_SEC LONG_DECIMAL SURVEY_METHOD_CODE"
"2025/02/20","UES","WAUKESHA","WI","US","43","2","28.128","N","43.04114666","88","14","15.305","W","-88.23758472","912","S","2","Modified","LAT_SEC LAT_DECIMAL LONG_SEC LONG_DECIMAL SURVEY_METHOD_CODE"
"2024/12/26","VTN","VALENTINE","NE","US","42","51","28.161","N","42.8578225","100","32","51.128","W","-100.54753555","2589","E","1","Modified","LAT_SEC LAT_DECIMAL LONG_MIN LONG_SEC LONG_DECIMAL ELEV"
"2025/02/20","VTN","VALENTINE","NE","US","42","51","30.8571","N","42.85857141","100","33","5.0214","W","-100.55139483","2590","E","2","Modified","LAT_SEC LAT_DECIMAL LONG_MIN LONG_SEC LONG_DECIMAL ELEV"
"2025/02/20","4I9","MOUNT GILEAD","OH","US","40","31","28.283","N","40.52452305","82","51","0.22","W","-82.85006111","1086","E","2","Added",""
"2025/02/20","6K4","FAIRVIEW","OK","US","36","17","22.83","N","36.289675","98","28","26.84","W","-98.47412222","1264","S","2","Added",""
"2025/02/20","TRR","WALKER RIDGE BLK 551","LA","US","27","4","45.6","N","27.07933333","92","13","50","W","-92.23055555","183","E","2","Added",""
"2025/02/20","U19","GRANITE PEAK","UT","US","40","9","37.4","N","40.16038888","113","21","2.2","W","-113.35061111","4279","E","2","Added",""
