"EFF_DATE","WEA_ID","CITY","STATE_CODE","COUNTRY_CODE","WEA_SVC_TYPE_CODE","WEA_AFFECT_AREA","File","Action","Mods"
"2024/12/26","EOP","WAVERLY","OH","US","METAR","","2","Deleted",""
"2024/12/26","EOP","WAVERLY","OH","US","NOTAM","","2","Deleted",""
"2024/12/26","EOP","WAVERLY","OH","US","SPECI","","2","Deleted",""
"2024/12/26","PRZ","PORTALES","NM","US","METAR","","2","Deleted",""
"2024/12/26","PRZ","PORTALES","NM","US","NOTAM","","2","Deleted",""
"2024/12/26","PRZ","PORTALES","NM","US","SPECI","","2","Deleted",""
"2024/12/26","PRZ","PORTALES","NM","US","UA","","2","Deleted",""
"2024/12/26","U16","EAGLE RANGE","UT","US","NOTAM","","2","Deleted",""
"2024/12/26","U16","EAGLE RANGE","UT","US","SA","","2","Deleted",""
"2024/12/26","U16","EAGLE RANGE","UT","US","UA","","2","Deleted",""
"2025/02/20","4I9","MOUNT GILEAD","OH","US","METAR","","2","Added",""
"2025/02/20","4I9","MOUNT GILEAD","OH","US","SPECI","","2","Added",""
"2025/02/20","4I9","MOUNT GILEAD","OH","US","TAF","","2","Added",""
"2025/02/20","6K4","FAIRVIEW","OK","US","METAR","","2","Added",""
"2025/02/20","6K4","FAIRVIEW","OK","US","NOTAM","","2","Added",""
"2025/02/20","6K4","FAIRVIEW","OK","US","SA","","2","Added",""
"2025/02/20","6K4","FAIRVIEW","OK","US","UA","","2","Added",""
"2025/02/20","BNL","BARNWELL","SC","US","SA","","2","Added",""
"2025/02/20","BNL","BARNWELL","SC","US","SPECI","","2","Added",""
"2025/02/20","FZG","FITZGERALD","GA","US","METAR","","2","Added",""
"2025/02/20","FZG","FITZGERALD","GA","US","SPECI","","2","Added",""
"2025/02/20","GVE","GORDONSVILLE","VA","US","SPECI","","2","Added",""
"2025/02/20","ORE","ORANGE","MA","US","METAR","","2","Added",""
"2025/02/20","PIT","PITTSBURGH","PA","US","METAR","","2","Added",""
"2025/02/20","PIT","PITTSBURGH","PA","US","SPECI","","2","Added",""
"2025/02/20","TRR","WALKER RIDGE BLK 551","LA","US","METAR","","2","Added",""
"2025/02/20","U16","EAGLE RANGE","UT","US","METAR","","2","Added",""
"2025/02/20","U16","EAGLE RANGE","UT","US","SPECI","","2","Added",""
"2025/02/20","U16","EAGLE RANGE","UT","US","TAF","","2","Added",""
"2025/02/20","U19","GRANITE PEAK","UT","US","METAR","","2","Added",""
"2025/02/20","U19","GRANITE PEAK","UT","US","SPECI","","2","Added",""
"2025/02/20","U19","GRANITE PEAK","UT","US","TAF","","2","Added",""
